appeal_code,appeal_id,event_id,document_id,document_type,document_name,description,created_at,pdf_url,iso,event_name,event_start_date,filename,operation_year,is_final_report,in_dref_dataset,report_category
MDRCG025,4085,7581.0,26685,DREF Operation,Republic of Congo - Cholera (MDRCG025),MDRCG025do,2025-08-11T00:00:00Z,https://go-api.ifrc.org/api/DownloadFile/92132/MDRCG025do,CG,COG: Epidemic - 07-2025 - CHOLERA EPIDEMIC ,2025-08-04 00:00:00+00:00,MDRCG025_26685.pdf,2025.0,False,False,Other
MDRNP019,4082,7579.0,26687,DREF Operation,Nepal - Drought (MDRNP019),MDRNP019do,2025-08-06T00:00:00Z,https://go-api.ifrc.org/api/DownloadFile/92104/MDRNP019do,NP,"Nepal: Drought, 2025",2025-07-30 00:00:00+00:00,MDRNP019_26687.pdf,2025.0,False,True,Other
MDRNP019,4082,7579.0,26688,DREF Operation Update,Nepal - Drought (MDRNP019),MDRNP019OU1,2025-09-16T00:00:00Z,https://go-api.ifrc.org/api/DownloadFile/92385/MDRNP019OU1,NP,"Nepal: Drought, 2025",2025-07-30 00:00:00+00:00,MDRNP019_26688.pdf,2025.0,False,True,Other
MDRGT026,4080,7563.0,26690,DREF Operation Update,Guatemala - Earthquake (MDRGT026),MDRGT026ou1,2025-11-20T00:00:00Z,https://go-api.ifrc.org/api/DownloadFile/93753/MDRGT026ou1,GT,GTM: Earthquake - 07-2025 - Seismic Swarm in Guatemala ,2025-07-20 00:00:00+00:00,MDRGT026_26690.pdf,2025.0,False,False,Other
MDRGT026,4080,7563.0,26691,DREF Operation,Guatemala - Earthquake (MDRGT026),MDRGT026do,2025-07-25T00:00:00Z,https://go-api.ifrc.org/api/DownloadFile/91806/MDRGT026do,GT,GTM: Earthquake - 07-2025 - Seismic Swarm in Guatemala ,2025-07-20 00:00:00+00:00,MDRGT026_26691.pdf,2025.0,False,False,Other
MDRBD038,4079,7598.0,26692,DREF/EAP Summary,Bangladesh - Cold Wave EAP (MDRBD038),EAP2024BD07_MDRBD038,2025-07-17T00:00:00Z,https://go-api.ifrc.org/api/DownloadFile/91752/EAP2024BD07_MDRBD038,BD,"Bangladesh: Cold Wave EAP, 2025",2025-07-16 00:00:00+00:00,MDRBD038_26692.pdf,2025.0,False,False,Other
MDRNG043,4078,7499.0,26693,DREF Operation,Nigeria - Population Movement (MDRNG043),MDRNG043do,2025-07-23T00:00:00Z,https://go-api.ifrc.org/api/DownloadFile/91792/MDRNG043do,NG,NGA: Population Movement,2025-07-14 00:00:00+00:00,MDRNG043_26693.pdf,2025.0,False,False,Other
MDRNG043,4078,7499.0,26694,DREF Operation Update,Nigeria - Population Movement (MDRNG043),MDRNG043ou2,2025-12-23T00:00:00Z,https://go-api.ifrc.org/api/DownloadFile/94060/MDRNG043ou2,NG,NGA: Population Movement,2025-07-14 00:00:00+00:00,MDRNG043_26694.pdf,2025.0,False,False,Other
MDRNG043,4078,7499.0,26695,DREF Operation Update,Nigeria - Population Movement (MDRNG043),MDRNG043ou1,2025-11-17T00:00:00Z,https://go-api.ifrc.org/api/DownloadFile/93702/MDRNG043ou1,NG,NGA: Population Movement,2025-07-14 00:00:00+00:00,MDRNG043_26695.pdf,2025.0,False,False,Other
MDRCO032,4077,7555.0,26696,DREF Operation,Colombia - Floods (MDRCO032),MDRCO032do,2025-07-15T00:00:00Z,https://go-api.ifrc.org/api/DownloadFile/91744/MDRCO032do,CO,COL: Flood - 07-2025 - Rainy Season 2025 ,2025-07-09 00:00:00+00:00,MDRCO032_26696.pdf,2025.0,False,False,Other
MDRCO032,4077,7555.0,26697,DREF Operation Update,Colombia - Floods (MDRCO032),MDRCO032ou1,2025-11-19T00:00:00Z,https://go-api.ifrc.org/api/DownloadFile/93721/MDRCO032ou1,CO,COL: Flood - 07-2025 - Rainy Season 2025 ,2025-07-09 00:00:00+00:00,MDRCO032_26697.pdf,2025.0,False,False,Other
MDRSY015,4076,7554.0,26698,DREF Operation Update,Syria - Wildfires (MDRSY015),MDRSY015OU1,2025-08-18T00:00:00Z,https://go-api.ifrc.org/api/DownloadFile/92160/MDRSY015OU1,SY,SYR: Fire - 07-2025 - Fire,2025-07-08 00:00:00+00:00,MDRSY015_26698.pdf,2025.0,False,False,Other
MDRSY015,4076,7554.0,26699,DREF Operation Update,Syria - Wildfires (MDRSY015),MDRSY015OU2,2026-01-08T00:00:00Z,https://go-api.ifrc.org/api/DownloadFile/94134/MDRSY015OU2,SY,SYR: Fire - 07-2025 - Fire,2025-07-08 00:00:00+00:00,MDRSY015_26699.pdf,2025.0,False,False,Other
MDRSY015,4076,7554.0,26700,DREF Operation,Syria - Wildfires (MDRSY015),MDRSY015do,2025-07-11T00:00:00Z,https://go-api.ifrc.org/api/DownloadFile/91718/MDRSY015do,SY,SYR: Fire - 07-2025 - Fire,2025-07-08 00:00:00+00:00,MDRSY015_26700.pdf,2025.0,False,False,Other
MDRHN026,4075,7551.0,26701,DREF Operation,Honduras -Floods (MDRHN026),MDRHN026do,2025-07-10T00:00:00Z,https://go-api.ifrc.org/api/DownloadFile/91710/MDRHN026do,HN,HND: Flooding - 06-2025 - Ocotepeque HN ,2025-07-07 00:00:00+00:00,MDRHN026_26701.pdf,2025.0,False,False,Other
MDRHN026,4075,7551.0,26702,DREF Operation Update,Honduras -Floods (MDRHN026),MDRHN026 OU1,2025-10-16T00:00:00Z,https://go-api.ifrc.org/api/DownloadFile/93485/MDRHN026-OU1,HN,HND: Flooding - 06-2025 - Ocotepeque HN ,2025-07-07 00:00:00+00:00,MDRHN026_26702.pdf,2025.0,False,False,Other
MDRVE012,4074,7540.0,26703,DREF Operation,Venezuela - Flood (MDRVE012),MDRVE012do,2025-07-09T00:00:00Z,https://go-api.ifrc.org/api/DownloadFile/91694/MDRVE012do,VE,VEN: Pluvial flood / flood - 06-2025 - Floods June 2025,2025-07-01 00:00:00+00:00,MDRVE012_26703.pdf,2025.0,False,False,Other
MDRVE012,4074,7540.0,26704,DREF Operation Update,Venezuela - Flood (MDRVE012),MDRVE012-OU1,2025-10-14T00:00:00Z,https://go-api.ifrc.org/api/DownloadFile/93451/MDRVE012-OU1,VE,VEN: Pluvial flood / flood - 06-2025 - Floods June 2025,2025-07-01 00:00:00+00:00,MDRVE012_26704.pdf,2025.0,False,False,Other
MDRSO023,4073,7505.0,26705,DREF/EAP Summary,Somalia - Cholera sEAP (MDRSO023),MDRSO023 EAP Summary,2025-07-01T00:00:00Z,https://go-api.ifrc.org/api/DownloadFile/91573/MDRSO023-EAP-Summary,SO,SOM: Epidemic - 03-2025 - Leishmaniasis Outbreak,2025-03-15 00:00:00+00:00,MDRSO023_26705.pdf,2025.0,False,False,Other
MDRPA021,4071,7526.0,26707,DREF Operation,Panama - Biological River Pollution (MDRPA021),MDRPA021do,2025-06-25T00:00:00Z,https://go-api.ifrc.org/api/DownloadFile/91513/MDRPA021do,PA,PAN: Biological Emergency - 06-2025 - Drinking Water Crisis in the Provinces of Herrera and Los Santos ,2025-06-24 00:00:00+00:00,MDRPA021_26707.pdf,2025.0,False,False,Other
MDRPA021,4071,7526.0,26708,DREF Operation Update,Panama - Biological River Pollution (MDRPA021),MDRPA021-OU1,2025-09-17T00:00:00Z,https://go-api.ifrc.org/api/DownloadFile/92397/MDRPA021-OU1,PA,PAN: Biological Emergency - 06-2025 - Drinking Water Crisis in the Provinces of Herrera and Los Santos ,2025-06-24 00:00:00+00:00,MDRPA021_26708.pdf,2025.0,False,False,Other
MDRAM015,4069,7529.0,26709,DREF Operation Final Report,Armenia - Gas Explosion (MDRAM015),MDRAM015dfr,2026-02-09T00:00:00Z,https://go-api.ifrc.org/api/DownloadFile/91494/MDRAM015dfr,AM,"ARM: Other - 06-2025 - GAs explosion in Chambarak, Armenia ",2025-06-23 00:00:00+00:00,MDRAM015_26709.pdf,2025.0,True,True,DREF (JSON)
MDRAM015,4069,7529.0,26710,DREF Operation,Armenia - Gas Explosion (MDRAM015),MDRAM015_DREF Application_Gas explosion_Armenia,2025-06-25T00:00:00Z,https://go-api.ifrc.org/api/DownloadFile/91493/MDRAM015_DREF-Application_Gas-explosion_Armenia,AM,"ARM: Other - 06-2025 - GAs explosion in Chambarak, Armenia ",2025-06-23 00:00:00+00:00,MDRAM015_26710.pdf,2025.0,False,True,Other
MDRIR015,4068,7537.0,26712,DREF Operation,Iran - Complex Emergency (MDRIR015),MDRIR015do,2025-06-22T00:00:00Z,https://go-api.ifrc.org/api/DownloadFile/91442/MDRIR015do,IR,IRN: Complex Emergency - 06-2025 - Iran I.R.,2025-06-20 00:00:00+00:00,MDRIR015_26712.pdf,2025.0,False,False,Other
MDRGW006,4067,7533.0,26713,DREF Operation,Guinea Bissau - Windstorm (MDRGW006),MDRGW006,2025-06-23T00:00:00Z,https://go-api.ifrc.org/api/DownloadFile/91458/MDRGW006,GW,GNB: Other - 06-2025 - Gabu Windstorm 2025 ,2025-06-20 00:00:00+00:00,MDRGW006_26713.pdf,2025.0,False,True,Other
MDRBJ022,4066,7523.0,26714,DREF Operation,Benin - Population Movement (MDRBJ022),MDRBJ022do,2025-06-26T00:00:00Z,https://go-api.ifrc.org/api/DownloadFile/91542/MDRBJ022do,BJ,BEN: Population Movement - 06-2025 - Mouvement de population à Tanougou (Tanguiéta) ,2025-06-19 00:00:00+00:00,MDRBJ022_26714.pdf,2025.0,False,False,Other
MDRCI018,4065,7519.0,26715,DREF Operation Update,Côte d'Ivore - Cholera (MDRCI018),MDRCI018du1,2025-08-09T00:00:00Z,https://go-api.ifrc.org/api/DownloadFile/92125/MDRCI018du1,CI,CIV: Epidemic - 05-2025 - Diarrhoeal (aqueous) choleriform diseases,2025-06-16 00:00:00+00:00,MDRCI018_26715.pdf,2025.0,False,False,Other
MDRCI018,4065,7519.0,26716,DREF Operation,Côte d'Ivore - Cholera (MDRCI018),MDRCI018do,2025-06-17T00:00:00Z,https://go-api.ifrc.org/api/DownloadFile/91392/MDRCI018do,CI,CIV: Epidemic - 05-2025 - Diarrhoeal (aqueous) choleriform diseases,2025-06-16 00:00:00+00:00,MDRCI018_26716.pdf,2025.0,False,False,Other
MDRDJ007,4063,7497.0,26719,DREF Operation,Djibouti - Population Movement (MDRDJ007),MDRDJ007do,2025-06-05T00:00:00Z,https://go-api.ifrc.org/api/DownloadFile/91359/MDRDJ007do,DJ,DJI: Population Movement - 10-2025 - Return of individuals in an irregular situation ,2025-06-04 00:00:00+00:00,MDRDJ007_26719.pdf,2025.0,False,False,Other
MDRDJ007,4063,7497.0,26720,DREF Operation Update,Djibouti - Population Movement (MDRDJ007),MDRDJ007du1,2025-09-29T00:00:00Z,https://go-api.ifrc.org/api/DownloadFile/92493/MDRDJ007du1,DJ,DJI: Population Movement - 10-2025 - Return of individuals in an irregular situation ,2025-06-04 00:00:00+00:00,MDRDJ007_26720.pdf,2025.0,False,False,Other
MDRLK022,4062,7600.0,26721,DREF/EAP Summary,Sri Lanka - Dengue sEAP (MDRLK022),sEAP2024LK01_MDRLK022,2025-06-04T00:00:00Z,https://go-api.ifrc.org/api/DownloadFile/91330/sEAP2024LK01_MDRLK022,LK,"Sri Lanka: Dengue sEAP, 2025",2025-06-03 00:00:00+00:00,MDRLK022_26721.pdf,2025.0,False,False,Other
MDRLK022,4062,7600.0,26722,DREF/EAP Update,Sri Lanka - Dengue sEAP (MDRLK022),MDRLK022eapar2025,2026-02-26T00:00:00Z,https://go-api.ifrc.org/api/DownloadFile/91333/MDRLK022eapar2025,LK,"Sri Lanka: Dengue sEAP, 2025",2025-06-03 00:00:00+00:00,MDRLK022_26722.pdf,2025.0,False,False,Other
MDRDZ013,4061,7500.0,26723,DREF Operation,Algeria - Flood (MDRDZ013),MDRDZ013do,2025-05-29T00:00:00Z,https://go-api.ifrc.org/api/DownloadFile/91284/MDRDZ013do,DZ,DZA: Flood - 05-2025 - Algeria ,2025-05-27 00:00:00+00:00,MDRDZ013_26723.pdf,2025.0,False,False,Other
MDRKE066,4059,7483.0,26724,DREF Operation,Kenya - Flood and Cholera (MDRKE066),MDRKE066do,2025-05-27T00:00:00Z,https://go-api.ifrc.org/api/DownloadFile/91262/MDRKE066do,KE,KEN: Flood - 03-2025 - Kenya floods ,2025-05-26 00:00:00+00:00,MDRKE066_26724.pdf,2025.0,False,False,Other
MDRAR024,4060,7503.0,26725,DREF Operation,Argentina - Flash Flood (MDRAR024),MDRAR024do,2025-05-27T00:00:00Z,https://go-api.ifrc.org/api/DownloadFile/91271/MDRAR024do,AR,ARG: Flood - 05-2025 - Severe flooding in the Metropolitan Area of Buenos Aires (AMBA),2025-05-26 00:00:00+00:00,MDRAR024_26725.pdf,2025.0,False,False,Other
MDRFJ008,4057,7597.0,26726,DREF/EAP Summary,Fiji - Tropical Cyclone  sEAP (MDRFJ008),sEAP2024FJ01_MDRFJ008,2025-05-27T00:00:00Z,https://go-api.ifrc.org/api/DownloadFile/91265/sEAP2024FJ01_MDRFJ008,FJ,"Fiji: Tropical Cyclone sEAP, 2025",2025-05-22 00:00:00+00:00,MDRFJ008_26726.pdf,2025.0,False,False,Other
MDRFJ008,4057,7597.0,26727,DREF/EAP Update,Fiji - Tropical Cyclone  sEAP (MDRFJ008),MDRFJ008ou1,2025-12-17T00:00:00Z,https://go-api.ifrc.org/api/DownloadFile/94017/MDRFJ008ou1,FJ,"Fiji: Tropical Cyclone sEAP, 2025",2025-05-22 00:00:00+00:00,MDRFJ008_26727.pdf,2025.0,False,False,Other
MDRFJ008,4057,7597.0,26728,DREF/EAP Summary,Fiji - Tropical Cyclone  sEAP (MDRFJ008),MDRFJ008rseap,2025-12-17T00:00:00Z,https://go-api.ifrc.org/api/DownloadFile/94016/MDRFJ008rseap,FJ,"Fiji: Tropical Cyclone sEAP, 2025",2025-05-22 00:00:00+00:00,MDRFJ008_26728.pdf,2025.0,False,False,Other
MDRNG042,4058,7514.0,26729,Emergency Appeal,Nigeria - Malnutrition (MDRNG042),MDRNG042ea,2025-05-26T00:00:00Z,https://go-api.ifrc.org/api/DownloadFile/91252/MDRNG042ea,NG,Nigeria - Malnutrition - 2025,2025-05-22 00:00:00+00:00,MDRNG042_26729.pdf,2025.0,False,False,Other
MDRNG042,4058,7514.0,26730,6 month update,Nigeria - Malnutrition (MDRNG042),MDRNG0426m,2026-02-13T00:00:00Z,https://go-api.ifrc.org/api/DownloadFile/91351/MDRNG0426m,NG,Nigeria - Malnutrition - 2025,2025-05-22 00:00:00+00:00,MDRNG042_26730.pdf,2025.0,False,False,Other
MDRNG042,4058,7514.0,26731,Operational strategy,Nigeria - Malnutrition (MDRNG042),MDRNG042OS,2025-06-08T00:00:00Z,https://go-api.ifrc.org/api/DownloadFile/91348/MDRNG042OS,NG,Nigeria - Malnutrition - 2025,2025-05-22 00:00:00+00:00,MDRNG042_26731.pdf,2025.0,False,False,Other
MDRNG042,4058,7514.0,26732,Operations Update,Nigeria - Malnutrition (MDRNG042),MDRNG042ou1,2025-06-24T00:00:00Z,https://go-api.ifrc.org/api/DownloadFile/91349/MDRNG042ou1,NG,Nigeria - Malnutrition - 2025,2025-05-22 00:00:00+00:00,MDRNG042_26732.pdf,2025.0,False,False,Other
MDRNG042,4058,7514.0,26733,Operations Update,Nigeria - Malnutrition (MDRNG042),MDRNG042ou2,2025-07-04T00:00:00Z,https://go-api.ifrc.org/api/DownloadFile/91350/MDRNG042ou2,NG,Nigeria - Malnutrition - 2025,2025-05-22 00:00:00+00:00,MDRNG042_26733.pdf,2025.0,False,False,Other
MDRNG042,4058,7514.0,26734,Operations Update,Nigeria - Malnutrition (MDRNG042),MDRNG042ou3,2025-09-24T00:00:00Z,https://go-api.ifrc.org/api/DownloadFile/92473/MDRNG042ou3,NG,Nigeria - Malnutrition - 2025,2025-05-22 00:00:00+00:00,MDRNG042_26734.pdf,2025.0,False,False,Other
MDRZA021,4056,7508.0,26735,DREF Operation,South Africa - Flood (MDRZA021),MDRZA021do,2025-05-20T00:00:00Z,https://go-api.ifrc.org/api/DownloadFile/91226/MDRZA021do,ZA,ZAF: Floods - 05-2025 - South Africa floods,2025-05-16 00:00:00+00:00,MDRZA021_26735.pdf,2025.0,False,False,Other
MDRZA021,4056,7508.0,26736,DREF Operation Update,South Africa - Flood (MDRZA021),MDRZA021du1,2025-07-02T00:00:00Z,https://go-api.ifrc.org/api/DownloadFile/91584/MDRZA021du1,ZA,ZAF: Floods - 05-2025 - South Africa floods,2025-05-16 00:00:00+00:00,MDRZA021_26736.pdf,2025.0,False,False,Other
MDRTZ041,4053,7461.0,26737,DREF/EAP Summary,Tanzania - Flood EAP (MDRTZ041),MDRTZ041EAP,2025-05-19T00:00:00Z,https://go-api.ifrc.org/api/DownloadFile/91202/MDRTZ041EAP,TZ,TZA: Flood - 03-2025 - High rainfall and strong wind ,2025-04-08 00:00:00+00:00,MDRTZ041_26737.pdf,2025.0,False,False,Other
MDRZW025,4055,7489.0,26738,DREF Operation,Zimbabwe - Malaria Epidemic (MDRZW025),MDRZW025do,2025-05-19T00:00:00Z,https://go-api.ifrc.org/api/DownloadFile/91212/MDRZW025do,ZW,ZWE: Epidemic - 02-2025 - Malaria outbreak ,2025-05-14 00:00:00+00:00,MDRZW025_26738.pdf,2025.0,False,True,Other
MDRZW025,4055,7489.0,26739,DREF Operation Update,Zimbabwe - Malaria Epidemic (MDRZW025),MDRZW025du1,2025-08-05T00:00:00Z,https://go-api.ifrc.org/api/DownloadFile/92100/MDRZW025du1,ZW,ZWE: Epidemic - 02-2025 - Malaria outbreak ,2025-05-14 00:00:00+00:00,MDRZW025_26739.pdf,2025.0,False,True,Other
MDREC028,4054,7485.0,26740,DREF Operation Update,Ecuador - Epidemic Yellow Fever (MDREC028),MDREC028-OU1,2025-08-30T00:00:00Z,https://go-api.ifrc.org/api/DownloadFile/92264/MDREC028-OU1,EC,ECU: Epidemic - 04-2025 - Yellow Fever,2025-05-14 00:00:00+00:00,MDREC028_26740.pdf,2025.0,False,True,Other
MDREC028,4054,7485.0,26741,DREF Operation,Ecuador - Epidemic Yellow Fever (MDREC028),MDREC028do,2025-05-15T00:00:00Z,https://go-api.ifrc.org/api/DownloadFile/91154/MDREC028do,EC,ECU: Epidemic - 04-2025 - Yellow Fever,2025-05-14 00:00:00+00:00,MDREC028_26741.pdf,2025.0,False,True,Other
MDRCD046,4052,7475.0,26742,DREF Operation,DRC - Floods (MDRCD046),MDRCD046do,2025-05-02T00:00:00Z,https://go-api.ifrc.org/api/DownloadFile/91051/MDRCD046do,CD,COD: Flood - 04-2025 - Floods in the city of Kinshasa ,2025-04-28 00:00:00+00:00,MDRCD046_26742.pdf,2025.0,False,False,Other
MDRCD046,4052,7475.0,26743,DREF Operation Update,DRC - Floods (MDRCD046),MDRCD046du1,2025-07-03T00:00:00Z,https://go-api.ifrc.org/api/DownloadFile/91611/MDRCD046du1,CD,COD: Flood - 04-2025 - Floods in the city of Kinshasa ,2025-04-28 00:00:00+00:00,MDRCD046_26743.pdf,2025.0,False,False,Other
MDRTJ036,4051,7480.0,26744,DREF Operation,Tajikistan - Earthquake (MDRTJ036),MDRTJ036do,2025-04-28T00:00:00Z,https://go-api.ifrc.org/api/DownloadFile/90977/MDRTJ036do,TJ,TJK: Earthquake - 04-2025 - TJK: Earthquake 13-04-2025,2025-04-27 00:00:00+00:00,MDRTJ036_26744.pdf,2025.0,False,True,Other
MDRTJ036,4051,7480.0,26745,DREF Operation Final Report,Tajikistan - Earthquake (MDRTJ036),DREF_Export_2026-02-24_10-52-45,2026-02-11T00:00:00Z,https://go-api.ifrc.org/api/DownloadFile/90978/DREF_Export_2026-02-24_10-52-45,TJ,TJK: Earthquake - 04-2025 - TJK: Earthquake 13-04-2025,2025-04-27 00:00:00+00:00,MDRTJ036_26745.pdf,2025.0,True,True,DREF (JSON)
MDRTJ036,4051,7480.0,26746,DREF Operation Update,Tajikistan - Earthquake (MDRTJ036),MDRTJ036du1pdf,2025-08-29T00:00:00Z,https://go-api.ifrc.org/api/DownloadFile/92261/MDRTJ036du1pdf,TJ,TJK: Earthquake - 04-2025 - TJK: Earthquake 13-04-2025,2025-04-27 00:00:00+00:00,MDRTJ036_26746.pdf,2025.0,False,True,Other
MDRPK027,4050,7476.0,26747,DREF Operation,Pakistan - Population Movement (MDRPK027),MDRPK027do,2025-04-25T00:00:00Z,https://go-api.ifrc.org/api/DownloadFile/90952/MDRPK027do,PK,"Pakistan: Population Movement, 2025",2025-04-24 00:00:00+00:00,MDRPK027_26747.pdf,2025.0,False,False,Other
MDRPK027,4050,7476.0,26748,DREF Operation Update,Pakistan - Population Movement (MDRPK027),MDRPK027OU1,2025-11-04T00:00:00Z,https://go-api.ifrc.org/api/DownloadFile/93585/MDRPK027OU1,PK,"Pakistan: Population Movement, 2025",2025-04-24 00:00:00+00:00,MDRPK027_26748.pdf,2025.0,False,False,Other
MDRSO022,4049,7504.0,26749,DREF Operation,Somalia - Drought (MDRSO022),MDRSO022do,2025-04-26T00:00:00Z,https://go-api.ifrc.org/api/DownloadFile/90963/MDRSO022do,SO,SOM: Drought - 04-2025 - Puntland_Somaliland drought,2025-04-23 00:00:00+00:00,MDRSO022_26749.pdf,2025.0,False,False,Other
MDRSO022,4049,7504.0,26750,DREF Operation Final Report,Somalia - Drought (MDRSO022),MDRSO022dfr,2026-01-28T00:00:00Z,https://go-api.ifrc.org/api/DownloadFile/91315/MDRSO022dfr,SO,SOM: Drought - 04-2025 - Puntland_Somaliland drought,2025-04-23 00:00:00+00:00,MDRSO022_26750.pdf,2025.0,True,False,DREF (Missing from JSON)
MDRBO018,4048,7717.0,26751,DREF Operation,Bolivia - Floods (MDRBO018),MDRBO018do,2025-04-25T00:00:00Z,https://go-api.ifrc.org/api/DownloadFile/90961/MDRBO018do,BO,BULL: Flood - 11-2025 - Floods in Samaipata ,2025-04-19 00:00:00+00:00,MDRBO018_26751.pdf,2025.0,False,False,Other
MDRBO018,4048,7717.0,26752,DREF Operation Update,Bolivia - Floods (MDRBO018),MDRBO018ou1,2025-12-12T00:00:00Z,https://go-api.ifrc.org/api/DownloadFile/93984/MDRBO018ou1,BO,BULL: Flood - 11-2025 - Floods in Samaipata ,2025-04-19 00:00:00+00:00,MDRBO018_26752.pdf,2025.0,False,False,Other
MDRAF018,4047,7468.0,26753,DREF Operation,Afghanistan - Population mvt from Pakistan (MDRAF018),MDRAF018do,2025-04-13T00:00:00Z,https://go-api.ifrc.org/api/DownloadFile/90890/MDRAF018do,AF,"Afghanistan: Population Movement, 2025",2025-04-12 00:00:00+00:00,MDRAF018_26753.pdf,2025.0,False,False,Other
MDRAF018,4047,7468.0,26754,Emergency Appeal,Afghanistan - Population mvt from Pakistan (MDRAF018),MDRAF018EA,2025-05-01T00:00:00Z,https://go-api.ifrc.org/api/DownloadFile/91042/MDRAF018EA,AF,"Afghanistan: Population Movement, 2025",2025-04-12 00:00:00+00:00,MDRAF018_26754.pdf,2025.0,False,False,Other
MDRAF018,4047,7468.0,26755,Operational strategy,Afghanistan - Population mvt from Pakistan (MDRAF018),MDRAF018OS,2025-05-24T00:00:00Z,https://go-api.ifrc.org/api/DownloadFile/91243/MDRAF018OS,AF,"Afghanistan: Population Movement, 2025",2025-04-12 00:00:00+00:00,MDRAF018_26755.pdf,2025.0,False,False,Other
MDRAF018,4047,7468.0,26756,Operations Update,Afghanistan - Population mvt from Pakistan (MDRAF018),MDRAF018OU1,2025-06-28T00:00:00Z,https://go-api.ifrc.org/api/DownloadFile/91373/MDRAF018OU1,AF,"Afghanistan: Population Movement, 2025",2025-04-12 00:00:00+00:00,MDRAF018_26756.pdf,2025.0,False,False,Other
MDRAF018,4047,7468.0,26757,6 month update,Afghanistan - Population mvt from Pakistan (MDRAF018),MDRAF018OU4,2026-01-14T00:00:00Z,https://go-api.ifrc.org/api/DownloadFile/91376/MDRAF018OU4,AF,"Afghanistan: Population Movement, 2025",2025-04-12 00:00:00+00:00,MDRAF018_26757.pdf,2025.0,False,False,Other
MDRAF018,4047,7468.0,26758,Operations Update,Afghanistan - Population mvt from Pakistan (MDRAF018),MDRAF018OU3,2025-09-23T00:00:00Z,https://go-api.ifrc.org/api/DownloadFile/91375/MDRAF018OU3,AF,"Afghanistan: Population Movement, 2025",2025-04-12 00:00:00+00:00,MDRAF018_26758.pdf,2025.0,False,False,Other
MDRAF018,4047,7468.0,26759,Operations Update,Afghanistan - Population mvt from Pakistan (MDRAF018),MDRAF018OU2,2025-07-19T00:00:00Z,https://go-api.ifrc.org/api/DownloadFile/91374/MDRAF018OU2,AF,"Afghanistan: Population Movement, 2025",2025-04-12 00:00:00+00:00,MDRAF018_26759.pdf,2025.0,False,False,Other
MDRUG056,4045,7448.0,26761,DREF Operation,Uganda - Population movement (MDRUG056),MDRUG056do,2025-04-10T00:00:00Z,https://go-api.ifrc.org/api/DownloadFile/90881/MDRUG056do,UG,UGA: Population Movement - 01-2025 - DUE TO INSURGENCY IN EASTERN CONGO,2025-04-08 00:00:00+00:00,MDRUG056_26761.pdf,2025.0,False,False,Other
MDRUG056,4045,7448.0,26762,DREF Operation Update,Uganda - Population movement (MDRUG056),MDRUG056du1,2025-07-31T00:00:00Z,https://go-api.ifrc.org/api/DownloadFile/91844/MDRUG056du1,UG,UGA: Population Movement - 01-2025 - DUE TO INSURGENCY IN EASTERN CONGO,2025-04-08 00:00:00+00:00,MDRUG056_26762.pdf,2025.0,False,False,Other
MDRUG056,4045,7448.0,26763,DREF Operation Final Report,Uganda - Population movement (MDRUG056),MDRUG056dfr,2026-02-26T00:00:00Z,https://go-api.ifrc.org/api/DownloadFile/90882/MDRUG056dfr,UG,UGA: Population Movement - 01-2025 - DUE TO INSURGENCY IN EASTERN CONGO,2025-04-08 00:00:00+00:00,MDRUG056_26763.pdf,2025.0,True,False,DREF (Missing from JSON)
MDRTZ040,4044,7461.0,26764,DREF Operation,Tanzania - Floods (MDRTZ040),MDRTZ040do,2025-04-10T00:00:00Z,https://go-api.ifrc.org/api/DownloadFile/90870/MDRTZ040do,TZ,TZA: Flood - 03-2025 - High rainfall and strong wind ,2025-04-08 00:00:00+00:00,MDRTZ040_26764.pdf,2025.0,False,False,Other
MDRTZ040,4044,7461.0,26765,DREF Operation Final Report,Tanzania - Floods (MDRTZ040),MDRTZ040dfr,2025-10-31T00:00:00Z,https://go-api.ifrc.org/api/DownloadFile/90871/MDRTZ040dfr,TZ,TZA: Flood - 03-2025 - High rainfall and strong wind ,2025-04-08 00:00:00+00:00,MDRTZ040_26765.pdf,2025.0,True,False,DREF (Missing from JSON)
MDRKE065,4043,7376.0,26766,DREF Operation,Kenya - Drought (MDRKE065),MDRKE065do,2025-04-22T00:00:00Z,https://go-api.ifrc.org/api/DownloadFile/90872/MDRKE065do,KE,KEN: Drought - 05-2024 - NORTHERN DRY LANDS,2025-04-07 00:00:00+00:00,MDRKE065_26766.pdf,2025.0,False,False,Other
MDRKE065,4043,7376.0,26767,DREF Operation Final Report,Kenya - Drought (MDRKE065),MDRKE065dfr,2026-02-02T00:00:00Z,https://go-api.ifrc.org/api/DownloadFile/90873/MDRKE065dfr,KE,KEN: Drought - 05-2024 - NORTHERN DRY LANDS,2025-04-07 00:00:00+00:00,MDRKE065_26767.pdf,2025.0,True,False,DREF (Missing from JSON)
MDRKG021,4042,7450.0,26768,DREF Operation,Kyrgyzstan - Measles (MDRKG021),MDRKG021do,2025-04-03T00:00:00Z,https://go-api.ifrc.org/api/DownloadFile/90827/MDRKG021do,KG,KGZ: Epidemic - 03-2025 - Measles outbreak,2025-04-01 00:00:00+00:00,MDRKG021_26768.pdf,2025.0,False,True,Other
MDRKG021,4042,7450.0,26769,DREF Operation Update,Kyrgyzstan - Measles (MDRKG021),MDRKG021du1,2025-07-03T00:00:00Z,https://go-api.ifrc.org/api/DownloadFile/91591/MDRKG021du1,KG,KGZ: Epidemic - 03-2025 - Measles outbreak,2025-04-01 00:00:00+00:00,MDRKG021_26769.pdf,2025.0,False,True,Other
MDRMM023,4040,7464.0,26770,Emergency Appeal,Myanmar - Earthquake (MDRMM023),MDRMM023_EA,2025-03-30T00:00:00Z,https://go-api.ifrc.org/api/DownloadFile/90788/MDRMM023_EA,MM,Myanmar Earthquake March 2025,2025-03-29 00:00:01+00:00,MDRMM023_26770.pdf,2025.0,False,False,Other
MDRMM023,4040,7464.0,26771,Operational strategy,Myanmar - Earthquake (MDRMM023),MDRMM023OS,2025-04-08T00:00:00Z,https://go-api.ifrc.org/api/DownloadFile/90792/MDRMM023OS,MM,Myanmar Earthquake March 2025,2025-03-29 00:00:01+00:00,MDRMM023_26771.pdf,2025.0,False,False,Other
MDRMM023,4040,7464.0,26772,Operations Update,Myanmar - Earthquake (MDRMM023),MDRMM023OU1,2025-04-23T00:00:00Z,https://go-api.ifrc.org/api/DownloadFile/90942/MDRMM023OU1,MM,Myanmar Earthquake March 2025,2025-03-29 00:00:01+00:00,MDRMM023_26772.pdf,2025.0,False,False,Other
MDRMM023,4040,7464.0,26773,Operations Update,Myanmar - Earthquake (MDRMM023),MDRMM023OU2,2025-05-17T00:00:00Z,https://go-api.ifrc.org/api/DownloadFile/91009/MDRMM023OU2,MM,Myanmar Earthquake March 2025,2025-03-29 00:00:01+00:00,MDRMM023_26773.pdf,2025.0,False,False,Other
MDRMM023,4040,7464.0,26774,Operations Update,Myanmar - Earthquake (MDRMM023),MDRMM023OU3,2025-08-01T00:00:00Z,https://go-api.ifrc.org/api/DownloadFile/91011/MDRMM023OU3,MM,Myanmar Earthquake March 2025,2025-03-29 00:00:01+00:00,MDRMM023_26774.pdf,2025.0,False,False,Other
MDRMM023,4040,7464.0,26775,Operations Update,Myanmar - Earthquake (MDRMM023),MDRMM023OU4,2025-11-15T00:00:00Z,https://go-api.ifrc.org/api/DownloadFile/91012/MDRMM023OU4,MM,Myanmar Earthquake March 2025,2025-03-29 00:00:01+00:00,MDRMM023_26775.pdf,2025.0,False,False,Other
MDRMK010,4041,7454.0,26776,DREF Operation,North Macedonia - Fire (MDRMK010),MDRMK010do,2025-04-01T00:00:00Z,https://go-api.ifrc.org/api/DownloadFile/90796/MDRMK010do,MK,MKD: Fire - 03-2025 - Fire in Night club ,2025-03-29 00:00:00+00:00,MDRMK010_26776.pdf,2025.0,False,True,Other
MDRMK010,4041,7454.0,26777,DREF Operation Final Report,North Macedonia - Fire (MDRMK010),MDRMK010dfr,2025-12-11T00:00:00Z,https://go-api.ifrc.org/api/DownloadFile/90797/MDRMK010dfr,MK,MKD: Fire - 03-2025 - Fire in Night club ,2025-03-29 00:00:00+00:00,MDRMK010_26777.pdf,2025.0,True,True,DREF (JSON)
MDRCO031,4038,7424.0,26778,DREF/EAP Summary,Colombia - Forced Displacement sEAP (MDRCO031),sEAP2024CO02 Summary,2025-04-09T00:00:00Z,https://go-api.ifrc.org/api/DownloadFile/90865/sEAP2024CO02-Summary,CO,"COL: Population Movement - 01-2025 - Afectaciones humanitarias por conflicto armado interno en los departamentos de Norte de Santander, Chocó y Cauca",2025-03-06 00:00:00+00:00,MDRCO031_26778.pdf,2025.0,False,False,Other
MDRSL018,4039,7453.0,26779,DREF Operation,Sierra Leone - Fire Incidents (MDRSL018),MDRSL018do,2025-04-02T00:00:00Z,https://go-api.ifrc.org/api/DownloadFile/90817/MDRSL018do,SL,SLE: Fire - 03-2025 - Fire ,2025-03-28 00:00:00+00:00,MDRSL018_26779.pdf,2025.0,False,False,Other
MDRMY012,4035,7444.0,26780,DREF Operation,Malaysia - Floods (MDRMY012),MDRMY012do,2025-03-28T00:00:00Z,https://go-api.ifrc.org/api/DownloadFile/90786/MDRMY012do,MY,Malaysia Flood March 2025,2025-03-28 00:00:00+00:00,MDRMY012_26780.pdf,2025.0,False,False,Other
MDRMY012,4035,7444.0,26781,DREF Operation Final Report,Malaysia - Floods (MDRMY012),MDRMY012dfr,2025-10-31T00:00:00Z,https://go-api.ifrc.org/api/DownloadFile/90787/MDRMY012dfr,MY,Malaysia Flood March 2025,2025-03-28 00:00:00+00:00,MDRMY012_26781.pdf,2025.0,True,False,DREF (Missing from JSON)
MDRCO030,4036,7424.0,26783,DREF Operation,Colombia - Population Movement (MDRCO030),MDRCO030do,2025-03-31T00:00:00Z,https://go-api.ifrc.org/api/DownloadFile/90790/MDRCO030do,CO,"COL: Population Movement - 01-2025 - Afectaciones humanitarias por conflicto armado interno en los departamentos de Norte de Santander, Chocó y Cauca",2025-03-06 00:00:00+00:00,MDRCO030_26783.pdf,2025.0,False,True,Other
MDRCO030,4036,7424.0,26784,DREF Operation Update,Colombia - Population Movement (MDRCO030),MDRCO030ou1,2025-07-17T00:00:00Z,https://go-api.ifrc.org/api/DownloadFile/91754/MDRCO030ou1,CO,"COL: Population Movement - 01-2025 - Afectaciones humanitarias por conflicto armado interno en los departamentos de Norte de Santander, Chocó y Cauca",2025-03-06 00:00:00+00:00,MDRCO030_26784.pdf,2025.0,False,True,Other
MDRBJ021,4026,7449.0,26787,DREF Operation,Benin - Strong Wind (MDRBJ021),MDRBJ021do,2025-03-28T00:00:00Z,https://go-api.ifrc.org/api/DownloadFile/90784/MDRBJ021do,BJ,BEN: Other - 03-2025 - STRONG WIND ,2025-03-24 00:00:00+00:00,MDRBJ021_26787.pdf,2025.0,False,True,Other
MDRBJ021,4026,7449.0,26788,DREF Operation Final Report,Benin - Strong Wind (MDRBJ021),MDRBJ021dfr,2025-12-08T00:00:00Z,https://go-api.ifrc.org/api/DownloadFile/90785/MDRBJ021dfr,BJ,BEN: Other - 03-2025 - STRONG WIND ,2025-03-24 00:00:00+00:00,MDRBJ021_26788.pdf,2025.0,True,True,DREF (JSON)
MDRZW024,4030,7279.0,26789,DREF Operation Final Report,Zimbabwe - Cholera (MDRZW024),MDRZW024dfr,2026-02-04T00:00:00Z,https://go-api.ifrc.org/api/DownloadFile/90703/MDRZW024dfr,ZW,ZWE: Epidemic - 12-2024 - Cholera Cases in Zimbabwe,2025-03-20 00:00:00+00:00,MDRZW024_26789.pdf,2025.0,True,True,DREF (JSON)
MDRZW024,4030,7279.0,26790,DREF Operation,Zimbabwe - Cholera (MDRZW024),MDRZW024do,2025-03-21T00:00:00Z,https://go-api.ifrc.org/api/DownloadFile/90702/MDRZW024do,ZW,ZWE: Epidemic - 12-2024 - Cholera Cases in Zimbabwe,2025-03-20 00:00:00+00:00,MDRZW024_26790.pdf,2025.0,False,True,Other
MDRGA014,4031,7473.0,26791,DREF Operation,Gabon - Election Preparedness (MDRGA014),MDRGA014do,2025-03-26T00:00:00Z,https://go-api.ifrc.org/api/DownloadFile/90752/MDRGA014do,GA,Gabon Elections Preparedness 2025,2025-03-20 00:00:00+00:00,MDRGA014_26791.pdf,2025.0,False,False,Other
MDRGA014,4031,7473.0,26792,DREF Operation Final Report,Gabon - Election Preparedness (MDRGA014),MDRGA014dfr,2025-10-09T00:00:00Z,https://go-api.ifrc.org/api/DownloadFile/90753/MDRGA014dfr,GA,Gabon Elections Preparedness 2025,2025-03-20 00:00:00+00:00,MDRGA014_26792.pdf,2025.0,True,False,DREF (Missing from JSON)
MDRLB018,4032,7617.0,26793,DREF Operation Update,Lebanon - Population Movement (MDRLB018),MDRLB018ou1,2025-06-03T00:00:00Z,https://go-api.ifrc.org/api/DownloadFile/91303/MDRLB018ou1,LB,"LBN: Population Movement - 03-2025 - LBN: Population Movement from Syria to Akkar, Lebanon - 03-2025 (2025-03-14)",2025-03-20 00:00:00+00:00,MDRLB018_26793.pdf,2025.0,False,True,Other
MDRLB018,4032,7617.0,26794,DREF Operation Update,Lebanon - Population Movement (MDRLB018),MDRLB018ou2,2025-06-17T00:00:00Z,https://go-api.ifrc.org/api/DownloadFile/91394/MDRLB018ou2,LB,"LBN: Population Movement - 03-2025 - LBN: Population Movement from Syria to Akkar, Lebanon - 03-2025 (2025-03-14)",2025-03-20 00:00:00+00:00,MDRLB018_26794.pdf,2025.0,False,True,Other
MDRLB018,4032,7617.0,26795,DREF Operation Final Report,Lebanon - Population Movement (MDRLB018),MDRLB018fr,2025-12-15T00:00:00Z,https://go-api.ifrc.org/api/DownloadFile/91317/MDRLB018fr,LB,"LBN: Population Movement - 03-2025 - LBN: Population Movement from Syria to Akkar, Lebanon - 03-2025 (2025-03-14)",2025-03-20 00:00:00+00:00,MDRLB018_26795.pdf,2025.0,True,True,DREF (JSON)
MDRLB018,4032,7617.0,26796,DREF Operation,Lebanon - Population Movement (MDRLB018),MDRLB018do,2025-03-21T00:00:00Z,https://go-api.ifrc.org/api/DownloadFile/90713/MDRLB018do,LB,"LBN: Population Movement - 03-2025 - LBN: Population Movement from Syria to Akkar, Lebanon - 03-2025 (2025-03-14)",2025-03-20 00:00:00+00:00,MDRLB018_26796.pdf,2025.0,False,True,Other
MDRVE011,4028,7425.0,26798,DREF Operation Update,Venezuela - Population Movement (MDRVE011),MDRVE011-OU2,2025-09-12T00:00:00Z,https://go-api.ifrc.org/api/DownloadFile/92374/MDRVE011-OU2,VE,VEN: Movimiento de la población - 02-2025 - Atención a migrantes,2025-03-15 00:00:00+00:00,MDRVE011_26798.pdf,2025.0,False,False,Other
MDRVE011,4028,7425.0,26799,DREF Operation Update,Venezuela - Population Movement (MDRVE011),MDRVE011ou1,2025-07-01T00:00:00Z,https://go-api.ifrc.org/api/DownloadFile/91579/MDRVE011ou1,VE,VEN: Movimiento de la población - 02-2025 - Atención a migrantes,2025-03-15 00:00:00+00:00,MDRVE011_26799.pdf,2025.0,False,False,Other
MDRVE011,4028,7425.0,26800,DREF Operation,Venezuela - Population Movement (MDRVE011),MDRVE011do,2025-03-21T00:00:00Z,https://go-api.ifrc.org/api/DownloadFile/90712/MDRVE011do,VE,VEN: Movimiento de la población - 02-2025 - Atención a migrantes,2025-03-15 00:00:00+00:00,MDRVE011_26800.pdf,2025.0,False,False,Other
MDRPE014,4027,7435.0,26801,DREF Operation,Peru - Flood (MDRPE014),MDRPE014do,2025-03-18T00:00:00Z,https://go-api.ifrc.org/api/DownloadFile/90681/MDRPE014do,PE,PER: Flood / flood - 02-2025 - Flood / Flood / Thunderstorm ,2025-03-15 00:00:00+00:00,MDRPE014_26801.pdf,2025.0,False,False,Other
MDRAR023,4029,7436.0,26802,DREF Operation Update,Argentina - Flood (MDRAR023),MDRAR023ou1,2025-05-30T00:00:00Z,https://go-api.ifrc.org/api/DownloadFile/91294/MDRAR023ou1,AR,ARG: Flood - 03-2025 - Bahia Blanca ,2025-03-15 00:00:00+00:00,MDRAR023_26802.pdf,2025.0,False,False,Other
MDRAR023,4029,7436.0,26803,DREF Operation,Argentina - Flood (MDRAR023),MDRAR023do,2025-03-18T00:00:00Z,https://go-api.ifrc.org/api/DownloadFile/90679/MDRAR023do,AR,ARG: Flood - 03-2025 - Bahia Blanca ,2025-03-15 00:00:00+00:00,MDRAR023_26803.pdf,2025.0,False,False,Other
MDRGE019,4024,7428.0,26804,DREF Operation Final Report,Georgia - Snow storm (MDRGE019),MDRGE019dfr,2026-01-14T00:00:00Z,https://go-api.ifrc.org/api/DownloadFile/90653/MDRGE019dfr,GE,GEO: Other - 02-2025 - Snow Storm in Georgia,2025-03-15 00:00:00+00:00,MDRGE019_26804.pdf,2025.0,True,True,DREF (JSON)
MDRGE019,4024,7428.0,26805,DREF Operation,Georgia - Snow storm (MDRGE019),MDRGE019do,2025-03-16T00:00:00Z,https://go-api.ifrc.org/api/DownloadFile/90652/MDRGE019do,GE,GEO: Other - 02-2025 - Snow Storm in Georgia,2025-03-15 00:00:00+00:00,MDRGE019_26805.pdf,2025.0,False,True,Other
MDRSO021,4025,7505.0,26806,DREF Operation,Somalia - Epidemic Leishmaniasis Outbreak (MDRSO021),MDRSO021do,2025-03-19T00:00:00Z,https://go-api.ifrc.org/api/DownloadFile/90683/MDRSO021do,SO,SOM: Epidemic - 03-2025 - Leishmaniasis Outbreak,2025-03-15 00:00:00+00:00,MDRSO021_26806.pdf,2025.0,False,False,Other
MDRSO021,4025,7505.0,26807,DREF Operation Final Report,Somalia - Epidemic Leishmaniasis Outbreak (MDRSO021),MDRSO021dfr.,2025-09-30T00:00:00Z,https://go-api.ifrc.org/api/DownloadFile/90684/MDRSO021dfr.,SO,SOM: Epidemic - 03-2025 - Leishmaniasis Outbreak,2025-03-15 00:00:00+00:00,MDRSO021_26807.pdf,2025.0,True,False,DREF (Missing from JSON)
MDRBW008,4023,7457.0,26808,DREF Operation Update,Botswana - Flood (MDRBW008),MDRBW008du1,2025-09-01T00:00:00Z,https://go-api.ifrc.org/api/DownloadFile/92275/MDRBW008du1,BW,BWA: 02-2025 Floods,2025-03-11 00:00:00+00:00,MDRBW008_26808.pdf,2025.0,False,True,Other
MDRBW008,4023,7457.0,26809,DREF Operation Final Report,Botswana - Flood (MDRBW008),MDRBW008dfr,2026-01-08T00:00:00Z,https://go-api.ifrc.org/api/DownloadFile/90646/MDRBW008dfr,BW,BWA: 02-2025 Floods,2025-03-11 00:00:00+00:00,MDRBW008_26809.pdf,2025.0,True,True,DREF (JSON)
MDRBW008,4023,7457.0,26810,DREF Operation,Botswana - Flood (MDRBW008),MDRBW008do,2025-03-14T00:00:00Z,https://go-api.ifrc.org/api/DownloadFile/90645/MDRBW008do,BW,BWA: 02-2025 Floods,2025-03-11 00:00:00+00:00,MDRBW008_26810.pdf,2025.0,False,True,Other
MDREC027,4022,7431.0,26811,Emergency Appeal,Ecuador - Floods (MDREC027),MDREC027ea,2025-03-24T00:00:00Z,https://go-api.ifrc.org/api/DownloadFile/90728/MDREC027ea,EC,ECU: 2025 Floods and environmental pollution,2025-03-10 00:00:00+00:00,MDREC027_26811.pdf,2025.0,False,False,Other
MDREC027,4022,7431.0,26812,Operational strategy,Ecuador - Floods (MDREC027),MDREC027os,2025-04-07T00:00:00Z,https://go-api.ifrc.org/api/DownloadFile/90851/MDREC027os,EC,ECU: 2025 Floods and environmental pollution,2025-03-10 00:00:00+00:00,MDREC027_26812.pdf,2025.0,False,False,Other
MDREC027,4022,7431.0,26813,Operations Update,Ecuador - Floods (MDREC027),MDREC027ou1,2025-04-25T00:00:00Z,https://go-api.ifrc.org/api/DownloadFile/90852/MDREC027ou1,EC,ECU: 2025 Floods and environmental pollution,2025-03-10 00:00:00+00:00,MDREC027_26813.pdf,2025.0,False,False,Other
MDREC027,4022,7431.0,26814,Operations Update,Ecuador - Floods (MDREC027),MDREC027 OU2,2025-05-06T00:00:00Z,https://go-api.ifrc.org/api/DownloadFile/90853/MDREC027-OU2,EC,ECU: 2025 Floods and environmental pollution,2025-03-10 00:00:00+00:00,MDREC027_26814.pdf,2025.0,False,False,Other
MDREC027,4022,7431.0,26815,DREF Operation,Ecuador - Floods (MDREC027),MDREC027do,2025-03-12T00:00:00Z,https://go-api.ifrc.org/api/DownloadFile/90625/MDREC027do,EC,ECU: 2025 Floods and environmental pollution,2025-03-10 00:00:00+00:00,MDREC027_26815.pdf,2025.0,False,False,Other
MDREC027,4022,7431.0,26816,6 month update,Ecuador - Floods (MDREC027),MDREC027ou3,2025-11-25T00:00:00Z,https://go-api.ifrc.org/api/DownloadFile/90854/MDREC027ou3,EC,ECU: 2025 Floods and environmental pollution,2025-03-10 00:00:00+00:00,MDREC027_26816.pdf,2025.0,False,False,Other
MDRCG024,4021,7455.0,26817,DREF Operation Final Report,Republic of Congo - Population Movement (MDRCG024),MDRCG024dfr,2025-11-25T00:00:00Z,https://go-api.ifrc.org/api/DownloadFile/90641/MDRCG024dfr,CG,Congo Population Movement 2025,2025-03-10 00:00:00+00:00,MDRCG024_26817.pdf,2025.0,True,True,DREF (JSON)
MDRCG024,4021,7455.0,26818,DREF Operation,Republic of Congo - Population Movement (MDRCG024),MDRCG024do,2025-03-13T00:00:00Z,https://go-api.ifrc.org/api/DownloadFile/90640/MDRCG024do,CG,Congo Population Movement 2025,2025-03-10 00:00:00+00:00,MDRCG024_26818.pdf,2025.0,False,True,Other
MDRCO029,4018,7424.0,26819,DREF Operation,Colombia - Population Movement (MDRCO029),MDRCO029do,2025-03-07T00:00:00Z,https://go-api.ifrc.org/api/DownloadFile/90591/MDRCO029do,CO,"COL: Population Movement - 01-2025 - Afectaciones humanitarias por conflicto armado interno en los departamentos de Norte de Santander, Chocó y Cauca",2025-03-06 00:00:00+00:00,MDRCO029_26819.pdf,2025.0,False,True,Other
MDRCO029,4018,7424.0,26820,DREF Operation Update,Colombia - Population Movement (MDRCO029),MDRCO029ou1,2025-07-17T00:00:00Z,https://go-api.ifrc.org/api/DownloadFile/91753/MDRCO029ou1,CO,"COL: Population Movement - 01-2025 - Afectaciones humanitarias por conflicto armado interno en los departamentos de Norte de Santander, Chocó y Cauca",2025-03-06 00:00:00+00:00,MDRCO029_26820.pdf,2025.0,False,True,Other
MDRCM040,4017,7459.0,26821,DREF/EAP Summary,Cameroon - Cholera EAP (MDRCM040),MDRCM040sEAP,2025-03-05T00:00:00Z,https://go-api.ifrc.org/api/DownloadFile/90570/MDRCM040sEAP,CM,CMR: Cholera EAP,2025-03-04 00:00:00+00:00,MDRCM040_26821.pdf,2025.0,False,False,Other
MDRZM024,4019,7323.0,26822,DREF Operation Final Report,Zambia - Cholera Response (MDRZM024),MDRZM024dfr,2026-02-11T00:00:00Z,https://go-api.ifrc.org/api/DownloadFile/90569/MDRZM024dfr,ZM,ZMB: Epidemic - 12-2024 - Cholera Outbreak,2025-03-03 00:00:00+00:00,MDRZM024_26822.pdf,2025.0,True,False,DREF (Missing from JSON)
MDRZM024,4019,7323.0,26823,DREF Operation,Zambia - Cholera Response (MDRZM024),MDRZM024do,2025-03-05T00:00:00Z,https://go-api.ifrc.org/api/DownloadFile/90568/MDRZM024do,ZM,ZMB: Epidemic - 12-2024 - Cholera Outbreak,2025-03-03 00:00:00+00:00,MDRZM024_26823.pdf,2025.0,False,False,Other
MDRBI023,4016,7418.0,26824,DREF Operation Update,Burundi - Population Movement (MDRBI023),MDRBI023du1,2025-06-10T00:00:00Z,https://go-api.ifrc.org/api/DownloadFile/91365/MDRBI023du1,BI,BDI: Population Movement - 02-2025 - Population Movement from DRC,2025-02-27 00:00:00+00:00,MDRBI023_26824.pdf,2025.0,False,True,Other
MDRBI023,4016,7418.0,26825,DREF Operation Final Report,Burundi - Population Movement (MDRBI023),MDRBI023dfr,2026-01-07T00:00:00Z,https://go-api.ifrc.org/api/DownloadFile/90557/MDRBI023dfr,BI,BDI: Population Movement - 02-2025 - Population Movement from DRC,2025-02-27 00:00:00+00:00,MDRBI023_26825.pdf,2025.0,True,True,DREF (JSON)
MDRBI023,4016,7418.0,26826,DREF Operation,Burundi - Population Movement (MDRBI023),MDRBI023do,2025-03-03T00:00:00Z,https://go-api.ifrc.org/api/DownloadFile/90556/MDRBI023do,BI,BDI: Population Movement - 02-2025 - Population Movement from DRC,2025-02-27 00:00:00+00:00,MDRBI023_26826.pdf,2025.0,False,True,Other
MDRTL001,4015,7601.0,26827,DREF/EAP Summary,Timor Leste - Flood sEAP (MDRTL001),sEAP2024TL01_MDRTL001,2025-02-24T00:00:00Z,https://go-api.ifrc.org/api/DownloadFile/90489/sEAP2024TL01_MDRTL001,TL,"Timor Leste: Flood sEAP, 2025",2025-02-18 00:00:00+00:00,MDRTL001_26827.pdf,2025.0,False,False,Other
MDRID027,4013,7602.0,26828,DREF/EAP Summary,Indonesia - Flood EAP (MDRID027),EAP2024ID01_MDRID027,2025-02-18T00:00:00Z,https://go-api.ifrc.org/api/DownloadFile/90448/EAP2024ID01_MDRID027,ID,"Indonesia: Flood EAP, 2025",2025-02-17 00:00:00+00:00,MDRID027_26828.pdf,2025.0,False,False,Other
MDRMW022,4011,7321.0,26832,DREF Operation Update,Malawi - Population Movement (MDRMW022),MDRMW022du2,2025-08-29T00:00:00Z,https://go-api.ifrc.org/api/DownloadFile/92260/MDRMW022du2,MW,MWI: Population Movement - 01-2025 - Population Movement from Mozambique,2025-02-11 00:00:00+00:00,MDRMW022_26832.pdf,2025.0,False,False,Other
MDRMW022,4011,7321.0,26833,DREF Operation Update,Malawi - Population Movement (MDRMW022),MDRMW022du1,2025-06-13T00:00:00Z,https://go-api.ifrc.org/api/DownloadFile/91382/MDRMW022du1,MW,MWI: Population Movement - 01-2025 - Population Movement from Mozambique,2025-02-11 00:00:00+00:00,MDRMW022_26833.pdf,2025.0,False,False,Other
MDRMW022,4011,7321.0,26834,DREF Operation,Malawi - Population Movement (MDRMW022),MDRMW022do,2025-02-13T00:00:00Z,https://go-api.ifrc.org/api/DownloadFile/90436/MDRMW022do,MW,MWI: Population Movement - 01-2025 - Population Movement from Mozambique,2025-02-11 00:00:00+00:00,MDRMW022_26834.pdf,2025.0,False,False,Other
MDRUG055,4010,7360.0,26835,6 month update,Uganda - Ebola Outbreak (MDRUG055),MDRUG0556m,2025-08-08T00:00:00Z,https://go-api.ifrc.org/api/DownloadFile/90481/MDRUG0556m,UG,UGA: Epidemic - 01-2025 - Ebola Virus Outbreak,2025-02-07 00:00:00+00:00,MDRUG055_26835.pdf,2025.0,False,False,Other
MDRUG055,4010,7360.0,26836,DREF Operation,Uganda - Ebola Outbreak (MDRUG055),MDRUG055do,2025-02-10T00:00:00Z,https://go-api.ifrc.org/api/DownloadFile/90390/MDRUG055do,UG,UGA: Epidemic - 01-2025 - Ebola Virus Outbreak,2025-02-07 00:00:00+00:00,MDRUG055_26836.pdf,2025.0,False,False,Other
MDRUG055,4010,7360.0,26837,Emergency Appeal,Uganda - Ebola Outbreak (MDRUG055),MDRUG055ea,2025-02-21T00:00:00Z,https://go-api.ifrc.org/api/DownloadFile/90477/MDRUG055ea,UG,UGA: Epidemic - 01-2025 - Ebola Virus Outbreak,2025-02-07 00:00:00+00:00,MDRUG055_26837.pdf,2025.0,False,False,Other
MDRUG055,4010,7360.0,26838,Operational strategy,Uganda - Ebola Outbreak (MDRUG055),MDRUG055OS,2025-03-07T00:00:00Z,https://go-api.ifrc.org/api/DownloadFile/90478/MDRUG055OS,UG,UGA: Epidemic - 01-2025 - Ebola Virus Outbreak,2025-02-07 00:00:00+00:00,MDRUG055_26838.pdf,2025.0,False,False,Other
MDRUG055,4010,7360.0,26839,Operations Update,Uganda - Ebola Outbreak (MDRUG055),MDRUG055eu1,2025-03-11T00:00:00Z,https://go-api.ifrc.org/api/DownloadFile/90479/MDRUG055eu1,UG,UGA: Epidemic - 01-2025 - Ebola Virus Outbreak,2025-02-07 00:00:00+00:00,MDRUG055_26839.pdf,2025.0,False,False,Other
MDRUG055,4010,7360.0,26840,Operations Update,Uganda - Ebola Outbreak (MDRUG055),MDRUG055eu2,2025-03-24T00:00:00Z,https://go-api.ifrc.org/api/DownloadFile/90480/MDRUG055eu2,UG,UGA: Epidemic - 01-2025 - Ebola Virus Outbreak,2025-02-07 00:00:00+00:00,MDRUG055_26840.pdf,2025.0,False,False,Other
MDRGW005,4009,7458.0,26841,DREF Operation Final Report,Guinea-Bissau - Fire (MDRGW005),MDRMGW005dfr,2026-02-26T00:00:00Z,https://go-api.ifrc.org/api/DownloadFile/90406/MDRMGW005dfr,GW,GNB: Fire - 2025-01 - Cacheu/Gabu Fires,2025-02-06 00:00:00+00:00,MDRGW005_26841.pdf,2025.0,True,True,DREF (JSON)
MDRGW005,4009,7458.0,26842,DREF Operation,Guinea-Bissau - Fire (MDRGW005),MDRGW005do,2025-02-11T00:00:00Z,https://go-api.ifrc.org/api/DownloadFile/90405/MDRGW005do,GW,GNB: Fire - 2025-01 - Cacheu/Gabu Fires,2025-02-06 00:00:00+00:00,MDRGW005_26842.pdf,2025.0,False,True,Other
MDRBJ020,4008,7422.0,26843,DREF Operation Update,Benin - Population Movement (MDRBJ020),MDRBJ020ou1,2025-05-15T00:00:00Z,https://go-api.ifrc.org/api/DownloadFile/91166/MDRBJ020ou1,BJ,BEN: Population Movement - 02-2025 - Benin Population movement,2025-02-04 00:00:00+00:00,MDRBJ020_26843.pdf,2025.0,False,True,Other
MDRBJ020,4008,7422.0,26844,DREF Operation Final Report,Benin - Population Movement (MDRBJ020),MDRBJ020dfr,2025-12-15T00:00:00Z,https://go-api.ifrc.org/api/DownloadFile/90465/MDRBJ020dfr,BJ,BEN: Population Movement - 02-2025 - Benin Population movement,2025-02-04 00:00:00+00:00,MDRBJ020_26844.pdf,2025.0,True,True,DREF (JSON)
MDRBJ020,4008,7422.0,26845,DREF Operation,Benin - Population Movement (MDRBJ020),MDRBJ020do,2025-02-19T00:00:00Z,https://go-api.ifrc.org/api/DownloadFile/90464/MDRBJ020do,BJ,BEN: Population Movement - 02-2025 - Benin Population movement,2025-02-04 00:00:00+00:00,MDRBJ020_26845.pdf,2025.0,False,True,Other
MDRSS016,4007,7378.0,26846,DREF Operation Final Report,South Sudan - Civil Unrest (MDRSS016),MDRSS016dfr,2025-09-10T00:00:00Z,https://go-api.ifrc.org/api/DownloadFile/90031/MDRSS016dfr,SS,SSD: Civil Unrest - 01-2025 - Jan 2025 unrest,2025-01-28 00:00:00+00:00,MDRSS016_26846.pdf,2025.0,True,False,DREF (Missing from JSON)
MDRSS016,4007,7378.0,26847,DREF Operation,South Sudan - Civil Unrest (MDRSS016),MDRSS016do,2025-02-04T00:00:00Z,https://go-api.ifrc.org/api/DownloadFile/90030/MDRSS016do,SS,SSD: Civil Unrest - 01-2025 - Jan 2025 unrest,2025-01-28 00:00:00+00:00,MDRSS016_26847.pdf,2025.0,False,False,Other
MDRTZ039,4006,7287.0,26848,DREF Operation Final Report,Tanzania - Marburg Outbreak (MDRTZ039),MDRTZ039dfr,2025-09-14T00:00:00Z,https://go-api.ifrc.org/api/DownloadFile/89995/MDRTZ039dfr,TZ,TZA: Epidemic - Marburg Outbreak,2025-01-27 00:00:00+00:00,MDRTZ039_26848.pdf,2025.0,True,True,DREF (JSON)
MDRTZ039,4006,7287.0,26849,DREF Operation,Tanzania - Marburg Outbreak (MDRTZ039),MDRTZ039do,2025-01-29T00:00:00Z,https://go-api.ifrc.org/api/DownloadFile/89994/MDRTZ039do,TZ,TZA: Epidemic - Marburg Outbreak,2025-01-27 00:00:00+00:00,MDRTZ039_26849.pdf,2025.0,False,True,Other
MDRAO011,4005,7281.0,26850,DREF Operation Update,Angola - Cholera Response (MDRAO011),MDRAO011du1,2025-05-21T00:00:00Z,https://go-api.ifrc.org/api/DownloadFile/91234/MDRAO011du1,AO,AGO: Epidemic - 01-2025 - Cholera & Floods,2025-01-21 00:00:00+00:00,MDRAO011_26850.pdf,2025.0,False,True,Other
MDRAO011,4005,7281.0,26851,DREF Operation Update,Angola - Cholera Response (MDRAO011),MDRAO011du2,2025-07-29T00:00:00Z,https://go-api.ifrc.org/api/DownloadFile/91827/MDRAO011du2,AO,AGO: Epidemic - 01-2025 - Cholera & Floods,2025-01-21 00:00:00+00:00,MDRAO011_26851.pdf,2025.0,False,True,Other
MDRAO011,4005,7281.0,26852,DREF Operation,Angola - Cholera Response (MDRAO011),MDRAO011do,2025-01-24T00:00:00Z,https://go-api.ifrc.org/api/DownloadFile/89906/MDRAO011do,AO,AGO: Epidemic - 01-2025 - Cholera & Floods,2025-01-21 00:00:00+00:00,MDRAO011_26852.pdf,2025.0,False,True,Other
MDRET037,4004,7276.0,26853,DREF Operation Final Report,Ethiopia - Earthquake (MDRET037),MDRET037dfr,2026-02-04T00:00:00Z,https://go-api.ifrc.org/api/DownloadFile/89849/MDRET037dfr,ET,ETH: Earthquake - 01-2025 - Ethiopia Earthquake,2025-01-20 00:00:00+00:00,MDRET037_26853.pdf,2025.0,True,True,DREF (JSON)
MDRET037,4004,7276.0,26854,DREF Operation,Ethiopia - Earthquake (MDRET037),MDRET037do,2025-01-21T00:00:00Z,https://go-api.ifrc.org/api/DownloadFile/89848/MDRET037do,ET,ETH: Earthquake - 01-2025 - Ethiopia Earthquake,2025-01-20 00:00:00+00:00,MDRET037_26854.pdf,2025.0,False,True,Other
MDRGH020,4003,7293.0,26855,DREF Operation,Ghana - Cholera Outbreak (MDRGH020),MDRGH020do,2025-01-19T00:00:00Z,https://go-api.ifrc.org/api/DownloadFile/89832/MDRGH020do,GH,GHA: Epidemic - 01-2025 - Cholera Outbreak,2025-01-16 00:00:00+00:00,MDRGH020_26855.pdf,2025.0,False,True,Other
MDRGH020,4003,7293.0,26856,DREF Operation Final Report,Ghana - Cholera Outbreak (MDRGH020),MDRGH020dfr,2025-12-02T00:00:00Z,https://go-api.ifrc.org/api/DownloadFile/89833/MDRGH020dfr,GH,GHA: Epidemic - 01-2025 - Cholera Outbreak,2025-01-16 00:00:00+00:00,MDRGH020_26856.pdf,2025.0,True,True,DREF (JSON)
MDRSO020,4002,7296.0,26857,DREF Operation,Somalia - Population Movement (MDRSO020),MDRSO020do,2024-12-30T00:00:00Z,https://go-api.ifrc.org/api/DownloadFile/89766/MDRSO020do,SO,SOM: Population movement - 12-2024 - Ceerigaabo displacement,2024-12-28 00:00:00+00:00,MDRSO020_26857.pdf,2024.0,False,True,Other
MDRSO020,4002,7296.0,26858,DREF Operation Update,Somalia - Population Movement (MDRSO020),MDRSO020du1,2025-02-04T00:00:00Z,https://go-api.ifrc.org/api/DownloadFile/90035/MDRSO020du1,SO,SOM: Population movement - 12-2024 - Ceerigaabo displacement,2024-12-28 00:00:00+00:00,MDRSO020_26858.pdf,2024.0,False,True,Other
MDRSO020,4002,7296.0,26859,DREF Operation Final Report,Somalia - Population Movement (MDRSO020),MDRSO020dfr,2025-09-24T00:00:00Z,https://go-api.ifrc.org/api/DownloadFile/90036/MDRSO020dfr,SO,SOM: Population movement - 12-2024 - Ceerigaabo displacement,2024-12-28 00:00:00+00:00,MDRSO020_26859.pdf,2024.0,True,True,DREF (JSON)
MDRKE064,4001,7260.0,26860,DREF Operation Final Report,Kenya - Population Movement Lamu (MDRKE064),MDRKE064dfr,2025-08-15T00:00:00Z,https://go-api.ifrc.org/api/DownloadFile/89760/MDRKE064dfr,KE,KEN: Population Movement - 12-2024 - Lamu Population Influx,2024-12-26 00:00:00+00:00,MDRKE064_26860.pdf,2024.0,True,True,DREF (JSON)
MDRKE064,4001,7260.0,26861,DREF Operation,Kenya - Population Movement Lamu (MDRKE064),MDRKE064do,2024-12-28T00:00:00Z,https://go-api.ifrc.org/api/DownloadFile/89759/MDRKE064do,KE,KEN: Population Movement - 12-2024 - Lamu Population Influx,2024-12-26 00:00:00+00:00,MDRKE064_26861.pdf,2024.0,False,True,Other
MDRAM014,3997,7255.0,26862,DREF Operation,Armenia - Population Movement (MDRAM014),MDRAM014do,2024-12-19T00:00:00Z,https://go-api.ifrc.org/api/DownloadFile/89710/MDRAM014do,AM,ARM: Population Movement - 12-2024 - Syrian-Armenian Population Movement 2024,2024-12-19 00:00:00+00:00,MDRAM014_26862.pdf,2024.0,False,True,Other
MDRAM014,3997,7255.0,26863,DREF Operation Update,Armenia - Population Movement (MDRAM014),MDRAM014ou1,2025-03-03T00:00:00Z,https://go-api.ifrc.org/api/DownloadFile/90555/MDRAM014ou1,AM,ARM: Population Movement - 12-2024 - Syrian-Armenian Population Movement 2024,2024-12-19 00:00:00+00:00,MDRAM014_26863.pdf,2024.0,False,True,Other
MDRAM014,3997,7255.0,26864,DREF Operation Final Report,Armenia - Population Movement (MDRAM014),DREF Final Report for Armenia - Population Movement (MDRAM01,2025-09-15T00:00:00Z,https://go-api.ifrc.org/api/DownloadFile/89711/DREF-Final-Report-for-Armenia---Population-Movement-(MDRAM01,AM,ARM: Population Movement - 12-2024 - Syrian-Armenian Population Movement 2024,2024-12-19 00:00:00+00:00,MDRAM014_26864.pdf,2024.0,True,True,DREF (JSON)
MDRAM014,3997,7255.0,26865,DREF Operation Final Report,Armenia - Population Movement (MDRAM014),MDRAM014dfr,2025-09-15T00:00:00Z,https://go-api.ifrc.org/api/DownloadFile/89711/MDRAM014dfr,AM,ARM: Population Movement - 12-2024 - Syrian-Armenian Population Movement 2024,2024-12-19 00:00:00+00:00,MDRAM014_26865.pdf,2024.0,True,True,DREF (JSON)
MDRVU012,3996,7264.0,26866,Operations Update,Vanuatu - Earthquake (MDRVU012),MDRVU012OU4,2025-12-10T00:00:00Z,https://go-api.ifrc.org/api/DownloadFile/93925/MDRVU012OU4,VU,Vanuatu Earthquake (December 2024),2024-12-18 00:00:00+00:00,MDRVU012_26866.pdf,2024.0,False,False,Other
MDRVU012,3996,7264.0,26867,Emergency Appeal,Vanuatu - Earthquake (MDRVU012),MDRVU012_EA,2024-12-20T00:00:00Z,https://go-api.ifrc.org/api/DownloadFile/89728/MDRVU012_EA,VU,Vanuatu Earthquake (December 2024),2024-12-18 00:00:00+00:00,MDRVU012_26867.pdf,2024.0,False,False,Other
MDRVU012,3996,7264.0,26868,Operational strategy,Vanuatu - Earthquake (MDRVU012),MDRVU012OS,2025-01-12T00:00:00Z,https://go-api.ifrc.org/api/DownloadFile/89801/MDRVU012OS,VU,Vanuatu Earthquake (December 2024),2024-12-18 00:00:00+00:00,MDRVU012_26868.pdf,2024.0,False,False,Other
MDRVU012,3996,7264.0,26869,Operations Update,Vanuatu - Earthquake (MDRVU012),MDRVU012OU1,2025-02-05T00:00:00Z,https://go-api.ifrc.org/api/DownloadFile/89890/MDRVU012OU1,VU,Vanuatu Earthquake (December 2024),2024-12-18 00:00:00+00:00,MDRVU012_26869.pdf,2024.0,False,False,Other
MDRVU012,3996,7264.0,26870,Operations Update,Vanuatu - Earthquake (MDRVU012),MDRVU012OU2,2025-02-27T00:00:00Z,https://go-api.ifrc.org/api/DownloadFile/89891/MDRVU012OU2,VU,Vanuatu Earthquake (December 2024),2024-12-18 00:00:00+00:00,MDRVU012_26870.pdf,2024.0,False,False,Other
MDRVU012,3996,7264.0,26871,6 month update,Vanuatu - Earthquake (MDRVU012),MDRVU012OU3,2025-08-28T00:00:00Z,https://go-api.ifrc.org/api/DownloadFile/89892/MDRVU012OU3,VU,Vanuatu Earthquake (December 2024),2024-12-18 00:00:00+00:00,MDRVU012_26871.pdf,2024.0,False,False,Other
MDRBW007,4000,7266.0,26872,DREF Operation,Botswana - Storm (MDRBW007),MDRBW007do,2024-12-20T00:00:00Z,https://go-api.ifrc.org/api/DownloadFile/89726/MDRBW007do,BW,BWA: Storm Surge - 11-2024 - Storm,2024-12-18 00:00:00+00:00,MDRBW007_26872.pdf,2024.0,False,True,Other
MDRBW007,4000,7266.0,26873,DREF Operation Update,Botswana - Storm (MDRBW007),MDRBW007du1pdf,2025-02-10T00:00:00Z,https://go-api.ifrc.org/api/DownloadFile/90397/MDRBW007du1pdf,BW,BWA: Storm Surge - 11-2024 - Storm,2024-12-18 00:00:00+00:00,MDRBW007_26873.pdf,2024.0,False,True,Other
MDRBW007,4000,7266.0,26874,DREF Operation Final Report,Botswana - Storm (MDRBW007),MDRBW007dfr,2025-10-13T00:00:00Z,https://go-api.ifrc.org/api/DownloadFile/89727/MDRBW007dfr,BW,BWA: Storm Surge - 11-2024 - Storm,2024-12-18 00:00:00+00:00,MDRBW007_26874.pdf,2024.0,True,True,DREF (JSON)
MDRS1005,3995,7272.0,26875,Operational strategy,Africa - Cyclone Chido (MDRS1005),MDRS1005os,2025-03-26T00:00:00Z,https://go-api.ifrc.org/api/DownloadFile/90750/MDRS1005os,KE,Africa - Cyclone Chido,2024-12-17 00:00:00+00:00,MDRS1005_26875.pdf,2024.0,False,False,Other
MDRS1005,3995,7272.0,26876,Operations Update,Africa - Cyclone Chido (MDRS1005),MDRS1005ou1,2025-04-27T00:00:00Z,https://go-api.ifrc.org/api/DownloadFile/90947/MDRS1005ou1,KE,Africa - Cyclone Chido,2024-12-17 00:00:00+00:00,MDRS1005_26876.pdf,2024.0,False,False,Other
MDRS1005,3995,7272.0,26877,Operations Update,Africa - Cyclone Chido (MDRS1005),MDRS1005eu2,2025-05-27T00:00:00Z,https://go-api.ifrc.org/api/DownloadFile/90948/MDRS1005eu2,KE,Africa - Cyclone Chido,2024-12-17 00:00:00+00:00,MDRS1005_26877.pdf,2024.0,False,False,Other
MDRS1005,3995,7272.0,26878,6 month update,Africa - Cyclone Chido (MDRS1005),MDRS1005OU3,2025-12-22T00:00:00Z,https://go-api.ifrc.org/api/DownloadFile/94049/MDRS1005OU3,KE,Africa - Cyclone Chido,2024-12-17 00:00:00+00:00,MDRS1005_26878.pdf,2024.0,False,False,Other
MDRS1005,3995,7272.0,26879,Emergency Appeal,Africa - Cyclone Chido (MDRS1005),MDRS1005ea,2024-12-24T00:00:00Z,https://go-api.ifrc.org/api/DownloadFile/89745/MDRS1005ea,KE,Africa - Cyclone Chido,2024-12-17 00:00:00+00:00,MDRS1005_26879.pdf,2024.0,False,False,Other
MDRUG053,3999,7250.0,26881,DREF Operation Update,Uganda - Landslides (MDRUG053),MDRUG053du1,2025-03-26T00:00:00Z,https://go-api.ifrc.org/api/DownloadFile/90740/MDRUG053du1,UG,UGA: Landslide - 11-2024 - Uganda Landslide Eastern Region - Bulambuli District November 2024,2024-12-16 00:00:00+00:00,MDRUG053_26881.pdf,2024.0,False,True,Other
MDRUG053,3999,7250.0,26882,DREF Operation,Uganda - Landslides (MDRUG053),MDRUG053do,2024-12-18T00:00:00Z,https://go-api.ifrc.org/api/DownloadFile/89656/MDRUG053do,UG,UGA: Landslide - 11-2024 - Uganda Landslide Eastern Region - Bulambuli District November 2024,2024-12-16 00:00:00+00:00,MDRUG053_26882.pdf,2024.0,False,True,Other
MDRUG053,3999,7250.0,26883,DREF Operation Final Report,Uganda - Landslides (MDRUG053),MDRUG053dfr,2025-10-31T00:00:00Z,https://go-api.ifrc.org/api/DownloadFile/89657/MDRUG053dfr,UG,UGA: Landslide - 11-2024 - Uganda Landslide Eastern Region - Bulambuli District November 2024,2024-12-16 00:00:00+00:00,MDRUG053_26883.pdf,2024.0,True,True,DREF (JSON)
MDRMM022,3993,7603.0,26884,DREF/EAP Summary,Myanmar - Heatwave sEAP (MDRMM022),sEAP2024MM01_MDRMM022,2024-12-13T00:00:00Z,https://go-api.ifrc.org/api/DownloadFile/89567/sEAP2024MM01_MDRMM022,MM,"Myanmar: Heatwave sEAP, 2024",2024-12-11 00:00:00+00:00,MDRMM022_26884.pdf,2024.0,False,False,Other
MDRSY014,3990,7251.0,26885,Operational strategy,Syria - Complex Emergency (MDRSY014),MDRSY014OS,2025-04-03T00:00:00Z,https://go-api.ifrc.org/api/DownloadFile/90824/MDRSY014OS,SY,SYR: Complex Emergency - 11-2024 -,2024-12-06 00:00:00+00:00,MDRSY014_26885.pdf,2024.0,False,True,Other
MDRSY014,3990,7251.0,26886,DREF Operation,Syria - Complex Emergency (MDRSY014),MDRSY014do,2025-07-29T00:00:00Z,https://go-api.ifrc.org/api/DownloadFile/91830/MDRSY014do,SY,SYR: Complex Emergency - 11-2024 -,2024-12-06 00:00:00+00:00,MDRSY014_26886.pdf,2024.0,False,True,Other
MDRSY014,3990,7251.0,26887,Operations Update,Syria - Complex Emergency (MDRSY014),MDRSY014 Flash Update#1,2026-02-19T00:00:00Z,https://go-api.ifrc.org/api/DownloadFile/94372/MDRSY014-Flash-Update_1,SY,SYR: Complex Emergency - 11-2024 -,2024-12-06 00:00:00+00:00,MDRSY014_26887.pdf,2024.0,False,True,Other
MDRSY014,3990,7251.0,26888,Operations Update,Syria - Complex Emergency (MDRSY014),MDRSY014OU2,2025-12-19T00:00:00Z,https://go-api.ifrc.org/api/DownloadFile/94041/MDRSY014OU2,SY,SYR: Complex Emergency - 11-2024 -,2024-12-06 00:00:00+00:00,MDRSY014_26888.pdf,2024.0,False,True,Other
MDRSY014,3990,7251.0,26889,Operations Update,Syria - Complex Emergency (MDRSY014),MDRSY014OU1,2025-12-29T00:00:00Z,https://go-api.ifrc.org/api/DownloadFile/94086/MDRSY014OU1,SY,SYR: Complex Emergency - 11-2024 -,2024-12-06 00:00:00+00:00,MDRSY014_26889.pdf,2024.0,False,True,Other
MDRSY014,3990,7251.0,26890,DREF Operation,Syria - Complex Emergency (MDRSY014),MDRSY014do,2024-12-07T00:00:00Z,https://go-api.ifrc.org/api/DownloadFile/89528/MDRSY014do,SY,SYR: Complex Emergency - 11-2024 -,2024-12-06 00:00:00+00:00,MDRSY014_26890.pdf,2024.0,False,True,Other
MDRSY014,3990,7251.0,26891,Emergency Appeal,Syria - Complex Emergency (MDRSY014),MDRSY014EAAR,2024-12-20T00:00:00Z,https://go-api.ifrc.org/api/DownloadFile/89724/MDRSY014EAAR,SY,SYR: Complex Emergency - 11-2024 -,2024-12-06 00:00:00+00:00,MDRSY014_26891.pdf,2024.0,False,True,Other
MDRSY014,3990,7251.0,26892,Emergency Appeal,Syria - Complex Emergency (MDRSY014),MDRSY014EA,2024-12-20T00:00:00Z,https://go-api.ifrc.org/api/DownloadFile/89720/MDRSY014EA,SY,SYR: Complex Emergency - 11-2024 -,2024-12-06 00:00:00+00:00,MDRSY014_26892.pdf,2024.0,False,True,Other
MDRSY014,3990,7251.0,26893,Operations Update,Syria - Complex Emergency (MDRSY014),MDRSY014OU1,2025-10-01T00:00:00Z,https://go-api.ifrc.org/api/DownloadFile/91158/MDRSY014OU1,SY,SYR: Complex Emergency - 11-2024 -,2024-12-06 00:00:00+00:00,MDRSY014_26893.pdf,2024.0,False,True,Other
MDRMY011,3989,7249.0,26894,DREF Operation,Malaysia - Flood (MDRMY011),MDRMY011do,2024-12-08T00:00:00Z,https://go-api.ifrc.org/api/DownloadFile/89529/MDRMY011do,MY,Malaysia: East Coast Monsoon Flood - 2024,2024-12-06 00:00:00+00:00,MDRMY011_26894.pdf,2024.0,False,False,Other
MDRMY011,3989,7249.0,26895,DREF Operation Update,Malaysia - Flood (MDRMY011),MDRMY011OU1,2025-01-09T00:00:00Z,https://go-api.ifrc.org/api/DownloadFile/89793/MDRMY011OU1,MY,Malaysia: East Coast Monsoon Flood - 2024,2024-12-06 00:00:00+00:00,MDRMY011_26895.pdf,2024.0,False,False,Other
MDRMY011,3989,7249.0,26896,DREF Operation Final Report,Malaysia - Flood (MDRMY011),MDRMY011dfr,2025-09-30T00:00:00Z,https://go-api.ifrc.org/api/DownloadFile/89533/MDRMY011dfr,MY,Malaysia: East Coast Monsoon Flood - 2024,2024-12-06 00:00:00+00:00,MDRMY011_26896.pdf,2024.0,True,False,DREF (Missing from JSON)
MDRGA013,3991,7259.0,26897,DREF Operation Update,Gabon - Floods (MDRGA013),MDRGA013du1,2025-05-06T00:00:00Z,https://go-api.ifrc.org/api/DownloadFile/91064/MDRGA013du1,GA,Gabon -  Floods 2024,2024-12-06 00:00:00+00:00,MDRGA013_26897.pdf,2024.0,False,True,Other
MDRGA013,3991,7259.0,26898,DREF Operation,Gabon - Floods (MDRGA013),MDRGA013do,2024-12-15T00:00:00Z,https://go-api.ifrc.org/api/DownloadFile/89593/MDRGA013do,GA,Gabon -  Floods 2024,2024-12-06 00:00:00+00:00,MDRGA013_26898.pdf,2024.0,False,True,Other
MDRGA013,3991,7259.0,26899,DREF Operation Final Report,Gabon - Floods (MDRGA013),MDRGA013dfr,2025-10-03T00:00:00Z,https://go-api.ifrc.org/api/DownloadFile/89594/MDRGA013dfr,GA,Gabon -  Floods 2024,2024-12-06 00:00:00+00:00,MDRGA013_26899.pdf,2024.0,True,True,DREF (JSON)
MDRLK021,3992,7244.0,26900,DREF Operation Final Report,Sri Lanka - Cyclone Fengal (MDRLK021),MDRLK021dfr,2025-07-31T00:00:00Z,https://go-api.ifrc.org/api/DownloadFile/89540/MDRLK021dfr,LK,Sri Lanka :  Low pressure area over South-East Bay of Bengal - 2024,2024-12-06 00:00:00+00:00,MDRLK021_26900.pdf,2024.0,True,True,DREF (JSON)
MDRLK021,3992,7244.0,26901,DREF Operation,Sri Lanka - Cyclone Fengal (MDRLK021),MDRLK021do,2024-12-09T00:00:00Z,https://go-api.ifrc.org/api/DownloadFile/89539/MDRLK021do,LK,Sri Lanka :  Low pressure area over South-East Bay of Bengal - 2024,2024-12-06 00:00:00+00:00,MDRLK021_26901.pdf,2024.0,False,True,Other
MDRBF020,3988,7274.0,26902,DREF/EAP Summary,Burkina Faso - Heatwave sEAP (MDRBF020),MDRBF020sEAP,2024-12-10T00:00:00Z,https://go-api.ifrc.org/api/DownloadFile/89551/MDRBF020sEAP,BF,BFA: Heatwave(sEAP) - 12-2024 - Ouagadougou Heatwave,2024-12-03 00:00:00+00:00,MDRBF020_26902.pdf,2024.0,False,False,Other
MDRHN024,3987,7237.0,26903,DREF Operation,Honduras - Floods (MDRHN024),MDRHN024do,2024-11-28T00:00:00Z,https://go-api.ifrc.org/api/DownloadFile/89488/MDRHN024do,HN,HND: Cyclone - 11-2024 - Tormenta Tropical Sara,2024-11-26 00:00:00+00:00,MDRHN024_26903.pdf,2024.0,False,True,Other
MDRHN024,3987,7237.0,26904,DREF Operation Final Report,Honduras - Floods (MDRHN024),MDRHN024_FR,2025-10-23T00:00:00Z,https://go-api.ifrc.org/api/DownloadFile/89489/MDRHN024_FR,HN,HND: Cyclone - 11-2024 - Tormenta Tropical Sara,2024-11-26 00:00:00+00:00,MDRHN024_26904.pdf,2024.0,True,True,DREF (JSON)
MDRCU011,3986,7194.0,26905,DREF Operation Update,Cuba - Cyclone Hurricane Rafael (MDRCU011),MDRCU011ou1,2025-05-30T00:00:00Z,https://go-api.ifrc.org/api/DownloadFile/91295/MDRCU011ou1,CU,CUB: Cyclone - 10-2024 - Hurricane Oscar,2024-10-28 00:00:00+00:00,MDRCU011_26905.pdf,2024.0,False,False,Other
MDRCU011,3986,7194.0,26906,DREF Operation,Cuba - Cyclone Hurricane Rafael (MDRCU011),MDRCU011do,2024-11-22T00:00:00Z,https://go-api.ifrc.org/api/DownloadFile/89459/MDRCU011do,CU,CUB: Cyclone - 10-2024 - Hurricane Oscar,2024-10-28 00:00:00+00:00,MDRCU011_26906.pdf,2024.0,False,False,Other
MDRCU011,3986,7194.0,26907,DREF Operation Update,Cuba - Cyclone Hurricane Rafael (MDRCU011),MDRCU011ou2,2025-07-08T00:00:00Z,https://go-api.ifrc.org/api/DownloadFile/91656/MDRCU011ou2,CU,CUB: Cyclone - 10-2024 - Hurricane Oscar,2024-10-28 00:00:00+00:00,MDRCU011_26907.pdf,2024.0,False,False,Other
MDRSY013,3985,7206.0,26908,DREF Operation Update,Syria - Fire (MDRSY013),MDRSY013OU,2025-05-19T00:00:00Z,https://go-api.ifrc.org/api/DownloadFile/91200/MDRSY013OU,SY,SYR: Fire - 10-2024 -  Syria Wildfires 2024,2024-11-21 00:00:00+00:00,MDRSY013_26908.pdf,2024.0,False,True,Other
MDRSY013,3985,7206.0,26909,DREF Operation,Syria - Fire (MDRSY013),MDRSY013do,2024-11-23T00:00:00Z,https://go-api.ifrc.org/api/DownloadFile/91211/MDRSY013do,SY,SYR: Fire - 10-2024 -  Syria Wildfires 2024,2024-11-21 00:00:00+00:00,MDRSY013_26909.pdf,2024.0,False,True,Other
MDRSY013,3985,7206.0,26910,DREF Operation Final Report,Syria - Fire (MDRSY013),MDRSY013fr,2025-10-30T00:00:00Z,https://go-api.ifrc.org/api/DownloadFile/89684/MDRSY013fr,SY,SYR: Fire - 10-2024 -  Syria Wildfires 2024,2024-11-21 00:00:00+00:00,MDRSY013_26910.pdf,2024.0,True,True,DREF (JSON)
MDRCO028,3984,7236.0,26911,DREF Operation Update,Colombia - Floods (MDRCO028),MDRCO028ou1,2025-04-04T00:00:00Z,https://go-api.ifrc.org/api/DownloadFile/90841/MDRCO028ou1,CO,"COL: Flood - 11-2024 - Floods in Choco, La Guajira, Santander, Cundinamarca, Antioquia",2024-11-21 00:00:00+00:00,MDRCO028_26911.pdf,2024.0,False,True,Other
MDRCO028,3984,7236.0,26912,DREF Operation,Colombia - Floods (MDRCO028),MDRCO028do,2024-11-22T00:00:00Z,https://go-api.ifrc.org/api/DownloadFile/89457/MDRCO028do,CO,"COL: Flood - 11-2024 - Floods in Choco, La Guajira, Santander, Cundinamarca, Antioquia",2024-11-21 00:00:00+00:00,MDRCO028_26912.pdf,2024.0,False,True,Other
MDRCO028,3984,7236.0,26913,DREF Operation Final Report,Colombia - Floods (MDRCO028),MDRCO028-FR,2025-11-28T00:00:00Z,https://go-api.ifrc.org/api/DownloadFile/89458/MDRCO028-FR,CO,"COL: Flood - 11-2024 - Floods in Choco, La Guajira, Santander, Cundinamarca, Antioquia",2024-11-21 00:00:00+00:00,MDRCO028_26913.pdf,2024.0,True,True,DREF (JSON)
MDRCR026,3983,7208.0,26914,DREF Operation Final Report,Costa Rica - Flood (MDRCR026),MDRCR026fr,2025-07-28T00:00:00Z,https://go-api.ifrc.org/api/DownloadFile/89451/MDRCR026fr,CR,ITT: Flooding - 11-2024 - Heavy rains - Costa Rica,2024-11-20 00:00:00+00:00,MDRCR026_26914.pdf,2024.0,True,True,DREF (JSON)
MDRCR026,3983,7208.0,26915,DREF Operation,Costa Rica - Flood (MDRCR026),MDRCR026do,2024-11-21T00:00:00Z,https://go-api.ifrc.org/api/DownloadFile/89450/MDRCR026do,CR,ITT: Flooding - 11-2024 - Heavy rains - Costa Rica,2024-11-20 00:00:00+00:00,MDRCR026_26915.pdf,2024.0,False,True,Other
MDRCO027,3982,7984.0,26916,DREF/EAP Summary,Colombia - Drought sEAP (MDRCO027),sEAP2023CO01 Summary,2024-11-19T00:00:00Z,https://go-api.ifrc.org/api/DownloadFile/89424/sEAP2023CO01-Summary,CO,COL: Drought sEAP,2024-11-19 00:00:00+00:00,MDRCO027_26916.pdf,2024.0,False,False,Other
MDRZA020,3981,7199.0,26917,DREF Operation Final Report,South Africa - Thunderstorm (MDRZA020),MDRZA020dfr,2025-08-28T00:00:00Z,https://go-api.ifrc.org/api/DownloadFile/89469/MDRZA020dfr,ZA,ZAF: Other - 10-2024 - thunderstorms,2024-11-18 00:00:00+00:00,MDRZA020_26917.pdf,2024.0,True,True,DREF (JSON)
MDRDO018,3980,7205.0,26918,DREF Operation Final Report,Dominican Republic - Pluvial/Flash Flood (MDRDO018),MDRDO018-FR,2025-09-03T00:00:00Z,https://go-api.ifrc.org/api/DownloadFile/89427/MDRDO018-FR,DO,"SUN: Cyclone - 10-2024 - Adverse effects Trough, November Effects Rep. Dom.",2024-11-17 00:00:00+00:00,MDRDO018_26918.pdf,2024.0,True,True,DREF (JSON)
MDRDO018,3980,7205.0,26919,DREF Operation,Dominican Republic - Pluvial/Flash Flood (MDRDO018),MDRDO018do,2024-11-19T00:00:00Z,https://go-api.ifrc.org/api/DownloadFile/89426/MDRDO018do,DO,"SUN: Cyclone - 10-2024 - Adverse effects Trough, November Effects Rep. Dom.",2024-11-17 00:00:00+00:00,MDRDO018_26919.pdf,2024.0,False,True,Other
MDRPA020,3978,7201.0,26921,DREF Operation,Panama - Flood (MDRPA020),MDRPA020do,2024-11-13T00:00:00Z,https://go-api.ifrc.org/api/DownloadFile/89385/MDRPA020do,PA,PAN: Flood - 10-2024 - Panama Flood,2024-11-12 00:00:00+00:00,MDRPA020_26921.pdf,2024.0,False,True,Other
MDRPA020,3978,7201.0,26922,DREF Operation Update,Panama - Flood (MDRPA020),MDRPA020ou1,2025-02-13T00:00:00Z,https://go-api.ifrc.org/api/DownloadFile/90423/MDRPA020ou1,PA,PAN: Flood - 10-2024 - Panama Flood,2024-11-12 00:00:00+00:00,MDRPA020_26922.pdf,2024.0,False,True,Other
MDRPA020,3978,7201.0,26923,DREF Operation Final Report,Panama - Flood (MDRPA020),MDRAPA020-FR,2025-08-27T00:00:00Z,https://go-api.ifrc.org/api/DownloadFile/89386/MDRAPA020-FR,PA,PAN: Flood - 10-2024 - Panama Flood,2024-11-12 00:00:00+00:00,MDRPA020_26923.pdf,2024.0,True,True,DREF (JSON)
MDRLB017,3976,7203.0,26924,Emergency Appeal,Lebanon - Complex Emergency (MDRLB017),MDRLB017EA,2024-11-04T00:00:00Z,https://go-api.ifrc.org/api/DownloadFile/89302/MDRLB017EA,LB,Lebanon Complex Emergency - 2024,2024-11-05 00:00:00+00:00,MDRLB017_26924.pdf,2024.0,False,False,Other
MDRLB017,3976,7203.0,26925,Emergency Appeal,Lebanon - Complex Emergency (MDRLB017),MDRLB017EA-AR,2024-11-11T00:00:00Z,https://go-api.ifrc.org/api/DownloadFile/89358/MDRLB017EA-AR,LB,Lebanon Complex Emergency - 2024,2024-11-05 00:00:00+00:00,MDRLB017_26925.pdf,2024.0,False,False,Other
MDRLB017,3976,7203.0,26926,Operational strategy,Lebanon - Complex Emergency (MDRLB017),MDRLB017OS,2024-12-24T00:00:00Z,https://go-api.ifrc.org/api/DownloadFile/89747/MDRLB017OS,LB,Lebanon Complex Emergency - 2024,2024-11-05 00:00:00+00:00,MDRLB017_26926.pdf,2024.0,False,False,Other
MDRLB017,3976,7203.0,26927,Operations Update,Lebanon - Complex Emergency (MDRLB017),MDRLB017OU1,2025-03-05T00:00:00Z,https://go-api.ifrc.org/api/DownloadFile/90580/MDRLB017OU1,LB,Lebanon Complex Emergency - 2024,2024-11-05 00:00:00+00:00,MDRLB017_26927.pdf,2024.0,False,False,Other
MDRLB017,3976,7203.0,26928,6 month update,Lebanon - Complex Emergency (MDRLB017),MDRLB017OU3,2025-09-19T00:00:00Z,https://go-api.ifrc.org/api/DownloadFile/92426/MDRLB017OU3,LB,Lebanon Complex Emergency - 2024,2024-11-05 00:00:00+00:00,MDRLB017_26928.pdf,2024.0,False,False,Other
MDRLB017,3976,7203.0,26929,Operations Update,Lebanon - Complex Emergency (MDRLB017),MDRLB017OU2,2025-07-16T00:00:00Z,https://go-api.ifrc.org/api/DownloadFile/91159/MDRLB017OU2,LB,Lebanon Complex Emergency - 2024,2024-11-05 00:00:00+00:00,MDRLB017_26929.pdf,2024.0,False,False,Other
MDRPH056,3975,7196.0,26930,6 month update,Philippines  - Typhoons and Floods (MDRPH056),MDRPH056_OU3,2025-05-31T00:00:00Z,https://go-api.ifrc.org/api/DownloadFile/89341/MDRPH056_OU3,PH,Philippines: Typhoons and Floods - 2024,2024-10-30 00:00:00+00:00,MDRPH056_26930.pdf,2024.0,False,False,Other
MDRPH056,3975,7196.0,26931,Emergency Appeal,Philippines  - Typhoons and Floods (MDRPH056),MDRPH056_EA,2024-10-30T00:00:00Z,https://go-api.ifrc.org/api/DownloadFile/89279/MDRPH056_EA,PH,Philippines: Typhoons and Floods - 2024,2024-10-30 00:00:00+00:00,MDRPH056_26931.pdf,2024.0,False,False,Other
MDRPH056,3975,7196.0,26932,Operational strategy,Philippines  - Typhoons and Floods (MDRPH056),MDRPH056OS,2024-11-08T00:00:00Z,https://go-api.ifrc.org/api/DownloadFile/89338/MDRPH056OS,PH,Philippines: Typhoons and Floods - 2024,2024-10-30 00:00:00+00:00,MDRPH056_26932.pdf,2024.0,False,False,Other
MDRPH056,3975,7196.0,26933,Emergency Appeal Revision,Philippines  - Typhoons and Floods (MDRPH056),MDRPH056rea,2024-11-15T00:00:00Z,https://go-api.ifrc.org/api/DownloadFile/89393/MDRPH056rea,PH,Philippines: Typhoons and Floods - 2024,2024-10-30 00:00:00+00:00,MDRPH056_26933.pdf,2024.0,False,False,Other
MDRPH056,3975,7196.0,26934,Operational strategy,Philippines  - Typhoons and Floods (MDRPH056),MDRPH056ROS,2024-11-21T00:00:00Z,https://go-api.ifrc.org/api/DownloadFile/89448/MDRPH056ROS,PH,Philippines: Typhoons and Floods - 2024,2024-10-30 00:00:00+00:00,MDRPH056_26934.pdf,2024.0,False,False,Other
MDRPH056,3975,7196.0,26935,Operations Update,Philippines  - Typhoons and Floods (MDRPH056),MDRPH056_OU1,2024-12-06T00:00:00Z,https://go-api.ifrc.org/api/DownloadFile/89339/MDRPH056_OU1,PH,Philippines: Typhoons and Floods - 2024,2024-10-30 00:00:00+00:00,MDRPH056_26935.pdf,2024.0,False,False,Other
MDRPH056,3975,7196.0,26936,Operations Update,Philippines  - Typhoons and Floods (MDRPH056),MDRPH056_OU2,2025-01-13T00:00:00Z,https://go-api.ifrc.org/api/DownloadFile/89340/MDRPH056_OU2,PH,Philippines: Typhoons and Floods - 2024,2024-10-30 00:00:00+00:00,MDRPH056_26936.pdf,2024.0,False,False,Other
MDRCU010,3973,7194.0,26937,DREF Operation Update,Cuba - Hurricane Oscar (MDRCU010),MDRCU010ou1,2025-04-29T00:00:00Z,https://go-api.ifrc.org/api/DownloadFile/90982/MDRCU010ou1,CU,CUB: Cyclone - 10-2024 - Hurricane Oscar,2024-10-28 00:00:00+00:00,MDRCU010_26937.pdf,2024.0,False,True,Other
MDRCU010,3973,7194.0,26938,DREF Operation Update,Cuba - Hurricane Oscar (MDRCU010),MDRCU010ou2,2025-06-19T00:00:00Z,https://go-api.ifrc.org/api/DownloadFile/91431/MDRCU010ou2,CU,CUB: Cyclone - 10-2024 - Hurricane Oscar,2024-10-28 00:00:00+00:00,MDRCU010_26938.pdf,2024.0,False,True,Other
MDRCU010,3973,7194.0,26939,DREF Operation,Cuba - Hurricane Oscar (MDRCU010),MDRCU010do,2024-11-01T00:00:00Z,https://go-api.ifrc.org/api/DownloadFile/89292/MDRCU010do,CU,CUB: Cyclone - 10-2024 - Hurricane Oscar,2024-10-28 00:00:00+00:00,MDRCU010_26939.pdf,2024.0,False,True,Other
MDRCU010,3973,7194.0,26940,DREF Operation Final Report,Cuba - Hurricane Oscar (MDRCU010),MDRCU010fr,2026-01-22T00:00:00Z,https://go-api.ifrc.org/api/DownloadFile/89293/MDRCU010fr,CU,CUB: Cyclone - 10-2024 - Hurricane Oscar,2024-10-28 00:00:00+00:00,MDRCU010_26940.pdf,2024.0,True,True,DREF (JSON)
MDRDZ012,3974,7167.0,26941,DREF Operation,Algeria - Epidemic Malaria and Diphtheria (MDRDZ012),MDRDZ012do,2024-11-01T00:00:00Z,https://go-api.ifrc.org/api/DownloadFile/89291/MDRDZ012do,DZ,DZA: Epidemic - 09-2024 - South Algeria Malaria and Diphtheria 2024,2024-10-28 00:00:00+00:00,MDRDZ012_26941.pdf,2024.0,False,False,Other
MDRLK020,3972,7173.0,26942,DREF Operation Final Report,Sri Lanka - Floods (MDRLK020),MDRLK020dfr,2025-05-30T00:00:00Z,https://go-api.ifrc.org/api/DownloadFile/89234/MDRLK020dfr,LK,Sri Lanka: Inter Monsoon Flood - 2024,2024-10-24 00:00:00+00:00,MDRLK020_26942.pdf,2024.0,True,False,DREF (Missing from JSON)
MDRLK020,3972,7173.0,26943,DREF Operation,Sri Lanka - Floods (MDRLK020),MDRLK020do,2024-10-25T00:00:00Z,https://go-api.ifrc.org/api/DownloadFile/89233/MDRLK020do,LK,Sri Lanka: Inter Monsoon Flood - 2024,2024-10-24 00:00:00+00:00,MDRLK020_26943.pdf,2024.0,False,False,Other
MDRAF017,3971,7160.0,26944,DREF Operation Update,Afghanistan - Malnutrition (MDRAF017),MDRAF017OU,2025-04-30T00:00:00Z,https://go-api.ifrc.org/api/DownloadFile/91022/MDRAF017OU,AF,Afghanistan: Malnutrition Crisis - 2024,2024-10-18 00:00:00+00:00,MDRAF017_26944.pdf,2024.0,False,False,Other
MDRAF017,3971,7160.0,26945,DREF Operation Update,Afghanistan - Malnutrition (MDRAF017),MDRAF017OU2,2025-08-15T00:00:00Z,https://go-api.ifrc.org/api/DownloadFile/92157/MDRAF017OU2,AF,Afghanistan: Malnutrition Crisis - 2024,2024-10-18 00:00:00+00:00,MDRAF017_26945.pdf,2024.0,False,False,Other
MDRAF017,3971,7160.0,26946,DREF Operation,Afghanistan - Malnutrition (MDRAF017),MDRAF017do,2024-10-20T00:00:00Z,https://go-api.ifrc.org/api/DownloadFile/89193/MDRAF017do,AF,Afghanistan: Malnutrition Crisis - 2024,2024-10-18 00:00:00+00:00,MDRAF017_26946.pdf,2024.0,False,False,Other
MDRAF017,3971,7160.0,26947,DREF Operation Final Report,Afghanistan - Malnutrition (MDRAF017),MDRAF017fnr,2025-11-30T00:00:00Z,https://go-api.ifrc.org/api/DownloadFile/89194/MDRAF017fnr,AF,Afghanistan: Malnutrition Crisis - 2024,2024-10-18 00:00:00+00:00,MDRAF017_26947.pdf,2024.0,True,False,DREF (Missing from JSON)
MDRBA017,3970,7168.0,26948,DREF Operation,Bosnia and Herzegovina - Flash Flood (MDRBA017),MDRBA017do,2024-10-18T00:00:00Z,https://go-api.ifrc.org/api/DownloadFile/89190/MDRBA017do,BA,BIH: Pluvial/Flash Flood - 10-2024 - Flood,2024-10-18 00:00:00+00:00,MDRBA017_26948.pdf,2024.0,False,True,Other
MDRBA017,3970,7168.0,26949,DREF Operation Final Report,Bosnia and Herzegovina - Flash Flood (MDRBA017),MDRBA017dfr,2025-12-30T00:00:00Z,https://go-api.ifrc.org/api/DownloadFile/89191/MDRBA017dfr,BA,BIH: Pluvial/Flash Flood - 10-2024 - Flood,2024-10-18 00:00:00+00:00,MDRBA017_26949.pdf,2024.0,True,True,DREF (JSON)
MDRSL016,3968,7156.0,26950,DREF Operation,Sierra Leone - Floods (MDRSL016),MDRSL016do,2024-10-08T00:00:00Z,https://go-api.ifrc.org/api/DownloadFile/89004/MDRSL016do,SL,SLE: Flood - 09-2024 -  Floods,2024-10-04 00:00:00+00:00,MDRSL016_26950.pdf,2024.0,False,True,Other
MDRSL016,3968,7156.0,26951,DREF Operation Update,Sierra Leone - Floods (MDRSL016),MDRSL016ou1,2025-03-04T00:00:00Z,https://go-api.ifrc.org/api/DownloadFile/90566/MDRSL016ou1,SL,SLE: Flood - 09-2024 -  Floods,2024-10-04 00:00:00+00:00,MDRSL016_26951.pdf,2024.0,False,True,Other
MDRSL016,3968,7156.0,26952,DREF Operation Final Report,Sierra Leone - Floods (MDRSL016),MDRSL016dfr,2025-11-27T00:00:00Z,https://go-api.ifrc.org/api/DownloadFile/89005/MDRSL016dfr,SL,SLE: Flood - 09-2024 -  Floods,2024-10-04 00:00:00+00:00,MDRSL016_26952.pdf,2024.0,True,True,DREF (JSON)
MDRNP018,3966,7163.0,26954,DREF Operation Final Report,Nepal - Floods (MDRNP018),MDRNP018dfr,2025-07-31T00:00:00Z,https://go-api.ifrc.org/api/DownloadFile/88981/MDRNP018dfr,NP,Nepal - Flood and Landslide 2024,2024-10-02 00:00:00+00:00,MDRNP018_26954.pdf,2024.0,True,True,DREF (JSON)
MDRNP018,3966,7163.0,26955,DREF Operation,Nepal - Floods (MDRNP018),MDRNP018do,2024-10-03T00:00:00Z,https://go-api.ifrc.org/api/DownloadFile/88980/MDRNP018do,NP,Nepal - Flood and Landslide 2024,2024-10-02 00:00:00+00:00,MDRNP018_26955.pdf,2024.0,False,True,Other
MDRNP018,3966,7163.0,26956,DREF Operation Update,Nepal - Floods (MDRNP018),MDRNP018_OU1,2024-11-27T00:00:00Z,https://go-api.ifrc.org/api/DownloadFile/89480/MDRNP018_OU1,NP,Nepal - Flood and Landslide 2024,2024-10-02 00:00:00+00:00,MDRNP018_26956.pdf,2024.0,False,True,Other
MDRRO006,3965,7157.0,26957,DREF Operation,Romania - Floods (MDRRO006),DREF Operation - Romania Floods (MDRRO006),2024-10-01T00:00:00Z,https://go-api.ifrc.org/api/DownloadFile/88962/DREF-Operation---Romania-Floods-(MDRRO006),RO,ROU: Flood - 09-2024 - Cyclone Boris,2024-09-30 00:00:00+00:00,MDRRO006_26957.pdf,2024.0,False,True,Other
MDRRO006,3965,7157.0,26958,DREF Operation Update,Romania - Floods (MDRRO006),MDRRO006ou,2024-12-30T00:00:00Z,https://go-api.ifrc.org/api/DownloadFile/89771/MDRRO006ou,RO,ROU: Flood - 09-2024 - Cyclone Boris,2024-09-30 00:00:00+00:00,MDRRO006_26958.pdf,2024.0,False,True,Other
MDRRO006,3965,7157.0,26959,DREF Operation Update,Romania - Floods (MDRRO006),MDRRO006ou2,2025-03-03T00:00:00Z,https://go-api.ifrc.org/api/DownloadFile/90553/MDRRO006ou2,RO,ROU: Flood - 09-2024 - Cyclone Boris,2024-09-30 00:00:00+00:00,MDRRO006_26959.pdf,2024.0,False,True,Other
MDRRO006,3965,7157.0,26960,DREF Operation Final Report,Romania - Floods (MDRRO006),MDRRO006dfr,2025-09-19T00:00:00Z,https://go-api.ifrc.org/api/DownloadFile/88963/MDRRO006dfr,RO,ROU: Flood - 09-2024 - Cyclone Boris,2024-09-30 00:00:00+00:00,MDRRO006_26960.pdf,2024.0,True,True,DREF (JSON)
MDRPT001,3964,7148.0,26961,DREF Operation Final Report,Portugal - Fires (MDRPT001),MDRPT001,2025-10-07T00:00:00Z,https://go-api.ifrc.org/api/DownloadFile/88958/MDRPT001,PT,PRT: Fire - 09-2024 - Wildfires - Heatwave,2024-09-28 00:00:00+00:00,MDRPT001_26961.pdf,2024.0,True,True,DREF (JSON)
MDRPT001,3964,7148.0,26962,DREF Operation Final Report,Portugal - Fires (MDRPT001),MDRPT001dfr,2025-10-07T00:00:00Z,https://go-api.ifrc.org/api/DownloadFile/88958/MDRPT001dfr,PT,PRT: Fire - 09-2024 - Wildfires - Heatwave,2024-09-28 00:00:00+00:00,MDRPT001_26962.pdf,2024.0,True,True,DREF (JSON)
MDRPT001,3964,7148.0,26963,DREF Operation,Portugal - Fires (MDRPT001),DREF Operation - Portugal Wildfires (MDRPT001),2024-09-30T00:00:00Z,https://go-api.ifrc.org/api/DownloadFile/88957/DREF-Operation---Portugal-Wildfires-(MDRPT001),PT,PRT: Fire - 09-2024 - Wildfires - Heatwave,2024-09-28 00:00:00+00:00,MDRPT001_26963.pdf,2024.0,False,True,Other
MDRCV004,3962,7139.0,26964,DREF Operation,Cape Verde - Dengue Outbreak (MDRCV004),MDRCV004do,2024-10-07T00:00:00Z,https://go-api.ifrc.org/api/DownloadFile/88998/MDRCV004do,CV,CPV: Epidemic - 08-2024 - Dengue,2024-09-27 00:00:00+00:00,MDRCV004_26964.pdf,2024.0,False,True,Other
MDRCV004,3962,7139.0,26965,DREF Operation Update,Cape Verde - Dengue Outbreak (MDRCV004),MDRCV004du1,2025-01-24T00:00:00Z,https://go-api.ifrc.org/api/DownloadFile/89915/MDRCV004du1,CV,CPV: Epidemic - 08-2024 - Dengue,2024-09-27 00:00:00+00:00,MDRCV004_26965.pdf,2024.0,False,True,Other
MDRPL003,3960,7146.0,26966,DREF Operation,Poland -Flood (MDRPL003),DREF Operation - Poland_Floods (MDRPL003),2024-09-26T00:00:00Z,https://go-api.ifrc.org/api/DownloadFile/88928/DREF-Operation---Poland_Floods-(MDRPL003),PL,POL: Flood - 09-2024 - Flood in Poland 2024,2024-09-26 00:00:00+00:00,MDRPL003_26966.pdf,2024.0,False,True,Other
MDRPL003,3960,7146.0,26967,DREF Operation Update,Poland -Flood (MDRPL003),MDRPL003ou,2025-01-28T00:00:00Z,https://go-api.ifrc.org/api/DownloadFile/89971/MDRPL003ou,PL,POL: Flood - 09-2024 - Flood in Poland 2024,2024-09-26 00:00:00+00:00,MDRPL003_26967.pdf,2024.0,False,True,Other
MDRPL003,3960,7146.0,26968,DREF Operation Final Report,Poland -Flood (MDRPL003),MDRPL003dfr,2025-09-24T00:00:00Z,https://go-api.ifrc.org/api/DownloadFile/88929/MDRPL003dfr,PL,POL: Flood - 09-2024 - Flood in Poland 2024,2024-09-26 00:00:00+00:00,MDRPL003_26968.pdf,2024.0,True,True,DREF (JSON)
MDRCZ003,3961,7197.0,26969,DREF Operation,Czech Republic - Floods (MDRCZ003),MDRCZ003_Czech Republic Floods_27 Septemeber 2024_PUBLISHED,2024-09-26T00:00:00Z,https://go-api.ifrc.org/api/DownloadFile/88925/MDRCZ003_Czech-Republic-Floods_27-Septemeber-2024_PUBLISHED,CZ,CZE: Flood - 09-2024 - Imminent Flood and Extreme Wind Risk 2024,2024-09-26 00:00:00+00:00,MDRCZ003_26969.pdf,2024.0,False,True,Other
MDRCZ003,3961,7197.0,26970,DREF Operation Update,Czech Republic - Floods (MDRCZ003),MDRCZ003du1,2024-12-23T00:00:00Z,https://go-api.ifrc.org/api/DownloadFile/89738/MDRCZ003du1,CZ,CZE: Flood - 09-2024 - Imminent Flood and Extreme Wind Risk 2024,2024-09-26 00:00:00+00:00,MDRCZ003_26970.pdf,2024.0,False,True,Other
MDRCZ003,3961,7197.0,26971,DREF Operation Final Report,Czech Republic - Floods (MDRCZ003),MDRCZ003dfr,2025-11-19T00:00:00Z,https://go-api.ifrc.org/api/DownloadFile/88926/MDRCZ003dfr,CZ,CZE: Flood - 09-2024 - Imminent Flood and Extreme Wind Risk 2024,2024-09-26 00:00:00+00:00,MDRCZ003_26971.pdf,2024.0,True,True,DREF (JSON)
MDRPH055,3958,7081.0,26972,DREF/EAP Update,Philippines - Typhoon EAP (MDRPH055),MDRPH055eapar2024,2025-03-26T00:00:00Z,https://go-api.ifrc.org/api/DownloadFile/88900/MDRPH055eapar2024,PH,PHL: Cyclone - 07-2024 - Southwest Monsoon Enhanced by Typhoon Carina,2024-08-03 00:00:00+00:00,MDRPH055_26972.pdf,2024.0,False,False,Other
MDRPH055,3958,7081.0,26973,DREF/EAP Activation,Philippines - Typhoon EAP (MDRPH055),MDRPH055eapa,2025-11-07T00:00:00Z,https://go-api.ifrc.org/api/DownloadFile/93639/MDRPH055eapa,PH,PHL: Cyclone - 07-2024 - Southwest Monsoon Enhanced by Typhoon Carina,2024-08-03 00:00:00+00:00,MDRPH055_26973.pdf,2024.0,False,False,Other
MDRPH055,3958,7081.0,26974,DREF/EAP Summary,Philippines - Typhoon EAP (MDRPH055),EAP2024PH03_MDRPH055,2024-09-27T00:00:00Z,https://go-api.ifrc.org/api/DownloadFile/88899/EAP2024PH03_MDRPH055,PH,PHL: Cyclone - 07-2024 - Southwest Monsoon Enhanced by Typhoon Carina,2024-08-03 00:00:00+00:00,MDRPH055_26974.pdf,2024.0,False,False,Other
MDRKE062,3959,7098.0,26975,DREF Operation Final Report,Kenya - Polio Outbreak (MDRKE062),MDRKE062dfr,2025-07-31T00:00:00Z,https://go-api.ifrc.org/api/DownloadFile/88894/MDRKE062dfr,KE,KEN: Epidemic - 07-2024 - Polio,2024-09-22 00:00:00+00:00,MDRKE062_26975.pdf,2024.0,True,True,DREF (JSON)
MDRKE062,3959,7098.0,26976,DREF Operation,Kenya - Polio Outbreak (MDRKE062),MDRKE062do,2024-09-25T00:00:00Z,https://go-api.ifrc.org/api/DownloadFile/88893/MDRKE062do,KE,KEN: Epidemic - 07-2024 - Polio,2024-09-22 00:00:00+00:00,MDRKE062_26976.pdf,2024.0,False,True,Other
MDRBO017,3957,7083.0,26977,DREF Operation,Boliva - Wildfires (MDRBO017),MDRBO017do,2024-09-23T00:00:00Z,https://go-api.ifrc.org/api/DownloadFile/88872/MDRBO017do,BO,BOL: Fire - 07-2024 - Forest fires,2024-09-21 00:00:00+00:00,MDRBO017_26977.pdf,2024.0,False,True,Other
MDRBO017,3957,7083.0,26978,DREF Operation Final Report,Boliva - Wildfires (MDRBO017),MDRBO017 -FR,2025-09-03T00:00:00Z,https://go-api.ifrc.org/api/DownloadFile/91082/MDRBO017--FR,BO,BOL: Fire - 07-2024 - Forest fires,2024-09-21 00:00:00+00:00,MDRBO017_26978.pdf,2024.0,True,True,DREF (JSON)
MDRVN024,3953,7136.0,26981,6 month update,Viet Nam - Cyclone Typhoon Yagi (MDRVN024),MDRVN024OU3,2025-04-30T00:00:00Z,https://go-api.ifrc.org/api/DownloadFile/88936/MDRVN024OU3,VN,Viet Nam: Typhoon YAGI - September 2024,2024-09-17 00:00:00+00:00,MDRVN024_26981.pdf,2024.0,False,False,Other
MDRVN024,3953,7136.0,26982,Operations Update,Viet Nam - Cyclone Typhoon Yagi (MDRVN024),MDRVN024OU4,2025-08-05T00:00:00Z,https://go-api.ifrc.org/api/DownloadFile/88937/MDRVN024OU4,VN,Viet Nam: Typhoon YAGI - September 2024,2024-09-17 00:00:00+00:00,MDRVN024_26982.pdf,2024.0,False,False,Other
MDRVN024,3953,7136.0,26983,Emergency Appeal,Viet Nam - Cyclone Typhoon Yagi (MDRVN024),MDRVN024EA,2024-09-18T00:00:00Z,https://go-api.ifrc.org/api/DownloadFile/88826/MDRVN024EA,VN,Viet Nam: Typhoon YAGI - September 2024,2024-09-17 00:00:00+00:00,MDRVN024_26983.pdf,2024.0,False,False,Other
MDRVN024,3953,7136.0,26984,Operational strategy,Viet Nam - Cyclone Typhoon Yagi (MDRVN024),MDRVN024OS,2024-09-27T00:00:00Z,https://go-api.ifrc.org/api/DownloadFile/88931/MDRVN024OS,VN,Viet Nam: Typhoon YAGI - September 2024,2024-09-17 00:00:00+00:00,MDRVN024_26984.pdf,2024.0,False,False,Other
MDRVN024,3953,7136.0,26985,Operations Update,Viet Nam - Cyclone Typhoon Yagi (MDRVN024),MDRVN024OU1,2024-10-11T00:00:00Z,https://go-api.ifrc.org/api/DownloadFile/88934/MDRVN024OU1,VN,Viet Nam: Typhoon YAGI - September 2024,2024-09-17 00:00:00+00:00,MDRVN024_26985.pdf,2024.0,False,False,Other
MDRVN024,3953,7136.0,26986,Operations Update,Viet Nam - Cyclone Typhoon Yagi (MDRVN024),MDRVN024OU2,2024-10-25T00:00:00Z,https://go-api.ifrc.org/api/DownloadFile/88935/MDRVN024OU2,VN,Viet Nam: Typhoon YAGI - September 2024,2024-09-17 00:00:00+00:00,MDRVN024_26986.pdf,2024.0,False,False,Other
MDRVN024,3953,7136.0,26987,12 month update,Viet Nam - Cyclone Typhoon Yagi (MDRVN024),MDRVN024OU5,2025-10-31T00:00:00Z,https://go-api.ifrc.org/api/DownloadFile/92097/MDRVN024OU5,VN,Viet Nam: Typhoon YAGI - September 2024,2024-09-17 00:00:00+00:00,MDRVN024_26987.pdf,2024.0,False,False,Other
MDRAR022,3954,7034.0,26988,Emergency Appeal,Argentina - Economic Crisis (MDRAR022),MDRAR022ea,2024-09-23T00:00:00Z,https://go-api.ifrc.org/api/DownloadFile/88868/MDRAR022ea,AR,ARG: Others - 06-2024 - Economic Crisis,2024-09-17 00:00:00+00:00,MDRAR022_26988.pdf,2024.0,False,False,Other
MDRAR022,3954,7034.0,26989,Operations Update,Argentina - Economic Crisis (MDRAR022),MDRAR022ou2,2025-05-30T00:00:00Z,https://go-api.ifrc.org/api/DownloadFile/89330/MDRAR022ou2,AR,ARG: Others - 06-2024 - Economic Crisis,2024-09-17 00:00:00+00:00,MDRAR022_26989.pdf,2024.0,False,False,Other
MDRAR022,3954,7034.0,26990,Operational strategy,Argentina - Economic Crisis (MDRAR022),MDRAR022os,2024-11-04T00:00:00Z,https://go-api.ifrc.org/api/DownloadFile/89303/MDRAR022os,AR,ARG: Others - 06-2024 - Economic Crisis,2024-09-17 00:00:00+00:00,MDRAR022_26990.pdf,2024.0,False,False,Other
MDRAR022,3954,7034.0,26991,12 month update,Argentina - Economic Crisis (MDRAR022),MDRAR022_OU5,2025-12-04T00:00:00Z,https://go-api.ifrc.org/api/DownloadFile/93416/MDRAR022_OU5,AR,ARG: Others - 06-2024 - Economic Crisis,2024-09-17 00:00:00+00:00,MDRAR022_26991.pdf,2024.0,False,False,Other
MDRAR022,3954,7034.0,26992,Operations Update,Argentina - Economic Crisis (MDRAR022),MDRAR022ou1,2025-02-20T00:00:00Z,https://go-api.ifrc.org/api/DownloadFile/89329/MDRAR022ou1,AR,ARG: Others - 06-2024 - Economic Crisis,2024-09-17 00:00:00+00:00,MDRAR022_26992.pdf,2024.0,False,False,Other
MDRAR022,3954,7034.0,26993,6 month update,Argentina - Economic Crisis (MDRAR022),MDRAR022OU3,2025-08-22T00:00:00Z,https://go-api.ifrc.org/api/DownloadFile/89331/MDRAR022OU3,AR,ARG: Others - 06-2024 - Economic Crisis,2024-09-17 00:00:00+00:00,MDRAR022_26993.pdf,2024.0,False,False,Other
MDRAR022,3954,7034.0,26994,Operations Update,Argentina - Economic Crisis (MDRAR022),MDRAR022OU4,2025-10-01T00:00:00Z,https://go-api.ifrc.org/api/DownloadFile/92497/MDRAR022OU4,AR,ARG: Others - 06-2024 - Economic Crisis,2024-09-17 00:00:00+00:00,MDRAR022_26994.pdf,2024.0,False,False,Other
MDRMM021,3955,7145.0,26995,Operations Update,Myanmar - Flood Typhoon Yagi (MDRMM021),MDRMM021OU3,2025-07-30T00:00:00Z,https://go-api.ifrc.org/api/DownloadFile/88942/MDRMM021OU3,MM,Myanmar: Typhoon YAGI - September 2024,2024-09-17 00:00:00+00:00,MDRMM021_26995.pdf,2024.0,False,False,Other
MDRMM021,3955,7145.0,26996,Emergency Appeal,Myanmar - Flood Typhoon Yagi (MDRMM021),MDRMM021EA,2024-09-18T00:00:00Z,https://go-api.ifrc.org/api/DownloadFile/88825/MDRMM021EA,MM,Myanmar: Typhoon YAGI - September 2024,2024-09-17 00:00:00+00:00,MDRMM021_26996.pdf,2024.0,False,False,Other
MDRMM021,3955,7145.0,26997,Operational strategy,Myanmar - Flood Typhoon Yagi (MDRMM021),MDRMM021OS,2024-09-29T00:00:00Z,https://go-api.ifrc.org/api/DownloadFile/88932/MDRMM021OS,MM,Myanmar: Typhoon YAGI - September 2024,2024-09-17 00:00:00+00:00,MDRMM021_26997.pdf,2024.0,False,False,Other
MDRMM021,3955,7145.0,26998,Operations Update,Myanmar - Flood Typhoon Yagi (MDRMM021),MDRMM021-Myanmar-TyYagiFlood_OU1,2024-10-26T00:00:00Z,https://go-api.ifrc.org/api/DownloadFile/88940/MDRMM021-Myanmar-TyYagiFlood_OU1,MM,Myanmar: Typhoon YAGI - September 2024,2024-09-17 00:00:00+00:00,MDRMM021_26998.pdf,2024.0,False,False,Other
MDRMM021,3955,7145.0,26999,Operations Update,Myanmar - Flood Typhoon Yagi (MDRMM021),MDRMM021OU2,2024-11-20T00:00:00Z,https://go-api.ifrc.org/api/DownloadFile/88941/MDRMM021OU2,MM,Myanmar: Typhoon YAGI - September 2024,2024-09-17 00:00:00+00:00,MDRMM021_26999.pdf,2024.0,False,False,Other
MDRPK026,3951,7131.0,27000,DREF Operation Final Report,Pakistan - Floods (MDRPK026),MDRPK026dfr,2025-03-28T00:00:00Z,https://go-api.ifrc.org/api/DownloadFile/88815/MDRPK026dfr,PK,Pakistan: Monsoon Rain/Floods - August 2024,2024-09-14 00:00:00+00:00,MDRPK026_27000.pdf,2024.0,True,False,DREF (Missing from JSON)
MDRPK026,3951,7131.0,27001,DREF Operation,Pakistan - Floods (MDRPK026),MDRPK026do,2024-09-15T00:00:00Z,https://go-api.ifrc.org/api/DownloadFile/88814/MDRPK026do,PK,Pakistan: Monsoon Rain/Floods - August 2024,2024-09-14 00:00:00+00:00,MDRPK026_27001.pdf,2024.0,False,False,Other
MDRTD024,3952,7144.0,27002,Operations Update,Chad - Flood (MDRTD024),MDRTD024eu1,2025-05-20T00:00:00Z,https://go-api.ifrc.org/api/DownloadFile/89133/MDRTD024eu1,TD,Chad - Floods 2024,2024-09-12 00:00:00+00:00,MDRTD024_27002.pdf,2024.0,False,False,Other
MDRTD024,3952,7144.0,27003,Operations Update,Chad - Flood (MDRTD024),MDRTD024eu2,2025-05-20T00:00:00Z,https://go-api.ifrc.org/api/DownloadFile/89134/MDRTD024eu2,TD,Chad - Floods 2024,2024-09-12 00:00:00+00:00,MDRTD024_27003.pdf,2024.0,False,False,Other
MDRTD024,3952,7144.0,27004,Emergency Appeal,Chad - Flood (MDRTD024),MDRTD024ea,2024-09-12T00:00:00Z,https://go-api.ifrc.org/api/DownloadFile/88745/MDRTD024ea,TD,Chad - Floods 2024,2024-09-12 00:00:00+00:00,MDRTD024_27004.pdf,2024.0,False,False,Other
MDRTD024,3952,7144.0,27005,Operational strategy,Chad - Flood (MDRTD024),MDRTD024os,2024-10-15T00:00:00Z,https://go-api.ifrc.org/api/DownloadFile/89132/MDRTD024os,TD,Chad - Floods 2024,2024-09-12 00:00:00+00:00,MDRTD024_27005.pdf,2024.0,False,False,Other
MDRTD024,3952,7144.0,27006,6 month update,Chad - Flood (MDRTD024),MDRTD024_6month update,2025-06-27T00:00:00Z,https://go-api.ifrc.org/api/DownloadFile/89135/MDRTD024_6month-update,TD,Chad - Floods 2024,2024-09-12 00:00:00+00:00,MDRTD024_27006.pdf,2024.0,False,False,Other
MDRTD024,3952,7144.0,27007,12 month update,Chad - Flood (MDRTD024),IFRC_MDRTD024_12-Month Update,2025-12-23T00:00:00Z,https://go-api.ifrc.org/api/DownloadFile/94059/IFRC_MDRTD024_12-Month-Update,TD,Chad - Floods 2024,2024-09-12 00:00:00+00:00,MDRTD024_27007.pdf,2024.0,False,False,Other
MDRSD034,3949,7141.0,27008,DREF Operation,Sudan - Floods (MDRSD034),MDRSD034do,2024-09-06T00:00:00Z,https://go-api.ifrc.org/api/DownloadFile/88659/MDRSD034do,SD,SDN: 2024 Floods & Cholera,2024-09-05 00:00:00+00:00,MDRSD034_27008.pdf,2024.0,False,False,Other
MDRSD034,3949,7141.0,27009,DREF Operation Update,Sudan - Floods (MDRSD034),MDRSD034du1,2025-03-17T00:00:00Z,https://go-api.ifrc.org/api/DownloadFile/90654/MDRSD034du1,SD,SDN: 2024 Floods & Cholera,2024-09-05 00:00:00+00:00,MDRSD034_27009.pdf,2024.0,False,False,Other
MDRCM039,3948,7128.0,27010,6 month update,Cameroon - Floods (MDRCM039),MDRCM0396m,2025-04-08T00:00:00Z,https://go-api.ifrc.org/api/DownloadFile/89178/MDRCM0396m,CM,CMR: Inondation - 08-2024 - inondation Logone et Chari,2024-09-04 00:00:00+00:00,MDRCM039_27010.pdf,2024.0,False,False,Other
MDRCM039,3948,7128.0,27011,DREF Operation,Cameroon - Floods (MDRCM039),MDRCM039do,2024-09-13T00:00:00Z,https://go-api.ifrc.org/api/DownloadFile/88788/MDRCM039do,CM,CMR: Inondation - 08-2024 - inondation Logone et Chari,2024-09-04 00:00:00+00:00,MDRCM039_27011.pdf,2024.0,False,False,Other
MDRCM039,3948,7128.0,27012,Emergency Appeal,Cameroon - Floods (MDRCM039),MDRCM039ea,2024-10-17T00:00:00Z,https://go-api.ifrc.org/api/DownloadFile/89171/MDRCM039ea,CM,CMR: Inondation - 08-2024 - inondation Logone et Chari,2024-09-04 00:00:00+00:00,MDRCM039_27012.pdf,2024.0,False,False,Other
MDRCM039,3948,7128.0,27013,Operations Update,Cameroon - Floods (MDRCM039),MDRCM039eu3,2025-09-09T00:00:00Z,https://go-api.ifrc.org/api/DownloadFile/92340/MDRCM039eu3,CM,CMR: Inondation - 08-2024 - inondation Logone et Chari,2024-09-04 00:00:00+00:00,MDRCM039_27013.pdf,2024.0,False,False,Other
MDRCM039,3948,7128.0,27014,Operational strategy,Cameroon - Floods (MDRCM039),MDRCM039 OS,2024-12-10T00:00:00Z,https://go-api.ifrc.org/api/DownloadFile/89175/MDRCM039-OS,CM,CMR: Inondation - 08-2024 - inondation Logone et Chari,2024-09-04 00:00:00+00:00,MDRCM039_27014.pdf,2024.0,False,False,Other
MDRCM039,3948,7128.0,27015,Operations Update,Cameroon - Floods (MDRCM039),MDRCM039eu1,2025-01-29T00:00:00Z,https://go-api.ifrc.org/api/DownloadFile/89176/MDRCM039eu1,CM,CMR: Inondation - 08-2024 - inondation Logone et Chari,2024-09-04 00:00:00+00:00,MDRCM039_27015.pdf,2024.0,False,False,Other
MDRCM039,3948,7128.0,27016,Operations Update,Cameroon - Floods (MDRCM039),MDRCM039du2,2025-02-11T00:00:00Z,https://go-api.ifrc.org/api/DownloadFile/89177/MDRCM039du2,CM,CMR: Inondation - 08-2024 - inondation Logone et Chari,2024-09-04 00:00:00+00:00,MDRCM039_27016.pdf,2024.0,False,False,Other
MDRNG041,3947,7062.0,27017,DREF Operation,Nigeria - Floods (MDRNG041),MDRNG041do,2024-09-06T00:00:00Z,https://go-api.ifrc.org/api/DownloadFile/88650/MDRNG041do,NG,"NGA: Flood - 07-2024 - FLOOD DISASTER IN THE MAKURDI LGA OF BENUE STATE, NIGERIA",2024-09-03 00:00:00+00:00,MDRNG041_27017.pdf,2024.0,False,False,Other
MDRNG041,3947,7062.0,27018,Emergency Appeal,Nigeria - Floods (MDRNG041),MDRNG041ea,2024-09-18T00:00:00Z,https://go-api.ifrc.org/api/DownloadFile/88855/MDRNG041ea,NG,"NGA: Flood - 07-2024 - FLOOD DISASTER IN THE MAKURDI LGA OF BENUE STATE, NIGERIA",2024-09-03 00:00:00+00:00,MDRNG041_27018.pdf,2024.0,False,False,Other
MDRNG041,3947,7062.0,27019,Operations Update,Nigeria - Floods (MDRNG041),MDRNG041ou1,2025-06-02T00:00:00Z,https://go-api.ifrc.org/api/DownloadFile/91133/MDRNG041ou1,NG,"NGA: Flood - 07-2024 - FLOOD DISASTER IN THE MAKURDI LGA OF BENUE STATE, NIGERIA",2024-09-03 00:00:00+00:00,MDRNG041_27019.pdf,2024.0,False,False,Other
MDRNG041,3947,7062.0,27020,Operations Update,Nigeria - Floods (MDRNG041),MDRNG041ou2,2025-06-16T00:00:00Z,https://go-api.ifrc.org/api/DownloadFile/91134/MDRNG041ou2,NG,"NGA: Flood - 07-2024 - FLOOD DISASTER IN THE MAKURDI LGA OF BENUE STATE, NIGERIA",2024-09-03 00:00:00+00:00,MDRNG041_27020.pdf,2024.0,False,False,Other
MDRNG041,3947,7062.0,27021,Operational strategy,Nigeria - Floods (MDRNG041),MDRNG041_OS,2024-12-10T00:00:00Z,https://go-api.ifrc.org/api/DownloadFile/89552/MDRNG041_OS,NG,"NGA: Flood - 07-2024 - FLOOD DISASTER IN THE MAKURDI LGA OF BENUE STATE, NIGERIA",2024-09-03 00:00:00+00:00,MDRNG041_27021.pdf,2024.0,False,False,Other
MDRNG041,3947,7062.0,27022,6 month update,Nigeria - Floods (MDRNG041),MDRNG041ou3,2025-12-03T00:00:00Z,https://go-api.ifrc.org/api/DownloadFile/91135/MDRNG041ou3,NG,"NGA: Flood - 07-2024 - FLOOD DISASTER IN THE MAKURDI LGA OF BENUE STATE, NIGERIA",2024-09-03 00:00:00+00:00,MDRNG041_27022.pdf,2024.0,False,False,Other
MDRNA014,3950,7026.0,27023,Operations Update,Namibia - Drought (MDRNA014),MDRNA014 eu1,2025-04-14T00:00:00Z,https://go-api.ifrc.org/api/DownloadFile/88833/MDRNA014-eu1,NA,Namibia -  Drought,2024-09-02 00:00:00+00:00,MDRNA014_27023.pdf,2024.0,False,False,Other
MDRNA014,3950,7026.0,27024,Emergency Appeal,Namibia - Drought (MDRNA014),MDRNA014ea,2024-09-09T00:00:00Z,https://go-api.ifrc.org/api/DownloadFile/88664/MDRNA014ea,NA,Namibia -  Drought,2024-09-02 00:00:00+00:00,MDRNA014_27024.pdf,2024.0,False,False,Other
MDRNA014,3950,7026.0,27025,Operations Update,Namibia - Drought (MDRNA014),MDRNA014 OU4,2025-12-16T00:00:00Z,https://go-api.ifrc.org/api/DownloadFile/94010/MDRNA014-OU4,NA,Namibia -  Drought,2024-09-02 00:00:00+00:00,MDRNA014_27025.pdf,2024.0,False,False,Other
MDRNA014,3950,7026.0,27026,Operational strategy,Namibia - Drought (MDRNA014),MDRNA014OS,2024-11-27T00:00:00Z,https://go-api.ifrc.org/api/DownloadFile/88832/MDRNA014OS,NA,Namibia -  Drought,2024-09-02 00:00:00+00:00,MDRNA014_27026.pdf,2024.0,False,False,Other
MDRNA014,3950,7026.0,27027,Operations Update,Namibia - Drought (MDRNA014),MDRNA014 OU#3,2025-08-25T00:00:00Z,https://go-api.ifrc.org/api/DownloadFile/92218/MDRNA014-OU_3,NA,Namibia -  Drought,2024-09-02 00:00:00+00:00,MDRNA014_27027.pdf,2024.0,False,False,Other
MDRLA010,3943,7123.0,27028,DREF Operation Final Report,Lao PDR - Flood (MDRLA010),MDRLA010dfr,2025-05-30T00:00:00Z,https://go-api.ifrc.org/api/DownloadFile/88582/MDRLA010dfr,LA,LAO: Flood - August 2024,2024-08-25 00:00:00+00:00,MDRLA010_27028.pdf,2024.0,True,False,DREF (Missing from JSON)
MDRLA010,3943,7123.0,27029,DREF Operation,Lao PDR - Flood (MDRLA010),MDRLA010do,2024-08-26T00:00:00Z,https://go-api.ifrc.org/api/DownloadFile/88581/MDRLA010do,LA,LAO: Flood - August 2024,2024-08-25 00:00:00+00:00,MDRLA010_27029.pdf,2024.0,False,False,Other
MDRLA010,3943,7123.0,27030,DREF Operation Update,Lao PDR - Flood (MDRLA010),MDRLA010OU1,2024-10-17T00:00:00Z,https://go-api.ifrc.org/api/DownloadFile/89157/MDRLA010OU1,LA,LAO: Flood - August 2024,2024-08-25 00:00:00+00:00,MDRLA010_27030.pdf,2024.0,False,False,Other
MDRS1003,3942,7118.0,27032,6 month update,Africa - Regional  Mpox Epidemic (MDRS1003),MDRS1003OU3,2025-05-14T00:00:00Z,https://go-api.ifrc.org/api/DownloadFile/88955/MDRS1003OU3,KE,Africa -Mpox Epidemic,2024-08-20 00:00:00+00:00,MDRS1003_27032.pdf,2024.0,False,False,Other
MDRS1003,3942,7118.0,27033,Emergency Appeal,Africa - Regional  Mpox Epidemic (MDRS1003),MDRS1003ea,2024-08-22T00:00:00Z,https://go-api.ifrc.org/api/DownloadFile/88577/MDRS1003ea,KE,Africa -Mpox Epidemic,2024-08-20 00:00:00+00:00,MDRS1003_27033.pdf,2024.0,False,False,Other
MDRS1003,3942,7118.0,27034,Operational strategy,Africa - Regional  Mpox Epidemic (MDRS1003),MDRS1003os,2024-09-30T00:00:00Z,https://go-api.ifrc.org/api/DownloadFile/88952/MDRS1003os,KE,Africa -Mpox Epidemic,2024-08-20 00:00:00+00:00,MDRS1003_27034.pdf,2024.0,False,False,Other
MDRS1003,3942,7118.0,27035,Operations Update,Africa - Regional  Mpox Epidemic (MDRS1003),MDRS1003eu1,2024-10-22T00:00:00Z,https://go-api.ifrc.org/api/DownloadFile/88953/MDRS1003eu1,KE,Africa -Mpox Epidemic,2024-08-20 00:00:00+00:00,MDRS1003_27035.pdf,2024.0,False,False,Other
MDRS1003,3942,7118.0,27036,Operations Update,Africa - Regional  Mpox Epidemic (MDRS1003),MDRS1003ou2,2024-11-29T00:00:00Z,https://go-api.ifrc.org/api/DownloadFile/88954/MDRS1003ou2,KE,Africa -Mpox Epidemic,2024-08-20 00:00:00+00:00,MDRS1003_27036.pdf,2024.0,False,False,Other
MDRS1003,3942,7118.0,27037,12 month update,Africa - Regional  Mpox Epidemic (MDRS1003),MDRS1003eu4,2025-10-13T00:00:00Z,https://go-api.ifrc.org/api/DownloadFile/91132/MDRS1003eu4,KE,Africa -Mpox Epidemic,2024-08-20 00:00:00+00:00,MDRS1003_27037.pdf,2024.0,False,False,Other
MDRPA019,3941,7097.0,27038,DREF Operation,Panama - Dengue (MDRPA019),MDRPA019do,2024-08-20T00:00:00Z,https://go-api.ifrc.org/api/DownloadFile/88563/MDRPA019do,PA,PAN: Epidemic - 08-2024 - dengue,2024-08-20 00:00:00+00:00,MDRPA019_27038.pdf,2024.0,False,True,Other
MDRPA019,3941,7097.0,27039,DREF Operation Final Report,Panama - Dengue (MDRPA019),MDRPA019-FR,2025-08-15T00:00:00Z,https://go-api.ifrc.org/api/DownloadFile/88564/MDRPA019-FR,PA,PAN: Epidemic - 08-2024 - dengue,2024-08-20 00:00:00+00:00,MDRPA019_27039.pdf,2024.0,True,True,DREF (JSON)
MDRPA019,3941,7097.0,27040,DREF Operation Update,Panama - Dengue (MDRPA019),MDRPA019ou1,2024-12-16T00:00:00Z,https://go-api.ifrc.org/api/DownloadFile/89619/MDRPA019ou1,PA,PAN: Epidemic - 08-2024 - dengue,2024-08-20 00:00:00+00:00,MDRPA019_27040.pdf,2024.0,False,True,Other
MDRSO019,3938,7162.0,27041,DREF/EAP Activation,Somalia - Drought EAP (MDRSO019),MDRSO019 EAP Activation,2025-03-24T00:00:00Z,https://go-api.ifrc.org/api/DownloadFile/90720/MDRSO019-EAP-Activation,SO,SOM: Drought EAP,2024-08-16 00:00:00+00:00,MDRSO019_27041.pdf,2024.0,False,False,Other
MDRSO019,3938,7162.0,27042,DREF/EAP Summary,Somalia - Drought EAP (MDRSO019),EAP2024SO01 Summary,2024-08-28T00:00:00Z,https://go-api.ifrc.org/api/DownloadFile/88598/EAP2024SO01-Summary,SO,SOM: Drought EAP,2024-08-16 00:00:00+00:00,MDRSO019_27042.pdf,2024.0,False,False,Other
MDRSO019,3938,7162.0,27043,DREF/EAP Update,Somalia - Drought EAP (MDRSO019),MDRSO019 EAP Update,2025-06-09T00:00:00Z,https://go-api.ifrc.org/api/DownloadFile/91361/MDRSO019-EAP-Update,SO,SOM: Drought EAP,2024-08-16 00:00:00+00:00,MDRSO019_27043.pdf,2024.0,False,False,Other
MDRSO019,3938,7162.0,27044,DREF/EAP Activation Report,Somalia - Drought EAP (MDRSO019),MDRSO019_EAP Activation Report,2025-11-24T00:00:00Z,https://go-api.ifrc.org/api/DownloadFile/92453/MDRSO019_EAP-Activation-Report,SO,SOM: Drought EAP,2024-08-16 00:00:00+00:00,MDRSO019_27044.pdf,2024.0,False,False,Other
MDRBI022,3937,7086.0,27046,Emergency Appeal,Burundi - Mpox Epidemic (MDRBI022),MDRBI022do,2024-09-05T00:00:00Z,https://go-api.ifrc.org/api/DownloadFile/88644/MDRBI022do,BI,BDI: Epidemic - 07-2024 - BDI: MPOX epidemic-07-2024,2024-08-15 00:00:00+00:00,MDRBI022_27046.pdf,2024.0,False,False,Other
MDRGN017,3936,7161.0,27047,DREF Operation Final Report,Guinea - Flood (MDRGN017),MDRGN017dfr,2025-08-01T00:00:00Z,https://go-api.ifrc.org/api/DownloadFile/88546/MDRGN017dfr,GN,GIN: 07-2024 Floods,2024-08-13 00:00:00+00:00,MDRGN017_27047.pdf,2024.0,True,True,DREF (JSON)
MDRGN017,3936,7161.0,27048,DREF Operation,Guinea - Flood (MDRGN017),MDRGN017do,2024-08-16T00:00:00Z,https://go-api.ifrc.org/api/DownloadFile/88545/MDRGN017do,GN,GIN: 07-2024 Floods,2024-08-13 00:00:00+00:00,MDRGN017_27048.pdf,2024.0,False,True,Other
MDRMM020,3935,7095.0,27049,DREF Operation Final Report,Myanmar - Floods (MDRMM020),MDRMM020dfr,2025-08-31T00:00:00Z,https://go-api.ifrc.org/api/DownloadFile/88504/MDRMM020dfr,MM,Myanmar: Seasonal Flood - 2024,2024-08-09 00:00:00+00:00,MDRMM020_27049.pdf,2024.0,True,False,DREF (Missing from JSON)
MDRMM020,3935,7095.0,27050,DREF Operation,Myanmar - Floods (MDRMM020),MDRMM020do,2024-08-10T00:00:00Z,https://go-api.ifrc.org/api/DownloadFile/88503/MDRMM020do,MM,Myanmar: Seasonal Flood - 2024,2024-08-09 00:00:00+00:00,MDRMM020_27050.pdf,2024.0,False,False,Other
MDRMM020,3935,7095.0,27051,DREF Operation Update,Myanmar - Floods (MDRMM020),MDRMM020OU1,2025-03-06T00:00:00Z,https://go-api.ifrc.org/api/DownloadFile/88505/MDRMM020OU1,MM,Myanmar: Seasonal Flood - 2024,2024-08-09 00:00:00+00:00,MDRMM020_27051.pdf,2024.0,False,False,Other
MDRML019,3934,7229.0,27052,Operational strategy,Mali - Complex Emergency (MDRML019),MDRML019_OS,2025-04-01T00:00:00Z,https://go-api.ifrc.org/api/DownloadFile/90810/MDRML019_OS,ML,Mali -  Complex Emergency,2024-08-04 00:00:00+00:00,MDRML019_27052.pdf,2024.0,False,False,Other
MDRML019,3934,7229.0,27053,DREF Operation,Mali - Complex Emergency (MDRML019),MDRML019do,2024-08-12T00:00:00Z,https://go-api.ifrc.org/api/DownloadFile/88508/MDRML019do,ML,Mali -  Complex Emergency,2024-08-04 00:00:00+00:00,MDRML019_27053.pdf,2024.0,False,False,Other
MDRML019,3934,7229.0,27054,DREF Operation Update,Mali - Complex Emergency (MDRML019),MDRML019du1,2024-10-06T00:00:00Z,https://go-api.ifrc.org/api/DownloadFile/88997/MDRML019du1,ML,Mali -  Complex Emergency,2024-08-04 00:00:00+00:00,MDRML019_27054.pdf,2024.0,False,False,Other
MDRML019,3934,7229.0,27055,Emergency Appeal,Mali - Complex Emergency (MDRML019),MDRML019ea,2024-11-13T00:00:00Z,https://go-api.ifrc.org/api/DownloadFile/89383/MDRML019ea,ML,Mali -  Complex Emergency,2024-08-04 00:00:00+00:00,MDRML019_27055.pdf,2024.0,False,False,Other
MDRML019,3934,7229.0,27056,6 month update,Mali - Complex Emergency (MDRML019),MDRML019 6-month update,2025-11-05T00:00:00Z,https://go-api.ifrc.org/api/DownloadFile/91170/MDRML019-6-month-update,ML,Mali -  Complex Emergency,2024-08-04 00:00:00+00:00,MDRML019_27056.pdf,2024.0,False,False,Other
MDRPH054,3933,7081.0,27057,DREF Operation Final Report,Philippines - Flood (MDRPH054),MDRPH054dfr,2025-05-30T00:00:00Z,https://go-api.ifrc.org/api/DownloadFile/88459/MDRPH054dfr,PH,PHL: Cyclone - 07-2024 - Southwest Monsoon Enhanced by Typhoon Carina,2024-08-03 00:00:00+00:00,MDRPH054_27057.pdf,2024.0,True,False,DREF (Missing from JSON)
MDRPH054,3933,7081.0,27058,DREF Operation,Philippines - Flood (MDRPH054),MDRPH054do,2024-08-04T00:00:00Z,https://go-api.ifrc.org/api/DownloadFile/88458/MDRPH054do,PH,PHL: Cyclone - 07-2024 - Southwest Monsoon Enhanced by Typhoon Carina,2024-08-03 00:00:00+00:00,MDRPH054_27058.pdf,2024.0,False,False,Other
MDRGQ004,3932,7074.0,27059,DREF Operation,Equatorial Guinea - Shipwreck (MDRGQ004),MDRGQ004do,2024-08-05T00:00:00Z,https://go-api.ifrc.org/api/DownloadFile/88460/MDRGQ004do,GQ,"GNQ: Other - 07-2024 - Shipwreck in Bata, Equatorial Guinea",2024-07-30 00:00:00+00:00,MDRGQ004_27059.pdf,2024.0,False,True,Other
MDRGQ004,3932,7074.0,27060,DREF Operation Update,Equatorial Guinea - Shipwreck (MDRGQ004),MDRGQ004du1,2024-09-27T00:00:00Z,https://go-api.ifrc.org/api/DownloadFile/88930/MDRGQ004du1,GQ,"GNQ: Other - 07-2024 - Shipwreck in Bata, Equatorial Guinea",2024-07-30 00:00:00+00:00,MDRGQ004_27060.pdf,2024.0,False,True,Other
MDRGQ004,3932,7074.0,27061,DREF Operation Final Report,Equatorial Guinea - Shipwreck (MDRGQ004),MDRGQ004dfr,2025-02-24T00:00:00Z,https://go-api.ifrc.org/api/DownloadFile/90504/MDRGQ004dfr,GQ,"GNQ: Other - 07-2024 - Shipwreck in Bata, Equatorial Guinea",2024-07-30 00:00:00+00:00,MDRGQ004_27061.pdf,2024.0,True,True,DREF (JSON)
MDRET036,3931,7078.0,27062,Emergency Appeal,Ethiopia - Landslides and Floods (MDRET036),MDRET036ea,2024-08-01T00:00:00Z,https://go-api.ifrc.org/api/DownloadFile/88436/MDRET036ea,ET,ETH: Landslide and Windstorm - 07-2024 - ETHIOPIA LANDSLIDE,2024-07-29 00:00:00+00:00,MDRET036_27062.pdf,2024.0,False,False,Other
MDRET036,3931,7078.0,27063,Operational strategy,Ethiopia - Landslides and Floods (MDRET036),MDRET036ea,2024-10-01T00:00:00Z,https://go-api.ifrc.org/api/DownloadFile/88959/MDRET036ea,ET,ETH: Landslide and Windstorm - 07-2024 - ETHIOPIA LANDSLIDE,2024-07-29 00:00:00+00:00,MDRET036_27063.pdf,2024.0,False,False,Other
MDRET036,3931,7078.0,27064,Operations Update,Ethiopia - Landslides and Floods (MDRET036),MDRET036eu1,2024-11-04T00:00:00Z,https://go-api.ifrc.org/api/DownloadFile/89298/MDRET036eu1,ET,ETH: Landslide and Windstorm - 07-2024 - ETHIOPIA LANDSLIDE,2024-07-29 00:00:00+00:00,MDRET036_27064.pdf,2024.0,False,False,Other
MDRET036,3931,7078.0,27065,6 month update,Ethiopia - Landslides and Floods (MDRET036),MDRET036OU3,2025-12-31T00:00:00Z,https://go-api.ifrc.org/api/DownloadFile/94099/MDRET036OU3,ET,ETH: Landslide and Windstorm - 07-2024 - ETHIOPIA LANDSLIDE,2024-07-29 00:00:00+00:00,MDRET036_27065.pdf,2024.0,False,False,Other
MDRET036,3931,7078.0,27066,Operations Update,Ethiopia - Landslides and Floods (MDRET036),MDRET036eu2,2025-07-03T00:00:00Z,https://go-api.ifrc.org/api/DownloadFile/91580/MDRET036eu2,ET,ETH: Landslide and Windstorm - 07-2024 - ETHIOPIA LANDSLIDE,2024-07-29 00:00:00+00:00,MDRET036_27066.pdf,2024.0,False,False,Other
MDRSS014,3930,7082.0,27067,6 month update,South Sudan - Floods (MDRSS014),MDRSS0146m,2025-04-02T00:00:00Z,https://go-api.ifrc.org/api/DownloadFile/89184/MDRSS0146m,SS,Sudan : Floods & Cholera,2024-07-25 00:00:00+00:00,MDRSS014_27067.pdf,2024.0,False,False,Other
MDRSS014,3930,7082.0,27068,DREF Operation,South Sudan - Floods (MDRSS014),MDRSS014do,2024-08-01T00:00:00Z,https://go-api.ifrc.org/api/DownloadFile/88444/MDRSS014do,SS,Sudan : Floods & Cholera,2024-07-25 00:00:00+00:00,MDRSS014_27068.pdf,2024.0,False,False,Other
MDRSS014,3930,7082.0,27069,Emergency Appeal,South Sudan - Floods (MDRSS014),MDRSS014ea,2024-10-17T00:00:00Z,https://go-api.ifrc.org/api/DownloadFile/89180/MDRSS014ea,SS,Sudan : Floods & Cholera,2024-07-25 00:00:00+00:00,MDRSS014_27069.pdf,2024.0,False,False,Other
MDRSS014,3930,7082.0,27070,12 month update,South Sudan - Floods (MDRSS014),MDRSS01412m,2025-12-09T00:00:00Z,https://go-api.ifrc.org/api/DownloadFile/93892/MDRSS01412m,SS,Sudan : Floods & Cholera,2024-07-25 00:00:00+00:00,MDRSS014_27070.pdf,2024.0,False,False,Other
MDRSS014,3930,7082.0,27071,Operational strategy,South Sudan - Floods (MDRSS014),MDRSS014OS,2024-11-25T00:00:00Z,https://go-api.ifrc.org/api/DownloadFile/89181/MDRSS014OS,SS,Sudan : Floods & Cholera,2024-07-25 00:00:00+00:00,MDRSS014_27071.pdf,2024.0,False,False,Other
MDRSS014,3930,7082.0,27072,Operations Update,South Sudan - Floods (MDRSS014),MDRSS014eu2,2025-02-26T00:00:00Z,https://go-api.ifrc.org/api/DownloadFile/89183/MDRSS014eu2,SS,Sudan : Floods & Cholera,2024-07-25 00:00:00+00:00,MDRSS014_27072.pdf,2024.0,False,False,Other
MDRSS014,3930,7082.0,27073,Operations Update,South Sudan - Floods (MDRSS014),MDRSS014eu1,2025-02-27T00:00:00Z,https://go-api.ifrc.org/api/DownloadFile/89182/MDRSS014eu1,SS,Sudan : Floods & Cholera,2024-07-25 00:00:00+00:00,MDRSS014_27073.pdf,2024.0,False,False,Other
MDRVE009,3928,7055.0,27077,DREF Operation,Venezuela - Hurricane Beryl (MDRVE009),MDRVE009do,2024-07-16T00:00:00Z,https://go-api.ifrc.org/api/DownloadFile/88240/MDRVE009do,VE,VEN: Pluvial flood / flood - 06-2024 - Floods Venezuela 2024,2024-07-16 00:00:00+00:00,MDRVE009_27077.pdf,2024.0,False,True,Other
MDRVE009,3928,7055.0,27078,DREF Operation Final Report,Venezuela - Hurricane Beryl (MDRVE009),MDRVE009fr,2025-06-30T00:00:00Z,https://go-api.ifrc.org/api/DownloadFile/88241/MDRVE009fr,VE,VEN: Pluvial flood / flood - 06-2024 - Floods Venezuela 2024,2024-07-16 00:00:00+00:00,MDRVE009_27078.pdf,2024.0,True,True,DREF (JSON)
MDRVE009,3928,7055.0,27079,DREF Operation Update,Venezuela - Hurricane Beryl (MDRVE009),MDRVE009ou1,2024-12-17T00:00:00Z,https://go-api.ifrc.org/api/DownloadFile/89642/MDRVE009ou1,VE,VEN: Pluvial flood / flood - 06-2024 - Floods Venezuela 2024,2024-07-16 00:00:00+00:00,MDRVE009_27079.pdf,2024.0,False,True,Other
MDRNG039,3925,7100.0,27080,DREF Operation,Nigeria - Severe Acute Malnutrition (MDRNG039),MDRNG039do,2024-07-18T00:00:00Z,https://go-api.ifrc.org/api/DownloadFile/88256/MDRNG039do,NG,NGA: 2024 Severe Acute Malnutrition,2024-07-15 00:00:00+00:00,MDRNG039_27080.pdf,2024.0,False,True,Other
MDRNG039,3925,7100.0,27081,DREF Operation Update,Nigeria - Severe Acute Malnutrition (MDRNG039),MDRNG039du1,2025-01-14T00:00:00Z,https://go-api.ifrc.org/api/DownloadFile/89810/MDRNG039du1,NG,NGA: 2024 Severe Acute Malnutrition,2024-07-15 00:00:00+00:00,MDRNG039_27081.pdf,2024.0,False,True,Other
MDRNG039,3925,7100.0,27082,DREF Operation Final Report,Nigeria - Severe Acute Malnutrition (MDRNG039),MDRNG039dfr,2025-10-30T00:00:00Z,https://go-api.ifrc.org/api/DownloadFile/88257/MDRNG039dfr,NG,NGA: 2024 Severe Acute Malnutrition,2024-07-15 00:00:00+00:00,MDRNG039_27082.pdf,2024.0,True,True,DREF (JSON)
MDRBJ019,3927,7047.0,27083,DREF Operation Update,Benin - Floods (MDRBJ019),MDRBJ019ou_1,2025-03-27T00:00:00Z,https://go-api.ifrc.org/api/DownloadFile/90767/MDRBJ019ou_1,BJ,BEN: Flood - 06-2024 - Lalo flood,2024-07-12 00:00:00+00:00,MDRBJ019_27083.pdf,2024.0,False,True,Other
MDRBJ019,3927,7047.0,27084,DREF Operation,Benin - Floods (MDRBJ019),MDRBJ019do,2024-09-07T00:00:00Z,https://go-api.ifrc.org/api/DownloadFile/88663/MDRBJ019do,BJ,BEN: Flood - 06-2024 - Lalo flood,2024-07-12 00:00:00+00:00,MDRBJ019_27084.pdf,2024.0,False,True,Other
MDRBJ019,3927,7047.0,27085,DREF Operation Final Report,Benin - Floods (MDRBJ019),MDRBJ019dfr,2025-09-22T00:00:00Z,https://go-api.ifrc.org/api/DownloadFile/90768/MDRBJ019dfr,BJ,BEN: Flood - 06-2024 - Lalo flood,2024-07-12 00:00:00+00:00,MDRBJ019_27085.pdf,2024.0,True,True,DREF (JSON)
MDRLR008,3926,7036.0,27086,DREF Operation,Liberia - Floods (MDRLR008),MDRLR008do,2024-07-17T00:00:00Z,https://go-api.ifrc.org/api/DownloadFile/88249/MDRLR008do,LR,LBR: Flood - 06-2024 - Monrovia Floods,2024-07-12 00:00:00+00:00,MDRLR008_27086.pdf,2024.0,False,False,Other
MDRLR008,3926,7036.0,27087,DREF Operation Final Report,Liberia - Floods (MDRLR008),MDRLR008dfr,2025-09-12T00:00:00Z,https://go-api.ifrc.org/api/DownloadFile/88250/MDRLR008dfr,LR,LBR: Flood - 06-2024 - Monrovia Floods,2024-07-12 00:00:00+00:00,MDRLR008_27087.pdf,2024.0,True,False,DREF (Missing from JSON)
MDRBD037,3924,7605.0,27088,DREF/EAP Activation,Bangladesh - Floods EAP (MDRBD037),MDRBD037eapa,2024-07-11T00:00:00Z,https://go-api.ifrc.org/api/DownloadFile/88200/MDRBD037eapa,BD,"Bangladesh: Floods EAP, 2024",2024-07-09 00:00:00+00:00,MDRBD037_27088.pdf,2024.0,False,False,Other
MDRBD037,3924,7605.0,27089,DREF/EAP Update,Bangladesh - Floods EAP (MDRBD037),EAP2021BD03_MDRBD037eapar,2024-09-10T00:00:00Z,https://go-api.ifrc.org/api/DownloadFile/88668/EAP2021BD03_MDRBD037eapar,BD,"Bangladesh: Floods EAP, 2024",2024-07-09 00:00:00+00:00,MDRBD037_27089.pdf,2024.0,False,False,Other
MDRBD037,3924,7605.0,27090,DREF/EAP Activation Report,Bangladesh - Floods EAP (MDRBD037),MDRBD037eapafr,2025-03-12T00:00:00Z,https://go-api.ifrc.org/api/DownloadFile/88201/MDRBD037eapafr,BD,"Bangladesh: Floods EAP, 2024",2024-07-09 00:00:00+00:00,MDRBD037_27090.pdf,2024.0,False,False,Other
MDRUG051,3923,7041.0,27091,DREF Operation,Uganda - Population Movement (MDRUG051),MDRUG051do,2024-07-09T00:00:00Z,https://go-api.ifrc.org/api/DownloadFile/88192/MDRUG051do,UG,UGA: Population Movement - 06-2024 - SUdanese Refugee Inlfux in Uganda,2024-07-06 00:00:00+00:00,MDRUG051_27091.pdf,2024.0,False,False,Other
MDRUG051,3923,7041.0,27092,DREF Operation Update,Uganda - Population Movement (MDRUG051),MDRUG051du1,2024-10-30T00:00:00Z,https://go-api.ifrc.org/api/DownloadFile/89277/MDRUG051du1,UG,UGA: Population Movement - 06-2024 - SUdanese Refugee Inlfux in Uganda,2024-07-06 00:00:00+00:00,MDRUG051_27092.pdf,2024.0,False,False,Other
MDRS2001,3922,7046.0,27093,Emergency Appeal,Hurricane Beryl (MDRS2001),MDRS2001ea,2024-07-05T00:00:00Z,https://go-api.ifrc.org/api/DownloadFile/88174/MDRS2001ea,PA,"Hurricane Beryl - Saint Vincent and the Grenadines, Grenada, Barbados and Jamaica",2024-07-04 00:00:00+00:00,MDRS2001_27093.pdf,2024.0,False,False,Other
MDRS2001,3922,7046.0,27094,Operational strategy,Hurricane Beryl (MDRS2001),MDRS2001os,2024-07-19T00:00:00Z,https://go-api.ifrc.org/api/DownloadFile/88273/MDRS2001os,PA,"Hurricane Beryl - Saint Vincent and the Grenadines, Grenada, Barbados and Jamaica",2024-07-04 00:00:00+00:00,MDRS2001_27094.pdf,2024.0,False,False,Other
MDRS2001,3922,7046.0,27095,Operational strategy,Hurricane Beryl (MDRS2001),MDRS2001 Jamaica NS Response Plan,2024-07-30T00:00:00Z,https://go-api.ifrc.org/api/DownloadFile/88427/MDRS2001-Jamaica-NS-Response-Plan,PA,"Hurricane Beryl - Saint Vincent and the Grenadines, Grenada, Barbados and Jamaica",2024-07-04 00:00:00+00:00,MDRS2001_27095.pdf,2024.0,False,False,Other
MDRS2001,3922,7046.0,27096,Operational strategy,Hurricane Beryl (MDRS2001),MDRS2001 SVG NS Response Plan,2024-07-30T00:00:00Z,https://go-api.ifrc.org/api/DownloadFile/88426/MDRS2001-SVG-NS-Response-Plan,PA,"Hurricane Beryl - Saint Vincent and the Grenadines, Grenada, Barbados and Jamaica",2024-07-04 00:00:00+00:00,MDRS2001_27096.pdf,2024.0,False,False,Other
MDRS2001,3922,7046.0,27097,Operational strategy,Hurricane Beryl (MDRS2001),MDRS2001 Barbados NS Response Plan,2024-07-30T00:00:00Z,https://go-api.ifrc.org/api/DownloadFile/88428/MDRS2001-Barbados-NS-Response-Plan,PA,"Hurricane Beryl - Saint Vincent and the Grenadines, Grenada, Barbados and Jamaica",2024-07-04 00:00:00+00:00,MDRS2001_27097.pdf,2024.0,False,False,Other
MDRS2001,3922,7046.0,27098,Operational strategy,Hurricane Beryl (MDRS2001),MDRS2001 Grenada NS Response Plan,2024-07-30T00:00:00Z,https://go-api.ifrc.org/api/DownloadFile/88425/MDRS2001-Grenada-NS-Response-Plan,PA,"Hurricane Beryl - Saint Vincent and the Grenadines, Grenada, Barbados and Jamaica",2024-07-04 00:00:00+00:00,MDRS2001_27098.pdf,2024.0,False,False,Other
MDRS2001,3922,7046.0,27099,Operations Update,Hurricane Beryl (MDRS2001),MDRS2001ou1,2024-08-05T00:00:00Z,https://go-api.ifrc.org/api/DownloadFile/88274/MDRS2001ou1,PA,"Hurricane Beryl - Saint Vincent and the Grenadines, Grenada, Barbados and Jamaica",2024-07-04 00:00:00+00:00,MDRS2001_27099.pdf,2024.0,False,False,Other
MDRS2001,3922,7046.0,27100,Operations Update,Hurricane Beryl (MDRS2001),MDRS2001ou2,2024-08-20T00:00:00Z,https://go-api.ifrc.org/api/DownloadFile/88275/MDRS2001ou2,PA,"Hurricane Beryl - Saint Vincent and the Grenadines, Grenada, Barbados and Jamaica",2024-07-04 00:00:00+00:00,MDRS2001_27100.pdf,2024.0,False,False,Other
MDRS2001,3922,7046.0,27101,12 month update,Hurricane Beryl (MDRS2001),MDRS2001ou4,2025-12-31T00:00:00Z,https://go-api.ifrc.org/api/DownloadFile/93676/MDRS2001ou4,PA,"Hurricane Beryl - Saint Vincent and the Grenadines, Grenada, Barbados and Jamaica",2024-07-04 00:00:00+00:00,MDRS2001_27101.pdf,2024.0,False,False,Other
MDRS2001,3922,7046.0,27102,Operations Update,Hurricane Beryl (MDRS2001),MDRS2001Barbadosou1,2024-11-26T00:00:00Z,https://go-api.ifrc.org/api/DownloadFile/89474/MDRS2001Barbadosou1,PA,"Hurricane Beryl - Saint Vincent and the Grenadines, Grenada, Barbados and Jamaica",2024-07-04 00:00:00+00:00,MDRS2001_27102.pdf,2024.0,False,False,Other
MDRS2001,3922,7046.0,27103,Operations Update,Hurricane Beryl (MDRS2001),MDRS2001Grenadaou1,2024-11-26T00:00:00Z,https://go-api.ifrc.org/api/DownloadFile/89479/MDRS2001Grenadaou1,PA,"Hurricane Beryl - Saint Vincent and the Grenadines, Grenada, Barbados and Jamaica",2024-07-04 00:00:00+00:00,MDRS2001_27103.pdf,2024.0,False,False,Other
MDRS2001,3922,7046.0,27104,6 month update,Hurricane Beryl (MDRS2001),MDRS2001ou3,2025-07-08T00:00:00Z,https://go-api.ifrc.org/api/DownloadFile/88276/MDRS2001ou3,PA,"Hurricane Beryl - Saint Vincent and the Grenadines, Grenada, Barbados and Jamaica",2024-07-04 00:00:00+00:00,MDRS2001_27104.pdf,2024.0,False,False,Other
MDRBI021,3921,7101.0,27105,DREF/EAP Summary,Burundi - Floods -sEAP (MDRBI021),MDRBI021sEAP,2024-07-05T00:00:00Z,https://go-api.ifrc.org/api/DownloadFile/88173/MDRBI021sEAP,BI,BDI: 2024 Floods Simplified Early Action Protocol,2024-07-03 00:00:00+00:00,MDRBI021_27105.pdf,2024.0,False,False,Other
MDRBI021,3921,7101.0,27106,DREF/EAP Update,Burundi - Floods -sEAP (MDRBI021),MDRBI021sEAP Update,2025-11-27T00:00:00Z,https://go-api.ifrc.org/api/DownloadFile/93372/MDRBI021sEAP-Update,BI,BDI: 2024 Floods Simplified Early Action Protocol,2024-07-03 00:00:00+00:00,MDRBI021_27106.pdf,2024.0,False,False,Other
MDRSV016,3920,7030.0,27107,DREF Operation,El Salvador - Floods (MDRSV016),MDRSV016do,2024-07-02T00:00:00Z,https://go-api.ifrc.org/api/DownloadFile/88128/MDRSV016do,SV,"SLV: Complex Emergency - 06-2024 - ZCIT, Nate Effect Central America",2024-06-30 00:00:00+00:00,MDRSV016_27107.pdf,2024.0,False,True,Other
MDRSV016,3920,7030.0,27108,DREF Operation Update,El Salvador - Floods (MDRSV016),MDRSV016ou1,2024-08-15T00:00:00Z,https://go-api.ifrc.org/api/DownloadFile/88540/MDRSV016ou1,SV,"SLV: Complex Emergency - 06-2024 - ZCIT, Nate Effect Central America",2024-06-30 00:00:00+00:00,MDRSV016_27108.pdf,2024.0,False,True,Other
MDRSV016,3920,7030.0,27109,DREF Operation Final Report,El Salvador - Floods (MDRSV016),MDRSV016fr,2025-07-17T00:00:00Z,https://go-api.ifrc.org/api/DownloadFile/88135/MDRSV016fr,SV,"SLV: Complex Emergency - 06-2024 - ZCIT, Nate Effect Central America",2024-06-30 00:00:00+00:00,MDRSV016_27109.pdf,2024.0,True,True,DREF (JSON)
MDRBD036,3919,7035.0,27110,6 month update,Bangladesh - Flash Floods (MDRBD036),MDRBD036OU3,2025-05-02T00:00:00Z,https://go-api.ifrc.org/api/DownloadFile/88842/MDRBD036OU3,BD,"BGD: Flash flood in Bangladesh, June 2024",2024-06-29 00:00:00+00:00,MDRBD036_27110.pdf,2024.0,False,False,Other
MDRBD036,3919,7035.0,27111,DREF Operation,Bangladesh - Flash Floods (MDRBD036),MDRBD036do,2024-06-30T00:00:00Z,https://go-api.ifrc.org/api/DownloadFile/88106/MDRBD036do,BD,"BGD: Flash flood in Bangladesh, June 2024",2024-06-29 00:00:00+00:00,MDRBD036_27111.pdf,2024.0,False,False,Other
MDRBD036,3919,7035.0,27112,Emergency Appeal,Bangladesh - Flash Floods (MDRBD036),MDRBD036EA,2024-09-06T00:00:00Z,https://go-api.ifrc.org/api/DownloadFile/88662/MDRBD036EA,BD,"BGD: Flash flood in Bangladesh, June 2024",2024-06-29 00:00:00+00:00,MDRBD036_27112.pdf,2024.0,False,False,Other
MDRBD036,3919,7035.0,27113,Operational strategy,Bangladesh - Flash Floods (MDRBD036),MDRBD036OS,2024-09-19T00:00:00Z,https://go-api.ifrc.org/api/DownloadFile/88839/MDRBD036OS,BD,"BGD: Flash flood in Bangladesh, June 2024",2024-06-29 00:00:00+00:00,MDRBD036_27113.pdf,2024.0,False,False,Other
MDRBD036,3919,7035.0,27114,Operations Update,Bangladesh - Flash Floods (MDRBD036),MDRBD036OU1,2024-10-16T00:00:00Z,https://go-api.ifrc.org/api/DownloadFile/88840/MDRBD036OU1,BD,"BGD: Flash flood in Bangladesh, June 2024",2024-06-29 00:00:00+00:00,MDRBD036_27114.pdf,2024.0,False,False,Other
MDRBD036,3919,7035.0,27115,Operations Update,Bangladesh - Flash Floods (MDRBD036),MDRBD036OU2,2024-11-24T00:00:00Z,https://go-api.ifrc.org/api/DownloadFile/88841/MDRBD036OU2,BD,"BGD: Flash flood in Bangladesh, June 2024",2024-06-29 00:00:00+00:00,MDRBD036_27115.pdf,2024.0,False,False,Other
MDRBD036,3919,7035.0,27116,Final Report,Bangladesh - Flash Floods (MDRBD036),MDRBD036_EAfr,2025-12-31T00:00:00Z,https://go-api.ifrc.org/api/DownloadFile/88843/MDRBD036_EAfr,BD,"BGD: Flash flood in Bangladesh, June 2024",2024-06-29 00:00:00+00:00,MDRBD036_27116.pdf,2024.0,True,False,Emergency Appeal / Other
MDRBF019,3918,7024.0,27117,DREF Operation,Burkina Faso - Floods (MDRBF019),MDRBF019do,2024-07-22T00:00:00Z,https://go-api.ifrc.org/api/DownloadFile/88286/MDRBF019do,BF,BFA: Flood - 05-2024 - BFA Floods 2024,2024-06-22 00:00:00+00:00,MDRBF019_27117.pdf,2024.0,False,True,Other
MDRBF019,3918,7024.0,27118,DREF Operation Final Report,Burkina Faso - Floods (MDRBF019),MDRBF019dfr,2025-11-19T00:00:00Z,https://go-api.ifrc.org/api/DownloadFile/91311/MDRBF019dfr,BF,BFA: Flood - 05-2024 - BFA Floods 2024,2024-06-22 00:00:00+00:00,MDRBF019_27118.pdf,2024.0,True,True,DREF (JSON)
MDRZA018,3917,7020.0,27119,DREF Operation Final Report,South Africa - Thunderstorm and Floods (MDRZA018),MDRZA018dfr,2025-05-28T00:00:00Z,https://go-api.ifrc.org/api/DownloadFile/88068/MDRZA018dfr,ZA,"ZAF: Flood - 06-2024 - Floods in Eastern Cape - Nelson Mandela Bay, Buffalo City and Sara Baartman",2024-06-21 00:00:00+00:00,MDRZA018_27119.pdf,2024.0,True,True,DREF (JSON)
MDRZA018,3917,7020.0,27120,DREF Operation,South Africa - Thunderstorm and Floods (MDRZA018),MDRZA018do,2024-06-25T00:00:00Z,https://go-api.ifrc.org/api/DownloadFile/88067/MDRZA018do,ZA,"ZAF: Flood - 06-2024 - Floods in Eastern Cape - Nelson Mandela Bay, Buffalo City and Sara Baartman",2024-06-21 00:00:00+00:00,MDRZA018_27120.pdf,2024.0,False,True,Other
MDRLK019,3916,7004.0,27121,DREF Operation Final Report,Sri Lanka - Flood (MDRLK019),MDRLK019dfr,2025-04-23T00:00:00Z,https://go-api.ifrc.org/api/DownloadFile/88051/MDRLK019dfr,LK,Sri Lanka: Flood Pre-monsoonal - May 2024,2024-06-20 00:00:00+00:00,MDRLK019_27121.pdf,2024.0,True,False,DREF (Missing from JSON)
MDRLK019,3916,7004.0,27122,DREF Operation,Sri Lanka - Flood (MDRLK019),MDRLK019do,2024-06-21T00:00:00Z,https://go-api.ifrc.org/api/DownloadFile/88050/MDRLK019do,LK,Sri Lanka: Flood Pre-monsoonal - May 2024,2024-06-20 00:00:00+00:00,MDRLK019_27122.pdf,2024.0,False,False,Other
MDRNP017,3913,7606.0,27125,DREF/EAP Summary,Nepal - Floods EAP (MDRNP017),sEAP2024NP01_MDRNP017,2024-06-12T00:00:00Z,https://go-api.ifrc.org/api/DownloadFile/87976/sEAP2024NP01_MDRNP017,NP,"Nepal: Floods EAP, 2024",2024-06-10 00:00:00+00:00,MDRNP017_27125.pdf,2024.0,False,False,Other
MDRNP017,3913,7606.0,27126,DREF/EAP Update,Nepal - Floods EAP (MDRNP017),MDRNP017eapar2025,2026-02-26T00:00:00Z,https://go-api.ifrc.org/api/DownloadFile/87978/MDRNP017eapar2025,NP,"Nepal: Floods EAP, 2024",2024-06-10 00:00:00+00:00,MDRNP017_27126.pdf,2024.0,False,False,Other
MDRNP017,3913,7606.0,27127,DREF/EAP Activation,Nepal - Floods EAP (MDRNP017),MDRNP017eapa,2024-09-28T00:00:00Z,https://go-api.ifrc.org/api/DownloadFile/88938/MDRNP017eapa,NP,"Nepal: Floods EAP, 2024",2024-06-10 00:00:00+00:00,MDRNP017_27127.pdf,2024.0,False,False,Other
MDRNP017,3913,7606.0,27128,DREF/EAP Update,Nepal - Floods EAP (MDRNP017),MDRNP017EAPOU1,2025-01-24T00:00:00Z,https://go-api.ifrc.org/api/DownloadFile/89905/MDRNP017EAPOU1,NP,"Nepal: Floods EAP, 2024",2024-06-10 00:00:00+00:00,MDRNP017_27128.pdf,2024.0,False,False,Other
MDRNP017,3913,7606.0,27129,DREF/EAP Update,Nepal - Floods EAP (MDRNP017),MDRNP017eapar2024,2025-03-23T00:00:00Z,https://go-api.ifrc.org/api/DownloadFile/87977/MDRNP017eapar2024,NP,"Nepal: Floods EAP, 2024",2024-06-10 00:00:00+00:00,MDRNP017_27129.pdf,2024.0,False,False,Other
MDRBW005,3912,7052.0,27130,DREF Operation,Botswana - Drought (MDRBW005),MDRBW005do,2024-06-12T00:00:00Z,https://go-api.ifrc.org/api/DownloadFile/87980/MDRBW005do,BW,BWA: 2024 Drought,2024-06-10 00:00:00+00:00,MDRBW005_27130.pdf,2024.0,False,True,Other
MDRBW005,3912,7052.0,27131,DREF Operation Final Report,Botswana - Drought (MDRBW005),MDRBW005dfr,2025-08-13T00:00:00Z,https://go-api.ifrc.org/api/DownloadFile/87981/MDRBW005dfr,BW,BWA: 2024 Drought,2024-06-10 00:00:00+00:00,MDRBW005_27131.pdf,2024.0,True,True,DREF (JSON)
MDRBW005,3912,7052.0,27132,DREF Operation Update,Botswana - Drought (MDRBW005),MDRBW005du1,2024-12-28T00:00:00Z,https://go-api.ifrc.org/api/DownloadFile/89758/MDRBW005du1,BW,BWA: 2024 Drought,2024-06-10 00:00:00+00:00,MDRBW005_27132.pdf,2024.0,False,True,Other
MDRAM013,3915,7016.0,27133,DREF Operation,Armenia - Floods (MDRAM013),MDRAM013do,2024-06-12T00:00:00Z,https://go-api.ifrc.org/api/DownloadFile/87989/MDRAM013do,AM,ARM: Flood - 05-2024 - Armenia: Lori's Flash Floods,2024-06-10 00:00:00+00:00,MDRAM013_27133.pdf,2024.0,False,True,Other
MDRAM013,3915,7016.0,27134,DREF Operation Update,Armenia - Floods (MDRAM013),MDRAM013du1,2024-10-17T00:00:00Z,https://go-api.ifrc.org/api/DownloadFile/89165/MDRAM013du1,AM,ARM: Flood - 05-2024 - Armenia: Lori's Flash Floods,2024-06-10 00:00:00+00:00,MDRAM013_27134.pdf,2024.0,False,True,Other
MDRAM013,3915,7016.0,27135,DREF Operation Final Report,Armenia - Floods (MDRAM013),MDRAM013dfr,2025-03-18T00:00:00Z,https://go-api.ifrc.org/api/DownloadFile/87990/MDRAM013dfr,AM,ARM: Flood - 05-2024 - Armenia: Lori's Flash Floods,2024-06-10 00:00:00+00:00,MDRAM013_27135.pdf,2024.0,True,True,DREF (JSON)
MDRBZ008,3911,7013.0,27136,DREF Operation,Belize - Fires (MDRBZ008),MDRBZ008do,2024-06-07T00:00:00Z,https://go-api.ifrc.org/api/DownloadFile/87953/MDRBZ008do,BZ,BLZ: Fire - 05-2024 - Belize Forest Fires,2024-06-06 00:00:00+00:00,MDRBZ008_27136.pdf,2024.0,False,True,Other
MDRBZ008,3911,7013.0,27137,DREF Operation Final Report,Belize - Fires (MDRBZ008),MDRBZ008fr,2025-11-12T00:00:00Z,https://go-api.ifrc.org/api/DownloadFile/87954/MDRBZ008fr,BZ,BLZ: Fire - 05-2024 - Belize Forest Fires,2024-06-06 00:00:00+00:00,MDRBZ008_27137.pdf,2024.0,True,True,DREF (JSON)
MDRPG012,3910,7022.0,27138,DREF Operation Final Report,Papua New Guinea - Landslide (MDRPG012),MDRPG012_PNG_Landslide_Final DREF Narrative Report,2025-03-31T00:00:00Z,https://go-api.ifrc.org/api/DownloadFile/88501/MDRPG012_PNG_Landslide_Final-DREF-Narrative-Report,PG,Papua New Guinea Landslide 2024,2024-06-01 00:00:00+00:00,MDRPG012_27138.pdf,2024.0,True,True,DREF (JSON)
MDRPG012,3910,7022.0,27139,DREF Operation,Papua New Guinea - Landslide (MDRPG012),MDRPG012_DREF,2024-06-03T00:00:00Z,https://go-api.ifrc.org/api/DownloadFile/87939/MDRPG012_DREF,PG,Papua New Guinea Landslide 2024,2024-06-01 00:00:00+00:00,MDRPG012_27139.pdf,2024.0,False,True,Other
MDRPG012,3910,7022.0,27140,DREF Operation Update,Papua New Guinea - Landslide (MDRPG012),MDRPG012OU1,2024-10-28T00:00:00Z,https://go-api.ifrc.org/api/DownloadFile/89235/MDRPG012OU1,PG,Papua New Guinea Landslide 2024,2024-06-01 00:00:00+00:00,MDRPG012_27140.pdf,2024.0,False,True,Other
MDRET035,3907,7001.0,27141,DREF Operation,Ethiopia - Floods (MDRET035),MDRET035do,2024-06-01T00:00:00Z,https://go-api.ifrc.org/api/DownloadFile/87933/MDRET035do,ET,ETH: Flood - 05-2024 - Oromia Flood Emergency Response,2024-05-30 00:00:00+00:00,MDRET035_27141.pdf,2024.0,False,True,Other
MDRET035,3907,7001.0,27142,DREF Operation Final Report,Ethiopia - Floods (MDRET035),MDRET035dfr,2025-03-17T00:00:00Z,https://go-api.ifrc.org/api/DownloadFile/87934/MDRET035dfr,ET,ETH: Flood - 05-2024 - Oromia Flood Emergency Response,2024-05-30 00:00:00+00:00,MDRET035_27142.pdf,2024.0,True,True,DREF (JSON)
MDRBD035,3908,7012.0,27145,Final Report,Bangladesh - Cyclone (MDRBD035),MDRBD035efr,2025-08-31T00:00:00Z,https://go-api.ifrc.org/api/DownloadFile/88062/MDRBD035efr,BD,BGD: Cyclone Remal in Bangladesh_May 2024,2024-05-29 00:00:00+00:00,MDRBD035_27145.pdf,2024.0,True,False,Emergency Appeal / Other
MDRBD035,3908,7012.0,27146,Emergency Appeal,Bangladesh - Cyclone (MDRBD035),MDRBD035EA,2024-05-30T00:00:00Z,https://go-api.ifrc.org/api/DownloadFile/87924/MDRBD035EA,BD,BGD: Cyclone Remal in Bangladesh_May 2024,2024-05-29 00:00:00+00:00,MDRBD035_27146.pdf,2024.0,False,False,Other
MDRBD035,3908,7012.0,27147,Operational strategy,Bangladesh - Cyclone (MDRBD035),MDRBD035OS,2024-06-14T00:00:00Z,https://go-api.ifrc.org/api/DownloadFile/88005/MDRBD035OS,BD,BGD: Cyclone Remal in Bangladesh_May 2024,2024-05-29 00:00:00+00:00,MDRBD035_27147.pdf,2024.0,False,False,Other
MDRBD035,3908,7012.0,27148,Operations Update,Bangladesh - Cyclone (MDRBD035),MDRBD035OU1,2024-07-01T00:00:00Z,https://go-api.ifrc.org/api/DownloadFile/88007/MDRBD035OU1,BD,BGD: Cyclone Remal in Bangladesh_May 2024,2024-05-29 00:00:00+00:00,MDRBD035_27148.pdf,2024.0,False,False,Other
MDRBD035,3908,7012.0,27149,Operations Update,Bangladesh - Cyclone (MDRBD035),MDRBD035OU2,2024-10-07T00:00:00Z,https://go-api.ifrc.org/api/DownloadFile/88008/MDRBD035OU2,BD,BGD: Cyclone Remal in Bangladesh_May 2024,2024-05-29 00:00:00+00:00,MDRBD035_27149.pdf,2024.0,False,False,Other
MDRBD035,3908,7012.0,27150,6 month update,Bangladesh - Cyclone (MDRBD035),MDRBD035OU3,2025-01-20T00:00:00Z,https://go-api.ifrc.org/api/DownloadFile/88006/MDRBD035OU3,BD,BGD: Cyclone Remal in Bangladesh_May 2024,2024-05-29 00:00:00+00:00,MDRBD035_27150.pdf,2024.0,False,False,Other
MDRCO026,3906,6991.0,27151,DREF Operation,Colombia - Volcanic eruption (MDRCO026),MDRCO026do,2024-05-27T00:00:00Z,https://go-api.ifrc.org/api/DownloadFile/87906/MDRCO026do,CO,COL: Erupción volcánica - 05-2024 - Volcán Puracé - Cauca,2024-05-27 00:00:00+00:00,MDRCO026_27151.pdf,2024.0,False,True,Other
MDRCO026,3906,6991.0,27152,DREF Operation Update,Colombia - Volcanic eruption (MDRCO026),MDRCO026ou1,2024-08-29T00:00:00Z,https://go-api.ifrc.org/api/DownloadFile/88603/MDRCO026ou1,CO,COL: Erupción volcánica - 05-2024 - Volcán Puracé - Cauca,2024-05-27 00:00:00+00:00,MDRCO026_27152.pdf,2024.0,False,True,Other
MDRCO026,3906,6991.0,27153,DREF Operation Final Report,Colombia - Volcanic eruption (MDRCO026),MDRCO026fr,2025-06-04T00:00:00Z,https://go-api.ifrc.org/api/DownloadFile/87907/MDRCO026fr,CO,COL: Erupción volcánica - 05-2024 - Volcán Puracé - Cauca,2024-05-27 00:00:00+00:00,MDRCO026_27153.pdf,2024.0,True,True,DREF (JSON)
MDRSO018,3905,7010.0,27154,DREF Operation,Somalia - Floods (MDRSO018),MDRSO018do,2024-05-29T00:00:00Z,https://go-api.ifrc.org/api/DownloadFile/87914/MDRSO018do,SO,SOM: Flood - 05-2024 - Somalia Floods,2024-05-27 00:00:00+00:00,MDRSO018_27154.pdf,2024.0,False,True,Other
MDRSO018,3905,7010.0,27155,DREF Operation Final Report,Somalia - Floods (MDRSO018),MDRSO018dfr,2025-06-30T00:00:00Z,https://go-api.ifrc.org/api/DownloadFile/87915/MDRSO018dfr,SO,SOM: Flood - 05-2024 - Somalia Floods,2024-05-27 00:00:00+00:00,MDRSO018_27155.pdf,2024.0,True,True,DREF (JSON)
MDRGT022,3902,6981.0,27160,DREF Operation,Guatemala - Dengue (MDRGT022),MDRGT022do,2024-05-24T00:00:00Z,https://go-api.ifrc.org/api/DownloadFile/87898/MDRGT022do,GT,GTM: Epidemic - 04-2024 - National Health Emergency due to Dengue,2024-05-23 00:00:00+00:00,MDRGT022_27160.pdf,2024.0,False,True,Other
MDRGT022,3902,6981.0,27161,DREF Operation Update,Guatemala - Dengue (MDRGT022),MDRGT022ou1,2024-07-24T00:00:00Z,https://go-api.ifrc.org/api/DownloadFile/88332/MDRGT022ou1,GT,GTM: Epidemic - 04-2024 - National Health Emergency due to Dengue,2024-05-23 00:00:00+00:00,MDRGT022_27161.pdf,2024.0,False,True,Other
MDRGT022,3902,6981.0,27162,DREF Operation Update,Guatemala - Dengue (MDRGT022),MDRGT022ou2,2024-09-10T00:00:00Z,https://go-api.ifrc.org/api/DownloadFile/88710/MDRGT022ou2,GT,GTM: Epidemic - 04-2024 - National Health Emergency due to Dengue,2024-05-23 00:00:00+00:00,MDRGT022_27162.pdf,2024.0,False,True,Other
MDRGT022,3902,6981.0,27163,DREF Operation Final Report,Guatemala - Dengue (MDRGT022),MDRGT022fr,2025-07-02T00:00:00Z,https://go-api.ifrc.org/api/DownloadFile/88709/MDRGT022fr,GT,GTM: Epidemic - 04-2024 - National Health Emergency due to Dengue,2024-05-23 00:00:00+00:00,MDRGT022_27163.pdf,2024.0,True,True,DREF (JSON)
MDRUG050,3900,6994.0,27164,DREF Operation Final Report,Uganda - Floods (MDRUG050),MDRUG050dfr,2025-07-31T00:00:00Z,https://go-api.ifrc.org/api/DownloadFile/87895/MDRUG050dfr,UG,UGA: Flood - 05-2024 - Uganda May 2024 Floods,2024-05-22 00:00:00+00:00,MDRUG050_27164.pdf,2024.0,True,True,DREF (JSON)
MDRUG050,3900,6994.0,27165,DREF Operation,Uganda - Floods (MDRUG050),MDRUG050do,2024-05-24T00:00:00Z,https://go-api.ifrc.org/api/DownloadFile/87894/MDRUG050do,UG,UGA: Flood - 05-2024 - Uganda May 2024 Floods,2024-05-22 00:00:00+00:00,MDRUG050_27165.pdf,2024.0,False,True,Other
MDRUG050,3900,6994.0,27166,DREF Operation Update,Uganda - Floods (MDRUG050),MDRUG050du1,2024-08-30T00:00:00Z,https://go-api.ifrc.org/api/DownloadFile/88608/MDRUG050du1,UG,UGA: Flood - 05-2024 - Uganda May 2024 Floods,2024-05-22 00:00:00+00:00,MDRUG050_27166.pdf,2024.0,False,True,Other
MDRAO009,3901,6999.0,27167,DREF Operation Update,Angola - Polio (MDRAO009),MDRAO009du2,2025-04-30T00:00:00Z,https://go-api.ifrc.org/api/DownloadFile/90996/MDRAO009du2,AO,AGO: Epidemic - 05-2024 - Polio,2024-05-22 00:00:00+00:00,MDRAO009_27167.pdf,2024.0,False,True,Other
MDRAO009,3901,6999.0,27168,DREF Operation,Angola - Polio (MDRAO009),MDRAO009do,2024-05-24T00:00:00Z,https://go-api.ifrc.org/api/DownloadFile/87879/MDRAO009do,AO,AGO: Epidemic - 05-2024 - Polio,2024-05-22 00:00:00+00:00,MDRAO009_27168.pdf,2024.0,False,True,Other
MDRAO009,3901,6999.0,27169,DREF Operation Update,Angola - Polio (MDRAO009),MDRAO009du,2024-08-23T00:00:00Z,https://go-api.ifrc.org/api/DownloadFile/88580/MDRAO009du,AO,AGO: Epidemic - 05-2024 - Polio,2024-05-22 00:00:00+00:00,MDRAO009_27169.pdf,2024.0,False,True,Other
MDRAO009,3901,6999.0,27170,DREF Operation Final Report,Angola - Polio (MDRAO009),MDRAO009dfr,2025-10-31T00:00:00Z,https://go-api.ifrc.org/api/DownloadFile/87880/MDRAO009dfr,AO,AGO: Epidemic - 05-2024 - Polio,2024-05-22 00:00:00+00:00,MDRAO009_27170.pdf,2024.0,True,True,DREF (JSON)
MDRMZ024,3899,7015.0,27171,6 month update,Mozambique - Drought (MDRMZ024),MDRMZ0246m,2025-04-02T00:00:00Z,https://go-api.ifrc.org/api/DownloadFile/88077/MDRMZ0246m,MZ,MOZ: Drought - 04-2024 - Mozambique Drought,2024-05-18 00:00:00+00:00,MDRMZ024_27171.pdf,2024.0,False,False,Other
MDRMZ024,3899,7015.0,27172,Emergency Appeal,Mozambique - Drought (MDRMZ024),MDRMZ024ea,2024-05-27T00:00:00Z,https://go-api.ifrc.org/api/DownloadFile/87900/MDRMZ024ea,MZ,MOZ: Drought - 04-2024 - Mozambique Drought,2024-05-18 00:00:00+00:00,MDRMZ024_27172.pdf,2024.0,False,False,Other
MDRMZ024,3899,7015.0,27173,Operational strategy,Mozambique - Drought (MDRMZ024),MDRMZ024os,2024-07-29T00:00:00Z,https://go-api.ifrc.org/api/DownloadFile/88074/MDRMZ024os,MZ,MOZ: Drought - 04-2024 - Mozambique Drought,2024-05-18 00:00:00+00:00,MDRMZ024_27173.pdf,2024.0,False,False,Other
MDRMZ024,3899,7015.0,27174,Operations Update,Mozambique - Drought (MDRMZ024),MDRMZ024eu1,2024-08-30T00:00:00Z,https://go-api.ifrc.org/api/DownloadFile/88075/MDRMZ024eu1,MZ,MOZ: Drought - 04-2024 - Mozambique Drought,2024-05-18 00:00:00+00:00,MDRMZ024_27174.pdf,2024.0,False,False,Other
MDRMZ024,3899,7015.0,27175,Operations Update,Mozambique - Drought (MDRMZ024),MDRMZ024eu2,2024-10-02T00:00:00Z,https://go-api.ifrc.org/api/DownloadFile/88076/MDRMZ024eu2,MZ,MOZ: Drought - 04-2024 - Mozambique Drought,2024-05-18 00:00:00+00:00,MDRMZ024_27175.pdf,2024.0,False,False,Other
MDRMZ024,3899,7015.0,27176,12 month update,Mozambique - Drought (MDRMZ024),MDRMZ02412m,2025-06-25T00:00:00Z,https://go-api.ifrc.org/api/DownloadFile/91492/MDRMZ02412m,MZ,MOZ: Drought - 04-2024 - Mozambique Drought,2024-05-18 00:00:00+00:00,MDRMZ024_27176.pdf,2024.0,False,False,Other
MDRMZ024,3899,7015.0,27177,Contributions List,Mozambique - Drought (MDRMZ024),Donor Response,2024-05-18T00:00:00Z,https://www.ifrc.org/docs/appeals/Active/MDRMZ024.pdf,MZ,MOZ: Drought - 04-2024 - Mozambique Drought,2024-05-18 00:00:00+00:00,MDRMZ024_27177.pdf,2024.0,False,False,Other
MDRMZ024,3899,7015.0,27178,Operations Update,Mozambique - Drought (MDRMZ024),MDRMZ024eu5,2025-10-31T00:00:00Z,https://go-api.ifrc.org/api/DownloadFile/93572/MDRMZ024eu5,MZ,MOZ: Drought - 04-2024 - Mozambique Drought,2024-05-18 00:00:00+00:00,MDRMZ024_27178.pdf,2024.0,False,False,Other
MDRCD044,3898,6983.0,27179,DREF Operation Final Report,DRC - Floods (MDRCD044),MDRCD044dfr,2025-07-30T00:00:00Z,https://go-api.ifrc.org/api/DownloadFile/87878/MDRCD044dfr,CD,COD: Flood - 04-2024 - Floods in South Kivu and Tanganyika provinces,2024-05-16 00:00:00+00:00,MDRCD044_27179.pdf,2024.0,True,True,DREF (JSON)
MDRCD044,3898,6983.0,27180,DREF Operation,DRC - Floods (MDRCD044),MDRCD044do,2024-05-24T00:00:00Z,https://go-api.ifrc.org/api/DownloadFile/87877/MDRCD044do,CD,COD: Flood - 04-2024 - Floods in South Kivu and Tanganyika provinces,2024-05-16 00:00:00+00:00,MDRCD044_27180.pdf,2024.0,False,True,Other
MDRLS008,3897,7005.0,27181,6 month update,Lesotho - Drought (MDRLS008),MDRLS008 6m,2025-04-09T00:00:00Z,https://go-api.ifrc.org/api/DownloadFile/88830/MDRLS008-6m,LS,LSO: 04-2024 Drought,2024-05-15 00:00:00+00:00,MDRLS008_27181.pdf,2024.0,False,False,Other
MDRLS008,3897,7005.0,27182,DREF Operation,Lesotho - Drought (MDRLS008),MDRLS008do,2024-05-16T00:00:00Z,https://go-api.ifrc.org/api/DownloadFile/87829/MDRLS008do,LS,LSO: 04-2024 Drought,2024-05-15 00:00:00+00:00,MDRLS008_27182.pdf,2024.0,False,False,Other
MDRLS008,3897,7005.0,27183,Emergency Appeal,Lesotho - Drought (MDRLS008),MDRLS008ea,2024-09-09T00:00:00Z,https://go-api.ifrc.org/api/DownloadFile/88665/MDRLS008ea,LS,LSO: 04-2024 Drought,2024-05-15 00:00:00+00:00,MDRLS008_27183.pdf,2024.0,False,False,Other
MDRLS008,3897,7005.0,27184,Operations Update,Lesotho - Drought (MDRLS008),MDRLS008 OU#4,2025-08-13T00:00:00Z,https://go-api.ifrc.org/api/DownloadFile/92152/MDRLS008-OU_4,LS,LSO: 04-2024 Drought,2024-05-15 00:00:00+00:00,MDRLS008_27184.pdf,2024.0,False,False,Other
MDRLS008,3897,7005.0,27185,Operational strategy,Lesotho - Drought (MDRLS008),MDRLS008OS,2024-10-30T00:00:00Z,https://go-api.ifrc.org/api/DownloadFile/88827/MDRLS008OS,LS,LSO: 04-2024 Drought,2024-05-15 00:00:00+00:00,MDRLS008_27185.pdf,2024.0,False,False,Other
MDRLS008,3897,7005.0,27186,Operations Update,Lesotho - Drought (MDRLS008),MDRLS008eu1,2025-02-18T00:00:00Z,https://go-api.ifrc.org/api/DownloadFile/88828/MDRLS008eu1,LS,LSO: 04-2024 Drought,2024-05-15 00:00:00+00:00,MDRLS008_27186.pdf,2024.0,False,False,Other
MDRLS008,3897,7005.0,27187,Operations Update,Lesotho - Drought (MDRLS008),MDRLS008eu2,2025-02-20T00:00:00Z,https://go-api.ifrc.org/api/DownloadFile/88829/MDRLS008eu2,LS,LSO: 04-2024 Drought,2024-05-15 00:00:00+00:00,MDRLS008_27187.pdf,2024.0,False,False,Other
MDRLS008,3897,7005.0,27188,Operations Update,Lesotho - Drought (MDRLS008),MDRLS008eu5,2025-11-14T00:00:00Z,https://go-api.ifrc.org/api/DownloadFile/93684/MDRLS008eu5,LS,LSO: 04-2024 Drought,2024-05-15 00:00:00+00:00,MDRLS008_27188.pdf,2024.0,False,False,Other
MDRHT021,3895,7002.0,27191,DREF Operation,Haiti - Complex Emergency (MDRHT021),MDRHT021do,2024-05-14T00:00:00Z,https://go-api.ifrc.org/api/DownloadFile/87798/MDRHT021do,HT,HTI - Complex Emergency - 05 - 2024,2024-05-13 00:00:00+00:00,MDRHT021_27191.pdf,2024.0,False,True,Other
MDRHT021,3895,7002.0,27192,DREF Operation Update,Haiti - Complex Emergency (MDRHT021),MDRHT021ou1,2024-12-11T00:00:00Z,https://go-api.ifrc.org/api/DownloadFile/89553/MDRHT021ou1,HT,HTI - Complex Emergency - 05 - 2024,2024-05-13 00:00:00+00:00,MDRHT021_27192.pdf,2024.0,False,True,Other
MDRHT021,3895,7002.0,27193,DREF Operation Final Report,Haiti - Complex Emergency (MDRHT021),MDRHT021 FR,2025-10-21T00:00:00Z,https://go-api.ifrc.org/api/DownloadFile/87799/MDRHT021-FR,HT,HTI - Complex Emergency - 05 - 2024,2024-05-13 00:00:00+00:00,MDRHT021_27193.pdf,2024.0,True,True,DREF (JSON)
MDRBR011,3894,6987.0,27194,6 month update,Brazil - Floods (MDRBR011),MDRBR011ou3,2025-03-24T00:00:00Z,https://go-api.ifrc.org/api/DownloadFile/87944/MDRBR011ou3,BR,Brazil Floods - Floods in Rio Grande Sul,2024-05-11 00:00:00+00:00,MDRBR011_27194.pdf,2024.0,False,False,Other
MDRBR011,3894,6987.0,27195,Emergency Appeal,Brazil - Floods (MDRBR011),MDRBR011ea,2024-05-12T00:00:00Z,https://go-api.ifrc.org/api/DownloadFile/87791/MDRBR011ea,BR,Brazil Floods - Floods in Rio Grande Sul,2024-05-11 00:00:00+00:00,MDRBR011_27195.pdf,2024.0,False,False,Other
MDRBR011,3894,6987.0,27196,Operational strategy,Brazil - Floods (MDRBR011),MDRBR011os,2024-06-04T00:00:00Z,https://go-api.ifrc.org/api/DownloadFile/87941/MDRBR011os,BR,Brazil Floods - Floods in Rio Grande Sul,2024-05-11 00:00:00+00:00,MDRBR011_27196.pdf,2024.0,False,False,Other
MDRBR011,3894,6987.0,27197,Operations Update,Brazil - Floods (MDRBR011),MDRBR011ou1,2024-07-03T00:00:00Z,https://go-api.ifrc.org/api/DownloadFile/87942/MDRBR011ou1,BR,Brazil Floods - Floods in Rio Grande Sul,2024-05-11 00:00:00+00:00,MDRBR011_27197.pdf,2024.0,False,False,Other
MDRBR011,3894,6987.0,27198,Operations Update,Brazil - Floods (MDRBR011),MDRBR011ou2,2024-07-27T00:00:00Z,https://go-api.ifrc.org/api/DownloadFile/87943/MDRBR011ou2,BR,Brazil Floods - Floods in Rio Grande Sul,2024-05-11 00:00:00+00:00,MDRBR011_27198.pdf,2024.0,False,False,Other
MDRBR011,3894,6987.0,27199,12 month update,Brazil - Floods (MDRBR011),MDRBR011ou4,2025-07-11T00:00:00Z,https://go-api.ifrc.org/api/DownloadFile/90869/MDRBR011ou4,BR,Brazil Floods - Floods in Rio Grande Sul,2024-05-11 00:00:00+00:00,MDRBR011_27199.pdf,2024.0,False,False,Other
MDRZA017,3893,7007.0,27200,DREF Operation,South Africa - Election readiness (MDRZA017),MDRZA017do,2024-05-20T00:00:00Z,https://go-api.ifrc.org/api/DownloadFile/87853/MDRZA017do,ZA,ZAF: 05-2024 Election preparedness,2024-05-10 00:00:00+00:00,MDRZA017_27200.pdf,2024.0,False,True,Other
MDRZA017,3893,7007.0,27201,DREF Operation Final Report,South Africa - Election readiness (MDRZA017),MDRZA017dfr,2025-06-10T00:00:00Z,https://go-api.ifrc.org/api/DownloadFile/87854/MDRZA017dfr,ZA,ZAF: 05-2024 Election preparedness,2024-05-10 00:00:00+00:00,MDRZA017_27201.pdf,2024.0,True,True,DREF (JSON)
MDRZA017,3893,7007.0,27202,DREF Operation Final Report,South Africa - Election readiness (MDRZA017),MDRZA017do,2025-06-10T00:00:00Z,https://go-api.ifrc.org/api/DownloadFile/87854/MDRZA017do,ZA,ZAF: 05-2024 Election preparedness,2024-05-10 00:00:00+00:00,MDRZA017_27202.pdf,2024.0,True,True,DREF (JSON)
MDRMR017,3892,6962.0,27203,DREF Operation,Mauritania - Pop. Movement (MDRMR017),MDRMR017do,2024-05-13T00:00:00Z,https://go-api.ifrc.org/api/DownloadFile/87795/MDRMR017do,MR,MRT: Population displacement - 04-2024 - Mauritania: Population movement in the Hodh El Chargui region in 2024,2024-05-09 00:00:00+00:00,MDRMR017_27203.pdf,2024.0,False,False,Other
MDRMR017,3892,6962.0,27204,Emergency Appeal,Mauritania - Pop. Movement (MDRMR017),MDRMR017ea,2024-11-06T00:00:00Z,https://go-api.ifrc.org/api/DownloadFile/89326/MDRMR017ea,MR,MRT: Population displacement - 04-2024 - Mauritania: Population movement in the Hodh El Chargui region in 2024,2024-05-09 00:00:00+00:00,MDRMR017_27204.pdf,2024.0,False,False,Other
MDRMR017,3892,6962.0,27205,Operational strategy,Mauritania - Pop. Movement (MDRMR017),MDRMR017_OS,2025-03-18T00:00:00Z,https://go-api.ifrc.org/api/DownloadFile/90677/MDRMR017_OS,MR,MRT: Population displacement - 04-2024 - Mauritania: Population movement in the Hodh El Chargui region in 2024,2024-05-09 00:00:00+00:00,MDRMR017_27205.pdf,2024.0,False,False,Other
MDRMR017,3892,6962.0,27206,Operations Update,Mauritania - Pop. Movement (MDRMR017),MDRMR017ou1,2025-11-05T00:00:00Z,https://go-api.ifrc.org/api/DownloadFile/91153/MDRMR017ou1,MR,MRT: Population displacement - 04-2024 - Mauritania: Population movement in the Hodh El Chargui region in 2024,2024-05-09 00:00:00+00:00,MDRMR017_27206.pdf,2024.0,False,False,Other
MDRMR017,3892,6962.0,27207,Operations Update,Mauritania - Pop. Movement (MDRMR017),MDRMR017ou2,2025-11-19T00:00:00Z,https://go-api.ifrc.org/api/DownloadFile/93720/MDRMR017ou2,MR,MRT: Population displacement - 04-2024 - Mauritania: Population movement in the Hodh El Chargui region in 2024,2024-05-09 00:00:00+00:00,MDRMR017_27207.pdf,2024.0,False,False,Other
MDRMR017,3892,6962.0,27208,Operations Update,Mauritania - Pop. Movement (MDRMR017),MDRMR017ou2.docx,2025-11-19T00:00:00Z,https://go-api.ifrc.org/api/DownloadFile/93720/MDRMR017ou2.docx,MR,MRT: Population displacement - 04-2024 - Mauritania: Population movement in the Hodh El Chargui region in 2024,2024-05-09 00:00:00+00:00,MDRMR017_27208.pdf,2024.0,False,False,Other
MDRHN022,3891,6954.0,27209,DREF Operation,Honduras - Fire (MDRHN022),MDRHN022do,2024-05-07T00:00:00Z,https://go-api.ifrc.org/api/DownloadFile/87757/MDRHN022do,HN,HND: Fire - 04-2024 - Fire in public hospital of Roatan,2024-05-07 00:00:00+00:00,MDRHN022_27209.pdf,2024.0,False,True,Other
MDRHN022,3891,6954.0,27210,DREF Operation Final Report,Honduras - Fire (MDRHN022),MDRHN022fr,2025-07-02T00:00:00Z,https://go-api.ifrc.org/api/DownloadFile/87767/MDRHN022fr,HN,HND: Fire - 04-2024 - Fire in public hospital of Roatan,2024-05-07 00:00:00+00:00,MDRHN022_27210.pdf,2024.0,True,True,DREF (JSON)
MDRAF015,3888,6940.0,27211,Final Report,Afghanistan - Floods (MDRAF015),MDRAF015ea.fnr,2025-10-07T00:00:00Z,https://go-api.ifrc.org/api/DownloadFile/87992/MDRAF015ea.fnr,AF,Afghanistan Flash Floods – April 2024,2024-05-04 00:00:00+00:00,MDRAF015_27211.pdf,2024.0,True,False,Emergency Appeal / Other
MDRAF015,3888,6940.0,27212,DREF Operation,Afghanistan - Floods (MDRAF015),MDRAF015do,2024-05-06T00:00:00Z,https://go-api.ifrc.org/api/DownloadFile/87738/MDRAF015do,AF,Afghanistan Flash Floods – April 2024,2024-05-04 00:00:00+00:00,MDRAF015_27212.pdf,2024.0,False,False,Other
MDRAF015,3888,6940.0,27213,Emergency Appeal,Afghanistan - Floods (MDRAF015),MDRAF015ea,2024-05-17T00:00:00Z,https://go-api.ifrc.org/api/DownloadFile/87831/MDRAF015ea,AF,Afghanistan Flash Floods – April 2024,2024-05-04 00:00:00+00:00,MDRAF015_27213.pdf,2024.0,False,False,Other
MDRAF015,3888,6940.0,27214,Operational strategy,Afghanistan - Floods (MDRAF015),MDRAF015OS,2024-06-13T00:00:00Z,https://go-api.ifrc.org/api/DownloadFile/87991/MDRAF015OS,AF,Afghanistan Flash Floods – April 2024,2024-05-04 00:00:00+00:00,MDRAF015_27214.pdf,2024.0,False,False,Other
MDRAF015,3888,6940.0,27215,Operations Update,Afghanistan - Floods (MDRAF015),MDRAF015OU1,2024-07-01T00:00:00Z,https://go-api.ifrc.org/api/DownloadFile/87994/MDRAF015OU1,AF,Afghanistan Flash Floods – April 2024,2024-05-04 00:00:00+00:00,MDRAF015_27215.pdf,2024.0,False,False,Other
MDRAF015,3888,6940.0,27216,Operations Update,Afghanistan - Floods (MDRAF015),MDRAF015OU2,2024-10-30T00:00:00Z,https://go-api.ifrc.org/api/DownloadFile/87995/MDRAF015OU2,AF,Afghanistan Flash Floods – April 2024,2024-05-04 00:00:00+00:00,MDRAF015_27216.pdf,2024.0,False,False,Other
MDRAF015,3888,6940.0,27217,6 month update,Afghanistan - Floods (MDRAF015),MDRAF015OU3,2025-02-17T00:00:00Z,https://go-api.ifrc.org/api/DownloadFile/87993/MDRAF015OU3,AF,Afghanistan Flash Floods – April 2024,2024-05-04 00:00:00+00:00,MDRAF015_27217.pdf,2024.0,False,False,Other
MDRAF015,3888,6940.0,27218,Contributions List,Afghanistan - Floods (MDRAF015),Donor Response,2024-05-04T00:00:00Z,https://www.ifrc.org/docs/appeals/Active/MDRAF015.pdf,AF,Afghanistan Flash Floods – April 2024,2024-05-04 00:00:00+00:00,MDRAF015_27218.pdf,2024.0,False,False,Other
MDRKG019,3890,6955.0,27219,DREF Operation Final Report,Kyrgyzstan - Floods (MDRKG019),MDRKG019dfr,2025-10-08T00:00:00Z,https://go-api.ifrc.org/api/DownloadFile/87741/MDRKG019dfr,KG,KGZ: Flood - 04-2024 - Floods Kyrgyzstan,2024-05-04 00:00:00+00:00,MDRKG019_27219.pdf,2024.0,True,True,DREF (JSON)
MDRKG019,3890,6955.0,27220,DREF Operation,Kyrgyzstan - Floods (MDRKG019),MDRKG019do,2024-05-06T00:00:00Z,https://go-api.ifrc.org/api/DownloadFile/87740/MDRKG019do,KG,KGZ: Flood - 04-2024 - Floods Kyrgyzstan,2024-05-04 00:00:00+00:00,MDRKG019_27220.pdf,2024.0,False,True,Other
MDRKG019,3890,6955.0,27221,DREF Operation Update,Kyrgyzstan - Floods (MDRKG019),MDRKG019du1,2024-07-12T00:00:00Z,https://go-api.ifrc.org/api/DownloadFile/88219/MDRKG019du1,KG,KGZ: Flood - 04-2024 - Floods Kyrgyzstan,2024-05-04 00:00:00+00:00,MDRKG019_27221.pdf,2024.0,False,True,Other
MDRYE014,3889,6950.0,27222,DREF Operation,Yemen - Floods (MDRYE014),MDRYE014do,2024-05-07T00:00:00Z,https://go-api.ifrc.org/api/DownloadFile/87749/MDRYE014do,YE,YEM: Flood - 04-2024 - Yemen Floods,2024-05-03 00:00:00+00:00,MDRYE014_27222.pdf,2024.0,False,False,Other
MDRYE014,3889,6950.0,27223,Emergency Appeal,Yemen - Floods (MDRYE014),MDRYE014EAAR,2024-08-27T00:00:00Z,https://go-api.ifrc.org/api/DownloadFile/88596/MDRYE014EAAR,YE,YEM: Flood - 04-2024 - Yemen Floods,2024-05-03 00:00:00+00:00,MDRYE014_27223.pdf,2024.0,False,False,Other
MDRYE014,3889,6950.0,27224,Emergency Appeal,Yemen - Floods (MDRYE014),MDRYE014EA,2024-08-27T00:00:00Z,https://go-api.ifrc.org/api/DownloadFile/88590/MDRYE014EA,YE,YEM: Flood - 04-2024 - Yemen Floods,2024-05-03 00:00:00+00:00,MDRYE014_27224.pdf,2024.0,False,False,Other
MDRYE014,3889,6950.0,27225,Operational strategy,Yemen - Floods (MDRYE014),MDRYE014OS,2024-09-25T00:00:00Z,https://go-api.ifrc.org/api/DownloadFile/88892/MDRYE014OS,YE,YEM: Flood - 04-2024 - Yemen Floods,2024-05-03 00:00:00+00:00,MDRYE014_27225.pdf,2024.0,False,False,Other
MDRYE014,3889,6950.0,27226,Operations Update,Yemen - Floods (MDRYE014),MDRYE014OU1,2024-11-13T00:00:00Z,https://go-api.ifrc.org/api/DownloadFile/89384/MDRYE014OU1,YE,YEM: Flood - 04-2024 - Yemen Floods,2024-05-03 00:00:00+00:00,MDRYE014_27226.pdf,2024.0,False,False,Other
MDRBD034,3887,6949.0,27227,DREF Operation,Bangladesh - Heatwave (MDRBD034),MDRBD034do,2024-05-04T00:00:00Z,https://go-api.ifrc.org/api/DownloadFile/87736/MDRBD034do,BD,BGD: Heat Wave - 04-2024 - Heatwave Response in Bangladesh,2024-05-03 00:00:00+00:00,MDRBD034_27227.pdf,2024.0,False,True,Other
MDRBD034,3887,6949.0,27228,DREF Operation Final Report,Bangladesh - Heatwave (MDRBD034),MDRBD034dfr,2025-03-20T00:00:00Z,https://go-api.ifrc.org/api/DownloadFile/87737/MDRBD034dfr,BD,BGD: Heat Wave - 04-2024 - Heatwave Response in Bangladesh,2024-05-03 00:00:00+00:00,MDRBD034_27228.pdf,2024.0,True,True,DREF (JSON)
MDRKM012,3886,7008.0,27229,DREF/EAP Summary,Comoros - Volcanic Ash (EAP) (MDRKM012),MDRKM012seap,2024-07-12T00:00:00Z,https://go-api.ifrc.org/api/DownloadFile/87685/MDRKM012seap,KM,COM: 04-2024 Volcanic Ash(EAP),2024-04-23 00:00:00+00:00,MDRKM012_27229.pdf,2024.0,False,False,Other
MDRKM012,3886,7008.0,27230,DREF/EAP Update,Comoros - Volcanic Ash (EAP) (MDRKM012),MDRKM012_sEAP Update 1,2025-12-17T00:00:00Z,https://go-api.ifrc.org/api/DownloadFile/92502/MDRKM012_sEAP-Update-1,KM,COM: 04-2024 Volcanic Ash(EAP),2024-04-23 00:00:00+00:00,MDRKM012_27230.pdf,2024.0,False,False,Other
MDRBA016,3872,6952.0,27231,DREF Operation Final Report,Bosnia - Measles Outbreak (MDRBA016),MDRBA016dfr,2025-03-27T00:00:00Z,https://go-api.ifrc.org/api/DownloadFile/87632/MDRBA016dfr,BA,BIH: Epidemic - 01-2024 - Measles Outbreak,2024-04-20 00:00:00+00:00,MDRBA016_27231.pdf,2024.0,True,True,DREF (JSON)
MDRBA016,3872,6952.0,27232,DREF Operation,Bosnia - Measles Outbreak (MDRBA016),MDRBA016do,2024-04-22T00:00:00Z,https://go-api.ifrc.org/api/DownloadFile/87630/MDRBA016do,BA,BIH: Epidemic - 01-2024 - Measles Outbreak,2024-04-20 00:00:00+00:00,MDRBA016_27232.pdf,2024.0,False,True,Other
MDRKE059,3871,6928.0,27233,DREF Operation Final Report,Kenya - Baringo Social unrest (MDRKE059),MDRKE059dfr,2025-05-15T00:00:00Z,https://go-api.ifrc.org/api/DownloadFile/87644/MDRKE059dfr,KE,KEN: Population Movement - 01-2024 - Baringo Insecurity,2024-04-19 00:00:00+00:00,MDRKE059_27233.pdf,2024.0,True,True,DREF (JSON)
MDRKE059,3871,6928.0,27234,DREF Operation,Kenya - Baringo Social unrest (MDRKE059),MDRKE059do,2024-04-23T00:00:00Z,https://go-api.ifrc.org/api/DownloadFile/87643/MDRKE059do,KE,KEN: Population Movement - 01-2024 - Baringo Insecurity,2024-04-19 00:00:00+00:00,MDRKE059_27234.pdf,2024.0,False,True,Other
MDRKE059,3871,6928.0,27235,DREF Operation Update,Kenya - Baringo Social unrest (MDRKE059),MDRKE059du1,2024-08-16T00:00:00Z,https://go-api.ifrc.org/api/DownloadFile/88544/MDRKE059du1,KE,KEN: Population Movement - 01-2024 - Baringo Insecurity,2024-04-19 00:00:00+00:00,MDRKE059_27235.pdf,2024.0,False,True,Other
MDRNG038,3870,6894.0,27236,DREF Operation Final Report,Nigeria - Lassa Fever outbreak (MDRNG038),MDRNG038dfr,2025-04-07T00:00:00Z,https://go-api.ifrc.org/api/DownloadFile/87587/MDRNG038dfr,NG,NGA: Epidemic - 01-2024 - Cerebrospinal Meningitis,2024-04-14 00:00:00+00:00,MDRNG038_27236.pdf,2024.0,True,True,DREF (JSON)
MDRNG038,3870,6894.0,27237,DREF Operation Final Report,Nigeria - Lassa Fever outbreak (MDRNG038),MDRNG038F-Final,2025-04-07T00:00:00Z,https://go-api.ifrc.org/api/DownloadFile/87587/MDRNG038F-Final,NG,NGA: Epidemic - 01-2024 - Cerebrospinal Meningitis,2024-04-14 00:00:00+00:00,MDRNG038_27237.pdf,2024.0,True,True,DREF (JSON)
MDRNG038,3870,6894.0,27238,DREF Operation,Nigeria - Lassa Fever outbreak (MDRNG038),MDRNG038do,2024-04-16T00:00:00Z,https://go-api.ifrc.org/api/DownloadFile/87586/MDRNG038do,NG,NGA: Epidemic - 01-2024 - Cerebrospinal Meningitis,2024-04-14 00:00:00+00:00,MDRNG038_27238.pdf,2024.0,False,True,Other
MDRNG038,3870,6894.0,27239,DREF Operation Update,Nigeria - Lassa Fever outbreak (MDRNG038),MDRNG038ou1,2024-09-12T00:00:00Z,https://go-api.ifrc.org/api/DownloadFile/88747/MDRNG038ou1,NG,NGA: Epidemic - 01-2024 - Cerebrospinal Meningitis,2024-04-14 00:00:00+00:00,MDRNG038_27239.pdf,2024.0,False,True,Other
MDRKZ013,3869,6931.0,27240,DREF Operation Final Report,Kazakhstan - Flood (MDRKZ013),MDRKZ013dfr,2025-04-08T00:00:00Z,https://go-api.ifrc.org/api/DownloadFile/87558/MDRKZ013dfr,KZ,KAZ: Flood - 03-2024 - Floods in several regions,2024-04-10 00:00:00+00:00,MDRKZ013_27240.pdf,2024.0,True,True,DREF (JSON)
MDRKZ013,3869,6931.0,27241,DREF Operation,Kazakhstan - Flood (MDRKZ013),MDRKZ013do,2024-04-11T00:00:00Z,https://go-api.ifrc.org/api/DownloadFile/87557/MDRKZ013do,KZ,KAZ: Flood - 03-2024 - Floods in several regions,2024-04-10 00:00:00+00:00,MDRKZ013_27241.pdf,2024.0,False,True,Other
MDRKZ013,3869,6931.0,27242,DREF Operation Update,Kazakhstan - Flood (MDRKZ013),MDRKZ013du1,2024-07-12T00:00:00Z,https://go-api.ifrc.org/api/DownloadFile/88217/MDRKZ013du1,KZ,KAZ: Flood - 03-2024 - Floods in several regions,2024-04-10 00:00:00+00:00,MDRKZ013_27242.pdf,2024.0,False,True,Other
MDRMG022,3868,7006.0,27243,DREF Operation,Madagascar - Cyclone (MDRMG022),MDRMG022do,2024-04-12T00:00:00Z,https://go-api.ifrc.org/api/DownloadFile/87573/MDRMG022do,MG,MDG: Cyclone - 2024-03-27 - TC Gamane,2024-04-08 00:00:00+00:00,MDRMG022_27243.pdf,2024.0,False,True,Other
MDRMG022,3868,7006.0,27244,DREF Operation Update,Madagascar - Cyclone (MDRMG022),MDRMG022du1,2024-05-13T00:00:00Z,https://go-api.ifrc.org/api/DownloadFile/87796/MDRMG022du1,MG,MDG: Cyclone - 2024-03-27 - TC Gamane,2024-04-08 00:00:00+00:00,MDRMG022_27244.pdf,2024.0,False,True,Other
MDRMG022,3868,7006.0,27245,DREF Operation Final Report,Madagascar - Cyclone (MDRMG022),MDRMG022dfr,2025-02-28T00:00:00Z,https://go-api.ifrc.org/api/DownloadFile/87574/MDRMG022dfr,MG,MDG: Cyclone - 2024-03-27 - TC Gamane,2024-04-08 00:00:00+00:00,MDRMG022_27245.pdf,2024.0,True,True,DREF (JSON)
MDRCU009,3867,6919.0,27246,DREF Operation Final Report,Cuba - Floods (MDRCU009),MDRCU009fr,2025-04-22T00:00:00Z,https://go-api.ifrc.org/api/DownloadFile/87485/MDRCU009fr,CU,CUB: Cyclone - 03-2024 - Heavy Rains,2024-04-04 00:00:00+00:00,MDRCU009_27246.pdf,2024.0,True,True,DREF (JSON)
MDRCU009,3867,6919.0,27247,DREF Operation,Cuba - Floods (MDRCU009),MDRCU009do,2024-04-05T00:00:00Z,https://go-api.ifrc.org/api/DownloadFile/87484/MDRCU009do,CU,CUB: Cyclone - 03-2024 - Heavy Rains,2024-04-04 00:00:00+00:00,MDRCU009_27247.pdf,2024.0,False,True,Other
MDRIQ016,3865,6913.0,27248,DREF Operation Final Report,Iraq - Flash Floods (MDRIQ016),MDRIQ016fr,2025-04-29T00:00:00Z,https://go-api.ifrc.org/api/DownloadFile/89680/MDRIQ016fr,IQ,IRQ: Pluvial/Flash Flood - 03-2024 - Flooding and Floods,2024-04-02 00:00:00+00:00,MDRIQ016_27248.pdf,2024.0,True,True,DREF (JSON)
MDRIQ016,3865,6913.0,27249,DREF Operation,Iraq - Flash Floods (MDRIQ016),MDRIQ016do,2024-04-03T00:00:00Z,https://go-api.ifrc.org/api/DownloadFile/87466/MDRIQ016do,IQ,IRQ: Pluvial/Flash Flood - 03-2024 - Flooding and Floods,2024-04-02 00:00:00+00:00,MDRIQ016_27249.pdf,2024.0,False,True,Other
MDRUY005,3866,6920.0,27250,DREF Operation,Uruguay - Floods (MDRUY005),MDRUY005do,2024-04-03T00:00:00Z,https://go-api.ifrc.org/api/DownloadFile/87467/MDRUY005do,UY,URY: Flood - 03-2024 - Floods,2024-04-02 00:00:00+00:00,MDRUY005_27250.pdf,2024.0,False,True,Other
MDRUY005,3866,6920.0,27251,DREF Operation Update,Uruguay - Floods (MDRUY005),MDRUY005ou1,2024-07-08T00:00:00Z,https://go-api.ifrc.org/api/DownloadFile/88183/MDRUY005ou1,UY,URY: Flood - 03-2024 - Floods,2024-04-02 00:00:00+00:00,MDRUY005_27251.pdf,2024.0,False,True,Other
MDRUY005,3866,6920.0,27252,DREF Operation Update,Uruguay - Floods (MDRUY005),MDRUY005ou2,2024-08-29T00:00:00Z,https://go-api.ifrc.org/api/DownloadFile/88604/MDRUY005ou2,UY,URY: Flood - 03-2024 - Floods,2024-04-02 00:00:00+00:00,MDRUY005_27252.pdf,2024.0,False,True,Other
MDRUY005,3866,6920.0,27253,DREF Operation Final Report,Uruguay - Floods (MDRUY005),MDRUY005fr,2025-07-16T00:00:00Z,https://go-api.ifrc.org/api/DownloadFile/87468/MDRUY005fr,UY,URY: Flood - 03-2024 - Floods,2024-04-02 00:00:00+00:00,MDRUY005_27253.pdf,2024.0,True,True,DREF (JSON)
MDRZM022,3863,6878.0,27254,6 month update,Zambia - Drought (MDRZM022),MDRZM022 6m,2025-04-17T00:00:00Z,https://go-api.ifrc.org/api/DownloadFile/88296/MDRZM022-6m,ZM,ZMB: Drought - 01-2024 - Zambia Prolonged dry spells,2024-03-22 00:00:00+00:00,MDRZM022_27254.pdf,2024.0,False,False,Other
MDRZM022,3863,6878.0,27255,DREF Operation,Zambia - Drought (MDRZM022),MDRZM022do,2024-03-28T00:00:00Z,https://go-api.ifrc.org/api/DownloadFile/87422/MDRZM022do,ZM,ZMB: Drought - 01-2024 - Zambia Prolonged dry spells,2024-03-22 00:00:00+00:00,MDRZM022_27255.pdf,2024.0,False,False,Other
MDRZM022,3863,6878.0,27256,Emergency Appeal,Zambia - Drought (MDRZM022),MDRZM022ea,2024-05-27T00:00:00Z,https://go-api.ifrc.org/api/DownloadFile/87905/MDRZM022ea,ZM,ZMB: Drought - 01-2024 - Zambia Prolonged dry spells,2024-03-22 00:00:00+00:00,MDRZM022_27256.pdf,2024.0,False,False,Other
MDRZM022,3863,6878.0,27257,Emergency Appeal,Zambia - Drought (MDRZM022),MDRZM022do,2024-05-27T00:00:00Z,https://go-api.ifrc.org/api/DownloadFile/87905/MDRZM022do,ZM,ZMB: Drought - 01-2024 - Zambia Prolonged dry spells,2024-03-22 00:00:00+00:00,MDRZM022_27257.pdf,2024.0,False,False,Other
MDRZM022,3863,6878.0,27258,Operational strategy,Zambia - Drought (MDRZM022),MDRZM022OS,2024-07-23T00:00:00Z,https://go-api.ifrc.org/api/DownloadFile/88293/MDRZM022OS,ZM,ZMB: Drought - 01-2024 - Zambia Prolonged dry spells,2024-03-22 00:00:00+00:00,MDRZM022_27258.pdf,2024.0,False,False,Other
MDRZM022,3863,6878.0,27259,Operations Update,Zambia - Drought (MDRZM022),MDRZM022eu1,2024-08-30T00:00:00Z,https://go-api.ifrc.org/api/DownloadFile/88294/MDRZM022eu1,ZM,ZMB: Drought - 01-2024 - Zambia Prolonged dry spells,2024-03-22 00:00:00+00:00,MDRZM022_27259.pdf,2024.0,False,False,Other
MDRZM022,3863,6878.0,27260,12 month update,Zambia - Drought (MDRZM022),MDRZM022 12m,2025-06-11T00:00:00Z,https://go-api.ifrc.org/api/DownloadFile/91368/MDRZM022-12m,ZM,ZMB: Drought - 01-2024 - Zambia Prolonged dry spells,2024-03-22 00:00:00+00:00,MDRZM022_27260.pdf,2024.0,False,False,Other
MDRZM022,3863,6878.0,27261,Operations Update,Zambia - Drought (MDRZM022),MDRZM022 eu2,2024-10-17T00:00:00Z,https://go-api.ifrc.org/api/DownloadFile/88295/MDRZM022-eu2,ZM,ZMB: Drought - 01-2024 - Zambia Prolonged dry spells,2024-03-22 00:00:00+00:00,MDRZM022_27261.pdf,2024.0,False,False,Other
MDRBF018,3864,6875.0,27262,DREF Operation,Burkina Faso - Measles outbreak (MDRBF018),MDRBF018do,2024-03-25T00:00:00Z,https://go-api.ifrc.org/api/DownloadFile/87369/MDRBF018do,BF,BFA: Outbreak - 02-2024 - Measles BF2024,2024-03-22 00:00:00+00:00,MDRBF018_27262.pdf,2024.0,False,True,Other
MDRBF018,3864,6875.0,27263,DREF Operation Final Report,Burkina Faso - Measles outbreak (MDRBF018),MDRBF018dfr,2025-06-05T00:00:00Z,https://go-api.ifrc.org/api/DownloadFile/87370/MDRBF018dfr,BF,BFA: Outbreak - 02-2024 - Measles BF2024,2024-03-22 00:00:00+00:00,MDRBF018_27263.pdf,2024.0,True,True,DREF (JSON)
MDRIR014,3862,6895.0,27264,DREF Operation Final Report,Iran - Flood (MDRIR014),MDRIR014fr,2025-07-28T00:00:00Z,https://go-api.ifrc.org/api/DownloadFile/89679/MDRIR014fr,IR,IRN: Flood - 02-2024 - Sistan&Balouchestan,2024-03-20 00:00:00+00:00,MDRIR014_27264.pdf,2024.0,True,True,DREF (JSON)
MDRIR014,3862,6895.0,27265,DREF Operation,Iran - Flood (MDRIR014),MDRIR014do,2024-03-21T00:00:00Z,https://go-api.ifrc.org/api/DownloadFile/87359/MDRIR014do,IR,IRN: Flood - 02-2024 - Sistan&Balouchestan,2024-03-20 00:00:00+00:00,MDRIR014_27265.pdf,2024.0,False,True,Other
MDRIR014,3862,6895.0,27266,DREF Operation Update,Iran - Flood (MDRIR014),MDRIR014ou,2024-05-02T00:00:00Z,https://go-api.ifrc.org/api/DownloadFile/87731/MDRIR014ou,IR,IRN: Flood - 02-2024 - Sistan&Balouchestan,2024-03-20 00:00:00+00:00,MDRIR014_27266.pdf,2024.0,False,True,Other
MDRAF014,3861,6898.0,27267,DREF Operation,Afghanistan - Cold Wave (MDRAF014),MDRAF014do,2024-03-21T00:00:00Z,https://go-api.ifrc.org/api/DownloadFile/87309/MDRAF014do,AF,AFG: Cold Wave - 02-2024 - Extreme Weather,2024-03-16 00:00:00+00:00,MDRAF014_27267.pdf,2024.0,False,True,Other
MDRAF014,3861,6898.0,27268,DREF Operation Update,Afghanistan - Cold Wave (MDRAF014),MDRAF014_OU1,2024-04-25T00:00:00Z,https://go-api.ifrc.org/api/DownloadFile/87575/MDRAF014_OU1,AF,AFG: Cold Wave - 02-2024 - Extreme Weather,2024-03-16 00:00:00+00:00,MDRAF014_27268.pdf,2024.0,False,True,Other
MDRAF014,3861,6898.0,27269,DREF Operation Final Report,Afghanistan - Cold Wave (MDRAF014),MDRAF014dfr,2024-12-31T00:00:00Z,https://go-api.ifrc.org/api/DownloadFile/87310/MDRAF014dfr,AF,AFG: Cold Wave - 02-2024 - Extreme Weather,2024-03-16 00:00:00+00:00,MDRAF014_27269.pdf,2024.0,True,True,DREF (JSON)
MDRSZ005,3860,6921.0,27270,DREF/EAP Update,Eswatini - Drought EAP (MDRSZ005),MDRSZ005 EAP Update2,2025-04-17T00:00:00Z,https://go-api.ifrc.org/api/DownloadFile/87314/MDRSZ005-EAP-Update2,SZ,Eswatini: Drought EAP,2024-03-15 00:00:00+00:00,MDRSZ005_27270.pdf,2024.0,False,False,Other
MDRSZ005,3860,6921.0,27271,DREF/EAP Summary,Eswatini - Drought EAP (MDRSZ005),EAP2023SZ01_MDRSZ005,2024-03-18T00:00:00Z,https://go-api.ifrc.org/api/DownloadFile/87282/EAP2023SZ01_MDRSZ005,SZ,Eswatini: Drought EAP,2024-03-15 00:00:00+00:00,MDRSZ005_27271.pdf,2024.0,False,False,Other
MDRDZ010,3859,6897.0,27272,DREF Operation Final Report,Algeria - Flood (MDRDZ010),MDRDZ010fr,2025-05-02T00:00:00Z,https://go-api.ifrc.org/api/DownloadFile/89675/MDRDZ010fr,DZ,DZA: Flood - 02-2024 - Jijel Floods,2024-03-14 00:00:00+00:00,MDRDZ010_27272.pdf,2024.0,True,False,DREF (Missing from JSON)
MDRDZ010,3859,6897.0,27273,DREF Operation,Algeria - Flood (MDRDZ010),MDRDZ010do,2024-03-15T00:00:00Z,https://go-api.ifrc.org/api/DownloadFile/87266/MDRDZ010do,DZ,DZA: Flood - 02-2024 - Jijel Floods,2024-03-14 00:00:00+00:00,MDRDZ010_27273.pdf,2024.0,False,False,Other
MDRAR021,3858,6900.0,27274,DREF Operation Final Report,Argentina - Floods (MDRAR021),MDRAR021fr,2025-05-27T00:00:00Z,https://go-api.ifrc.org/api/DownloadFile/87306/MDRAR021fr,AR,ARG: Flood - 03-2024 - Inundaciones en Corrientes,2024-03-14 00:00:00+00:00,MDRAR021_27274.pdf,2024.0,True,True,DREF (JSON)
MDRAR021,3858,6900.0,27275,DREF Operation,Argentina - Floods (MDRAR021),MDRAR021do,2024-03-18T00:00:00Z,https://go-api.ifrc.org/api/DownloadFile/87305/MDRAR021do,AR,ARG: Flood - 03-2024 - Inundaciones en Corrientes,2024-03-14 00:00:00+00:00,MDRAR021_27275.pdf,2024.0,False,True,Other
MDRAR021,3858,6900.0,27276,DREF Operation Update,Argentina - Floods (MDRAR021),MDRAR021ou1,2024-06-19T00:00:00Z,https://go-api.ifrc.org/api/DownloadFile/88035/MDRAR021ou1,AR,ARG: Flood - 03-2024 - Inundaciones en Corrientes,2024-03-14 00:00:00+00:00,MDRAR021_27276.pdf,2024.0,False,True,Other
MDRBO016,3856,6891.0,27277,DREF Operation,Bolivia - Floods (MDRBO016),MDRBO016do,2024-03-14T00:00:00Z,https://go-api.ifrc.org/api/DownloadFile/87259/MDRBO016do,BO,BOL: Flood - 02-2024 - Flood emergency - Bolivia 2024,2024-03-13 00:00:00+00:00,MDRBO016_27277.pdf,2024.0,False,True,Other
MDRBO016,3856,6891.0,27278,DREF Operation Update,Bolivia - Floods (MDRBO016),MDRBO016ou1,2024-07-25T00:00:00Z,https://go-api.ifrc.org/api/DownloadFile/88380/MDRBO016ou1,BO,BOL: Flood - 02-2024 - Flood emergency - Bolivia 2024,2024-03-13 00:00:00+00:00,MDRBO016_27278.pdf,2024.0,False,True,Other
MDRBO016,3856,6891.0,27279,DREF Operation Final Report,Bolivia - Floods (MDRBO016),MDRBO016fr,2025-06-05T00:00:00Z,https://go-api.ifrc.org/api/DownloadFile/87260/MDRBO016fr,BO,BOL: Flood - 02-2024 - Flood emergency - Bolivia 2024,2024-03-13 00:00:00+00:00,MDRBO016_27279.pdf,2024.0,True,True,DREF (JSON)
MDRPK025,3855,6887.0,27280,DREF Operation Final Report,Pakistan - Flood (MDRPK025),MDRPK025dfr,2025-04-08T00:00:00Z,https://go-api.ifrc.org/api/DownloadFile/87246/MDRPK025dfr,PK,PAK: Pluvial/Flash Flood - 02-2024 - Torrential Rainfall /Thunderstorm & Isolated Hailstorm,2024-03-13 00:00:00+00:00,MDRPK025_27280.pdf,2024.0,True,False,DREF (Missing from JSON)
MDRPK025,3855,6887.0,27281,DREF Operation,Pakistan - Flood (MDRPK025),MDRPK025do,2024-03-14T00:00:00Z,https://go-api.ifrc.org/api/DownloadFile/87245/MDRPK025do,PK,PAK: Pluvial/Flash Flood - 02-2024 - Torrential Rainfall /Thunderstorm & Isolated Hailstorm,2024-03-13 00:00:00+00:00,MDRPK025_27281.pdf,2024.0,False,False,Other
MDRPK025,3855,6887.0,27282,DREF Operation Update,Pakistan - Flood (MDRPK025),MDRPK025OU1,2024-06-15T00:00:00Z,https://go-api.ifrc.org/api/DownloadFile/88009/MDRPK025OU1,PK,PAK: Pluvial/Flash Flood - 02-2024 - Torrential Rainfall /Thunderstorm & Isolated Hailstorm,2024-03-13 00:00:00+00:00,MDRPK025_27282.pdf,2024.0,False,False,Other
MDRPK025,3855,6887.0,27283,DREF Operation Update,Pakistan - Flood (MDRPK025),MDRPK025_OU2,2024-08-10T00:00:00Z,https://go-api.ifrc.org/api/DownloadFile/88502/MDRPK025_OU2,PK,PAK: Pluvial/Flash Flood - 02-2024 - Torrential Rainfall /Thunderstorm & Isolated Hailstorm,2024-03-13 00:00:00+00:00,MDRPK025_27283.pdf,2024.0,False,False,Other
MDRCM037,3857,6876.0,27284,DREF Operation Final Report,Cameroon - Population Movement (MDRCM037),MDRCM037dfr,2025-04-13T00:00:00Z,https://go-api.ifrc.org/api/DownloadFile/87355/MDRCM037dfr,CM,CMR: Population displacement - 02-2024 - Movement of Chadian populations in Logone Birni,2024-03-13 00:00:00+00:00,MDRCM037_27284.pdf,2024.0,True,True,DREF (JSON)
MDRCM037,3857,6876.0,27285,DREF Operation,Cameroon - Population Movement (MDRCM037),MDRCM037do,2024-03-21T00:00:00Z,https://go-api.ifrc.org/api/DownloadFile/87354/MDRCM037do,CM,CMR: Population displacement - 02-2024 - Movement of Chadian populations in Logone Birni,2024-03-13 00:00:00+00:00,MDRCM037_27285.pdf,2024.0,False,True,Other
MDRMZ023,3854,6883.0,27286,DREF Operation Final Report,Mozambique - Population Movement (MDRMZ023),MDRMZ023dfr,2025-05-15T00:00:00Z,https://go-api.ifrc.org/api/DownloadFile/87357/MDRMZ023dfr,MZ,MOZ: Population Movement - 02-2024 - IDPs in Nampula - Cabo Delgado conflict,2024-03-12 00:00:00+00:00,MDRMZ023_27286.pdf,2024.0,True,True,DREF (JSON)
MDRMZ023,3854,6883.0,27287,DREF Operation,Mozambique - Population Movement (MDRMZ023),MDRMZ023do,2024-03-21T00:00:00Z,https://go-api.ifrc.org/api/DownloadFile/87356/MDRMZ023do,MZ,MOZ: Population Movement - 02-2024 - IDPs in Nampula - Cabo Delgado conflict,2024-03-12 00:00:00+00:00,MDRMZ023_27287.pdf,2024.0,False,True,Other
MDRMZ023,3854,6883.0,27288,DREF Operation Update,Mozambique - Population Movement (MDRMZ023),MDRMZ023du1,2024-07-05T00:00:00Z,https://go-api.ifrc.org/api/DownloadFile/88171/MDRMZ023du1,MZ,MOZ: Population Movement - 02-2024 - IDPs in Nampula - Cabo Delgado conflict,2024-03-12 00:00:00+00:00,MDRMZ023_27288.pdf,2024.0,False,True,Other
MDRMW020,3853,6889.0,27289,DREF Operation Final Report,Malawi - Floods (MDRMW020),MDRMW020dfr,2025-05-07T00:00:00Z,https://go-api.ifrc.org/api/DownloadFile/87312/MDRMW020dfr,MW,MWI: Flood - 02-2024 - Flooding in Malawi,2024-03-11 00:00:00+00:00,MDRMW020_27289.pdf,2024.0,True,True,DREF (JSON)
MDRMW020,3853,6889.0,27290,DREF Operation,Malawi - Floods (MDRMW020),MDRMW020do,2024-03-19T00:00:00Z,https://go-api.ifrc.org/api/DownloadFile/87311/MDRMW020do,MW,MWI: Flood - 02-2024 - Flooding in Malawi,2024-03-11 00:00:00+00:00,MDRMW020_27290.pdf,2024.0,False,True,Other
MDRMH004,3852,6916.0,27291,DREF Operation Final Report,Marshall Islands - Drought (MDRMH004),final Narrative Report_DREF_Drought_in_Republic_of_Marshall_,2025-04-02T00:00:00Z,https://go-api.ifrc.org/api/DownloadFile/87163/final-Narrative-Report_DREF_Drought_in_Republic_of_Marshall_,MH,Marshall Island: Drought 2024,2024-03-08 00:00:00+00:00,MDRMH004_27291.pdf,2024.0,True,True,DREF (JSON)
MDRMH004,3852,6916.0,27292,DREF Operation,Marshall Islands - Drought (MDRMH004),MDRMH004do,2024-03-11T00:00:00Z,https://go-api.ifrc.org/api/DownloadFile/87162/MDRMH004do,MH,Marshall Island: Drought 2024,2024-03-08 00:00:00+00:00,MDRMH004_27292.pdf,2024.0,False,True,Other
MDREC026,3851,6888.0,27293,DREF Operation Final Report,Ecuador - Floods (MDREC026),MDREC026_-FR,2025-10-07T00:00:00Z,https://go-api.ifrc.org/api/DownloadFile/87169/MDREC026_-FR,EC,ECUADOR: Floods 2024,2024-03-08 00:00:00+00:00,MDREC026_27293.pdf,2024.0,True,True,DREF (JSON)
MDREC026,3851,6888.0,27294,DREF Operation,Ecuador - Floods (MDREC026),MDREC026do,2024-03-11T00:00:00Z,https://go-api.ifrc.org/api/DownloadFile/87168/MDREC026do,EC,ECUADOR: Floods 2024,2024-03-08 00:00:00+00:00,MDREC026_27294.pdf,2024.0,False,True,Other
MDRCD043,3850,6886.0,27295,Emergency Appeal,DR Congo - Population Movement (MDRCD043),MDRCD043ea,2024-02-28T00:00:00Z,https://go-api.ifrc.org/api/DownloadFile/87058/MDRCD043ea,CD,DRC : Population Movement - 2024,2024-02-21 00:00:00+00:00,MDRCD043_27295.pdf,2024.0,False,False,Other
MDRCD043,3850,6886.0,27296,Operational strategy,DR Congo - Population Movement (MDRCD043),MDRCD043os,2024-04-15T00:00:00Z,https://go-api.ifrc.org/api/DownloadFile/87060/MDRCD043os,CD,DRC : Population Movement - 2024,2024-02-21 00:00:00+00:00,MDRCD043_27296.pdf,2024.0,False,False,Other
MDRCD043,3850,6886.0,27297,Operations Update,DR Congo - Population Movement (MDRCD043),MDRCD043eu2,2024-05-23T00:00:00Z,https://go-api.ifrc.org/api/DownloadFile/87062/MDRCD043eu2,CD,DRC : Population Movement - 2024,2024-02-21 00:00:00+00:00,MDRCD043_27297.pdf,2024.0,False,False,Other
MDRCD043,3850,6886.0,27298,Operations Update,DR Congo - Population Movement (MDRCD043),MDRCD043eu1,2024-05-23T00:00:00Z,https://go-api.ifrc.org/api/DownloadFile/87061/MDRCD043eu1,CD,DRC : Population Movement - 2024,2024-02-21 00:00:00+00:00,MDRCD043_27298.pdf,2024.0,False,False,Other
MDRCD043,3850,6886.0,27299,6 month update,DR Congo - Population Movement (MDRCD043),MDRCD043 6m,2024-11-13T00:00:00Z,https://go-api.ifrc.org/api/DownloadFile/87063/MDRCD043-6m,CD,DRC : Population Movement - 2024,2024-02-21 00:00:00+00:00,MDRCD043_27299.pdf,2024.0,False,False,Other
MDRCD043,3850,6886.0,27300,Operations Update,DR Congo - Population Movement (MDRCD043),MDRCD043 Update5,2025-12-02T00:00:00Z,https://go-api.ifrc.org/api/DownloadFile/93848/MDRCD043-Update5,CD,DRC : Population Movement - 2024,2024-02-21 00:00:00+00:00,MDRCD043_27300.pdf,2024.0,False,False,Other
MDRCD043,3850,6886.0,27301,Contributions List,DR Congo - Population Movement (MDRCD043),Donor Response,2024-02-21T00:00:00Z,https://www.ifrc.org/docs/appeals/Active/MDRCD043.pdf,CD,DRC : Population Movement - 2024,2024-02-21 00:00:00+00:00,MDRCD043_27301.pdf,2024.0,False,False,Other
MDRCD043,3850,6886.0,27302,12 month update,DR Congo - Population Movement (MDRCD043),MDRCD043OU4.,2025-02-24T00:00:00Z,https://go-api.ifrc.org/api/DownloadFile/87064/MDRCD043OU4.,CD,DRC : Population Movement - 2024,2024-02-21 00:00:00+00:00,MDRCD043_27302.pdf,2024.0,False,False,Other
MDRCD043,3850,6886.0,27303,6 month update,DR Congo - Population Movement (MDRCD043),6 month update,2024-11-13T00:00:00Z,https://adore.ifrc.org/Download.aspx?FileId=840286,CD,DRC : Population Movement - 2024,2024-02-21 00:00:00+00:00,MDRCD043_27303.pdf,2024.0,False,False,Other
MDRKM011,3849,6885.0,27304,DREF Operation Final Report,Comoros - Cholera Response (MDRKM011),MDRKM011dfr,2025-07-28T00:00:00Z,https://go-api.ifrc.org/api/DownloadFile/87020/MDRKM011dfr,KM,COM: 2024 Cholera Outbreak,2024-02-19 00:00:00+00:00,MDRKM011_27304.pdf,2024.0,True,True,DREF (JSON)
MDRKM011,3849,6885.0,27305,DREF Operation,Comoros - Cholera Response (MDRKM011),MDRKM011do,2024-02-20T00:00:00Z,https://go-api.ifrc.org/api/DownloadFile/87019/MDRKM011do,KM,COM: 2024 Cholera Outbreak,2024-02-19 00:00:00+00:00,MDRKM011_27305.pdf,2024.0,False,True,Other
MDRKM011,3849,6885.0,27306,DREF Operation Update,Comoros - Cholera Response (MDRKM011),MDRKM011du1,2024-05-09T00:00:00Z,https://go-api.ifrc.org/api/DownloadFile/87771/MDRKM011du1,KM,COM: 2024 Cholera Outbreak,2024-02-19 00:00:00+00:00,MDRKM011_27306.pdf,2024.0,False,True,Other
MDRKM011,3849,6885.0,27307,DREF Operation Update,Comoros - Cholera Response (MDRKM011),MDRKM011du2,2024-11-30T00:00:00Z,https://go-api.ifrc.org/api/DownloadFile/89498/MDRKM011du2,KM,COM: 2024 Cholera Outbreak,2024-02-19 00:00:00+00:00,MDRKM011_27307.pdf,2024.0,False,True,Other
MDRSO017,3848,6867.0,27308,DREF Operation,Somalia - Cholera (MDRSO017),MDRSO017do,2024-02-27T00:00:00Z,https://go-api.ifrc.org/api/DownloadFile/87051/MDRSO017do,SO,SOM: Somaliland Dec 2023 Cholera Outbreak,2024-02-15 00:00:00+00:00,MDRSO017_27308.pdf,2024.0,False,True,Other
MDRSO017,3848,6867.0,27309,DREF Operation Update,Somalia - Cholera (MDRSO017),MDRSO017du1,2024-04-15T00:00:00Z,https://go-api.ifrc.org/api/DownloadFile/87578/MDRSO017du1,SO,SOM: Somaliland Dec 2023 Cholera Outbreak,2024-02-15 00:00:00+00:00,MDRSO017_27309.pdf,2024.0,False,True,Other
MDRSO017,3848,6867.0,27310,DREF Operation Final Report,Somalia - Cholera (MDRSO017),MDRSO017dfr,2025-02-13T00:00:00Z,https://go-api.ifrc.org/api/DownloadFile/87052/MDRSO017dfr,SO,SOM: Somaliland Dec 2023 Cholera Outbreak,2024-02-15 00:00:00+00:00,MDRSO017_27310.pdf,2024.0,True,True,DREF (JSON)
MDRPH053,3846,6852.0,27311,DREF Operation,Philippines - Floods (MDRPH053),MDRPH053do,2024-02-15T00:00:00Z,https://go-api.ifrc.org/api/DownloadFile/86992/MDRPH053do,PH,PHL: Flood - 01-2024 - Effects of Shearline and Trough of LPA,2024-02-14 00:00:00+00:00,MDRPH053_27311.pdf,2024.0,False,False,Other
MDRPH053,3846,6852.0,27312,DREF Operation Final Report,Philippines - Floods (MDRPH053),MDRPH053dfr,2025-03-06T00:00:00Z,https://go-api.ifrc.org/api/DownloadFile/86994/MDRPH053dfr,PH,PHL: Flood - 01-2024 - Effects of Shearline and Trough of LPA,2024-02-14 00:00:00+00:00,MDRPH053_27312.pdf,2024.0,True,False,DREF (Missing from JSON)
MDRTZ037,3847,6818.0,27313,DREF Operation Final Report,Tanzania - Cholera (MDRTZ037),MDRTZ037dfr,2025-04-09T00:00:00Z,https://go-api.ifrc.org/api/DownloadFile/86999/MDRTZ037dfr,TZ,TZA: Epidemic - 01-2024 - TANZANIA CHOLERA OUTBREAK,2024-02-14 00:00:00+00:00,MDRTZ037_27313.pdf,2024.0,True,True,DREF (JSON)
MDRTZ037,3847,6818.0,27314,DREF Operation,Tanzania - Cholera (MDRTZ037),MDRTZ037do,2024-02-15T00:00:00Z,https://go-api.ifrc.org/api/DownloadFile/86998/MDRTZ037do,TZ,TZA: Epidemic - 01-2024 - TANZANIA CHOLERA OUTBREAK,2024-02-14 00:00:00+00:00,MDRTZ037_27314.pdf,2024.0,False,True,Other
MDRCO025,3845,6864.0,27315,DREF Operation,Colombia - Drought (MDRCO025),MDRCO025ou,2024-02-12T00:00:00Z,https://go-api.ifrc.org/api/DownloadFile/86965/MDRCO025ou,CO,COL: Droughts - 02-2024,2024-02-10 00:00:00+00:00,MDRCO025_27315.pdf,2024.0,False,True,Other
MDRCO025,3845,6864.0,27316,DREF Operation Update,Colombia - Drought (MDRCO025),MDRCO025ou1,2024-06-13T00:00:00Z,https://go-api.ifrc.org/api/DownloadFile/88004/MDRCO025ou1,CO,COL: Droughts - 02-2024,2024-02-10 00:00:00+00:00,MDRCO025_27316.pdf,2024.0,False,True,Other
MDRCO025,3845,6864.0,27317,DREF Operation Final Report,Colombia - Drought (MDRCO025),MDRCO025fr,2025-06-04T00:00:00Z,https://go-api.ifrc.org/api/DownloadFile/86966/MDRCO025fr,CO,COL: Droughts - 02-2024,2024-02-10 00:00:00+00:00,MDRCO025_27317.pdf,2024.0,True,True,DREF (JSON)
MDRCL017,3844,6849.0,27318,DREF Operation,Chile - Fires (MDRCL017),MDRCL017ou,2024-02-12T00:00:00Z,https://go-api.ifrc.org/api/DownloadFile/86957/MDRCL017ou,CL,CHL: Fire - 01-2024 - Forest Fires Central - South Zone,2024-02-10 00:00:00+00:00,MDRCL017_27318.pdf,2024.0,False,True,Other
MDRCL017,3844,6849.0,27319,DREF Operation Update,Chile - Fires (MDRCL017),MDRCL017ou1,2024-04-26T00:00:00Z,https://go-api.ifrc.org/api/DownloadFile/87658/MDRCL017ou1,CL,CHL: Fire - 01-2024 - Forest Fires Central - South Zone,2024-02-10 00:00:00+00:00,MDRCL017_27319.pdf,2024.0,False,True,Other
MDRCL017,3844,6849.0,27320,DREF Operation Final Report,Chile - Fires (MDRCL017),MDRCL017fr,2025-03-18T00:00:00Z,https://go-api.ifrc.org/api/DownloadFile/86959/MDRCL017fr,CL,CHL: Fire - 01-2024 - Forest Fires Central - South Zone,2024-02-10 00:00:00+00:00,MDRCL017_27320.pdf,2024.0,True,True,DREF (JSON)
MDRBD033,3843,6924.0,27321,DREF/EAP Update,Bangladesh - Cyclone EAP (MDRBD033),MDRBD033eapar2024,2025-03-28T00:00:00Z,https://go-api.ifrc.org/api/DownloadFile/87147/MDRBD033eapar2024,BD,Bangladesh: Cyclone EAP 2024,2024-02-05 00:00:00+00:00,MDRBD033_27321.pdf,2024.0,False,False,Other
MDRBD033,3843,6924.0,27322,DREF/EAP Summary,Bangladesh - Cyclone EAP (MDRBD033),EAP2021BD06_MDRBD033,2024-02-07T00:00:00Z,https://go-api.ifrc.org/api/DownloadFile/86881/EAP2021BD06_MDRBD033,BD,Bangladesh: Cyclone EAP 2024,2024-02-05 00:00:00+00:00,MDRBD033_27322.pdf,2024.0,False,False,Other
MDRMZ021,3841,6863.0,27323,DREF/EAP Update,Mozambique - Cyclone EAP (MDRMZ021),MDRMZ021EAPOU,2025-05-26T00:00:00Z,https://go-api.ifrc.org/api/DownloadFile/91256/MDRMZ021EAPOU,MZ,Mozambique: Cyclone EAP,2024-02-02 00:00:00+00:00,MDRMZ021_27323.pdf,2024.0,False,False,Other
MDRMZ021,3841,6863.0,27324,DREF/EAP Activation,Mozambique - Cyclone EAP (MDRMZ021),MDRMZ021,2024-02-04T00:00:00Z,https://go-api.ifrc.org/api/DownloadFile/86861/MDRMZ021,MZ,Mozambique: Cyclone EAP,2024-02-02 00:00:00+00:00,MDRMZ021_27324.pdf,2024.0,False,False,Other
MDRMZ021,3841,6863.0,27325,DREF/EAP Activation,Mozambique - Cyclone EAP (MDRMZ021),MDRMZ021_EAP Activation,2026-02-16T00:00:00Z,https://go-api.ifrc.org/api/DownloadFile/94343/MDRMZ021_EAP-Activation,MZ,Mozambique: Cyclone EAP,2024-02-02 00:00:00+00:00,MDRMZ021_27325.pdf,2024.0,False,False,Other
MDRMZ021,3841,6863.0,27326,DREF/EAP Activation,Mozambique - Cyclone EAP (MDRMZ021),MDRMZ021EAPOU1,2025-02-08T00:00:00Z,https://go-api.ifrc.org/api/DownloadFile/86875/MDRMZ021EAPOU1,MZ,Mozambique: Cyclone EAP,2024-02-02 00:00:00+00:00,MDRMZ021_27326.pdf,2024.0,False,False,Other
MDRMZ021,3841,6863.0,27327,DREF/EAP Activation,Mozambique - Cyclone EAP (MDRMZ021),MDRMZ021EAP,2025-03-21T00:00:00Z,https://go-api.ifrc.org/api/DownloadFile/90700/MDRMZ021EAP,MZ,Mozambique: Cyclone EAP,2024-02-02 00:00:00+00:00,MDRMZ021_27327.pdf,2024.0,False,False,Other
MDRMZ021,3841,6863.0,27328,DREF/EAP Summary,Mozambique - Cyclone EAP (MDRMZ021),MDRMZ021sEAP,2025-03-21T00:00:00Z,https://go-api.ifrc.org/api/DownloadFile/90701/MDRMZ021sEAP,MZ,Mozambique: Cyclone EAP,2024-02-02 00:00:00+00:00,MDRMZ021_27328.pdf,2024.0,False,False,Other
MDRMZ022,3842,6862.0,27329,DREF/EAP Update,Mozambique - Floods EAP (MDRMZ022),MDRMZ022EAPOU,2025-05-26T00:00:00Z,https://go-api.ifrc.org/api/DownloadFile/86960/MDRMZ022EAPOU,MZ,Mozambique: Floods EAP,2024-02-02 00:00:00+00:00,MDRMZ022_27329.pdf,2024.0,False,False,Other
MDRMZ022,3842,6862.0,27330,DREF/EAP Summary,Mozambique - Floods EAP (MDRMZ022),MDRMZ022,2024-02-06T00:00:00Z,https://go-api.ifrc.org/api/DownloadFile/86883/MDRMZ022,MZ,Mozambique: Floods EAP,2024-02-02 00:00:00+00:00,MDRMZ022_27330.pdf,2024.0,False,False,Other
MDRMZ022,3842,6862.0,27331,DREF/EAP Update,Mozambique - Floods EAP (MDRMZ022),MDRMZ022EAP,2026-01-09T00:00:00Z,https://go-api.ifrc.org/api/DownloadFile/86961/MDRMZ022EAP,MZ,Mozambique: Floods EAP,2024-02-02 00:00:00+00:00,MDRMZ022_27331.pdf,2024.0,False,False,Other
MDRMZ022,3842,6862.0,27332,DREF/EAP Activation,Mozambique - Floods EAP (MDRMZ022),MDRMZ022EAP,2025-02-25T00:00:00Z,https://go-api.ifrc.org/api/DownloadFile/90531/MDRMZ022EAP,MZ,Mozambique: Floods EAP,2024-02-02 00:00:00+00:00,MDRMZ022_27332.pdf,2024.0,False,False,Other
MDRMN020,3840,6779.0,27333,DREF Operation,Mongolia - Cold wave (MDRMN020),MDRMN020do,2024-02-02T00:00:00Z,https://go-api.ifrc.org/api/DownloadFile/86850/MDRMN020do,MN,MNG: Mongolia Cold Wave (Dzud) response-2024,2024-02-02 00:00:00+00:00,MDRMN020_27333.pdf,2024.0,False,False,Other
MDRMN020,3840,6779.0,27334,Emergency Appeal,Mongolia - Cold wave (MDRMN020),MDRMN020ea,2024-03-15T00:00:00Z,https://go-api.ifrc.org/api/DownloadFile/87267/MDRMN020ea,MN,MNG: Mongolia Cold Wave (Dzud) response-2024,2024-02-02 00:00:00+00:00,MDRMN020_27334.pdf,2024.0,False,False,Other
MDRMN020,3840,6779.0,27335,Operational strategy,Mongolia - Cold wave (MDRMN020),MDRMN020OS,2024-04-04T00:00:00Z,https://go-api.ifrc.org/api/DownloadFile/87478/MDRMN020OS,MN,MNG: Mongolia Cold Wave (Dzud) response-2024,2024-02-02 00:00:00+00:00,MDRMN020_27335.pdf,2024.0,False,False,Other
MDRMN020,3840,6779.0,27336,Operations Update,Mongolia - Cold wave (MDRMN020),MDRMN020_OU1,2024-04-25T00:00:00Z,https://go-api.ifrc.org/api/DownloadFile/87474/MDRMN020_OU1,MN,MNG: Mongolia Cold Wave (Dzud) response-2024,2024-02-02 00:00:00+00:00,MDRMN020_27336.pdf,2024.0,False,False,Other
MDRMN020,3840,6779.0,27337,Operations Update,Mongolia - Cold wave (MDRMN020),MDRMN020_OU2,2024-05-24T00:00:00Z,https://go-api.ifrc.org/api/DownloadFile/87475/MDRMN020_OU2,MN,MNG: Mongolia Cold Wave (Dzud) response-2024,2024-02-02 00:00:00+00:00,MDRMN020_27337.pdf,2024.0,False,False,Other
MDRMN020,3840,6779.0,27338,6 month update,Mongolia - Cold wave (MDRMN020),MDRMN020OU3,2024-11-13T00:00:00Z,https://go-api.ifrc.org/api/DownloadFile/87476/MDRMN020OU3,MN,MNG: Mongolia Cold Wave (Dzud) response-2024,2024-02-02 00:00:00+00:00,MDRMN020_27338.pdf,2024.0,False,False,Other
MDRMN020,3840,6779.0,27339,6 month update,Mongolia - Cold wave (MDRMN020),6 month update,2024-11-13T00:00:00Z,https://adore.ifrc.org/Download.aspx?FileId=840294,MN,MNG: Mongolia Cold Wave (Dzud) response-2024,2024-02-02 00:00:00+00:00,MDRMN020_27339.pdf,2024.0,False,False,Other
MDRMN020,3840,6779.0,27340,Contributions List,Mongolia - Cold wave (MDRMN020),Donor Response,2024-02-02T00:00:00Z,https://www.ifrc.org/docs/appeals/Active/MDRMN020.pdf,MN,MNG: Mongolia Cold Wave (Dzud) response-2024,2024-02-02 00:00:00+00:00,MDRMN020_27340.pdf,2024.0,False,False,Other
MDRMN020,3840,6779.0,27341,Operations Update,Mongolia - Cold wave (MDRMN020),MDRMN020OU4,2025-02-27T00:00:00Z,https://go-api.ifrc.org/api/DownloadFile/90442/MDRMN020OU4,MN,MNG: Mongolia Cold Wave (Dzud) response-2024,2024-02-02 00:00:00+00:00,MDRMN020_27341.pdf,2024.0,False,False,Other
MDRMN020,3840,6779.0,27342,Final Report,Mongolia - Cold wave (MDRMN020),MDRMN020efr,2025-09-30T00:00:00Z,https://go-api.ifrc.org/api/DownloadFile/87268/MDRMN020efr,MN,MNG: Mongolia Cold Wave (Dzud) response-2024,2024-02-02 00:00:00+00:00,MDRMN020_27342.pdf,2024.0,True,False,Emergency Appeal / Other
MDRLB016,3838,6834.0,27343,DREF Operation,Lebanon - Cold Wave (MDRLB016),MDRLB016do,2024-02-02T00:00:00Z,https://go-api.ifrc.org/api/DownloadFile/86852/MDRLB016do,LB,LBN: Cold Wave - 01-2024 - LBN: Cold Wave - 2024,2024-01-31 00:00:00+00:00,MDRLB016_27343.pdf,2024.0,False,True,Other
MDRLB016,3838,6834.0,27344,DREF Operation Final Report,Lebanon - Cold Wave (MDRLB016),MDRLB016fr,2025-03-07T00:00:00Z,https://go-api.ifrc.org/api/DownloadFile/89673/MDRLB016fr,LB,LBN: Cold Wave - 01-2024 - LBN: Cold Wave - 2024,2024-01-31 00:00:00+00:00,MDRLB016_27344.pdf,2024.0,True,True,DREF (JSON)
MDRMH003,3837,6837.0,27345,DREF Operation,Marshall Islands - Storm Surge (MDRMH003),MDRMH003do,2024-01-31T00:00:00Z,https://go-api.ifrc.org/api/DownloadFile/86847/MDRMH003do,MH,Marshall Islands: Storm Surge - 2024,2024-01-30 00:00:00+00:00,MDRMH003_27345.pdf,2024.0,False,True,Other
MDRMH003,3837,6837.0,27346,DREF Operation Final Report,Marshall Islands - Storm Surge (MDRMH003),MDRMH003dfr,2025-01-02T00:00:00Z,https://go-api.ifrc.org/api/DownloadFile/86848/MDRMH003dfr,MH,Marshall Islands: Storm Surge - 2024,2024-01-30 00:00:00+00:00,MDRMH003_27346.pdf,2024.0,True,True,DREF (JSON)
MDRZA016,3836,6841.0,27347,DREF Operation,South Africa - Storm Surge (MDRZA016),MDRZA016do,2024-01-27T00:00:00Z,https://go-api.ifrc.org/api/DownloadFile/86828/MDRZA016do,ZA,ZAF: 01-2024 Storm Surge,2024-01-25 00:00:00+00:00,MDRZA016_27347.pdf,2024.0,False,True,Other
MDRZA016,3836,6841.0,27348,DREF Operation Update,South Africa - Storm Surge (MDRZA016),MDRZA016du1,2024-05-03T00:00:00Z,https://go-api.ifrc.org/api/DownloadFile/87732/MDRZA016du1,ZA,ZAF: 01-2024 Storm Surge,2024-01-25 00:00:00+00:00,MDRZA016_27348.pdf,2024.0,False,True,Other
MDRZA016,3836,6841.0,27349,DREF Operation Final Report,South Africa - Storm Surge (MDRZA016),MDRZA016dfr,2025-08-28T00:00:00Z,https://go-api.ifrc.org/api/DownloadFile/86829/MDRZA016dfr,ZA,ZAF: 01-2024 Storm Surge,2024-01-25 00:00:00+00:00,MDRZA016_27349.pdf,2024.0,True,True,DREF (JSON)
MDRKM010,3835,6843.0,27350,DREF Operation,Comoros - Civil Unrest (MDRKM010),MDRKM010do,2024-01-26T00:00:00Z,https://go-api.ifrc.org/api/DownloadFile/86824/MDRKM010do,KM,COM: 01-2024 Post-Election Civil Unrest,2024-01-25 00:00:00+00:00,MDRKM010_27350.pdf,2024.0,False,True,Other
MDRKM010,3835,6843.0,27351,DREF Operation Final Report,Comoros - Civil Unrest (MDRKM010),MDRKM010dfr,2024-11-05T00:00:00Z,https://go-api.ifrc.org/api/DownloadFile/86825/MDRKM010dfr,KM,COM: 01-2024 Post-Election Civil Unrest,2024-01-25 00:00:00+00:00,MDRKM010_27351.pdf,2024.0,True,True,DREF (JSON)
MDREC025,3833,6821.0,27352,DREF Operation Final Report,Ecuador - Security Crises (MDREC025),MDREC025fr,2025-05-16T00:00:00Z,https://go-api.ifrc.org/api/DownloadFile/86784/MDREC025fr,EC,ECU: Other - 01-2024 - Crisis Seguridad Interna,2024-01-23 00:00:00+00:00,MDREC025_27352.pdf,2024.0,True,True,DREF (JSON)
MDREC025,3833,6821.0,27353,DREF Operation,Ecuador - Security Crises (MDREC025),MDREC025do,2024-01-23T00:00:00Z,https://go-api.ifrc.org/api/DownloadFile/86783/MDREC025do,EC,ECU: Other - 01-2024 - Crisis Seguridad Interna,2024-01-23 00:00:00+00:00,MDREC025_27353.pdf,2024.0,False,True,Other
MDREC025,3833,6821.0,27354,DREF Operation Update,Ecuador - Security Crises (MDREC025),MDREC025ou1,2024-05-30T00:00:00Z,https://go-api.ifrc.org/api/DownloadFile/87925/MDREC025ou1,EC,ECU: Other - 01-2024 - Crisis Seguridad Interna,2024-01-23 00:00:00+00:00,MDREC025_27354.pdf,2024.0,False,True,Other
MDRCD042,3834,6842.0,27355,DREF Operation,DRC - Floods (MDRCD042),MDRCD042do,2024-02-02T00:00:00Z,https://go-api.ifrc.org/api/DownloadFile/86856/MDRCD042do,CD,COD: 01-2024 Floods,2024-01-23 00:00:00+00:00,MDRCD042_27355.pdf,2024.0,False,True,Other
MDRCD042,3834,6842.0,27356,DREF Operation Final Report,DRC - Floods (MDRCD042),MDRCD042dfr,2025-07-29T00:00:00Z,https://go-api.ifrc.org/api/DownloadFile/86857/MDRCD042dfr,CD,COD: 01-2024 Floods,2024-01-23 00:00:00+00:00,MDRCD042_27356.pdf,2024.0,True,True,DREF (JSON)
MDRLS007,3832,6833.0,27357,DREF Operation,Lesotho - Storm Surge (MDRLS007),MDRLS007do,2024-01-21T00:00:00Z,https://go-api.ifrc.org/api/DownloadFile/86739/MDRLS007do,LS,LSO: Lesotho Storm Surge,2024-01-17 00:00:00+00:00,MDRLS007_27357.pdf,2024.0,False,True,Other
MDRLS007,3832,6833.0,27358,DREF Operation Final Report,Lesotho - Storm Surge (MDRLS007),MDRLS007dfr,2025-05-23T00:00:00Z,https://go-api.ifrc.org/api/DownloadFile/86740/MDRLS007dfr,LS,LSO: Lesotho Storm Surge,2024-01-17 00:00:00+00:00,MDRLS007_27358.pdf,2024.0,True,True,DREF (JSON)
MDRCG022,3830,6805.0,27359,DREF Operation,Congo - Floods (MDRCG022),MDRCG022do,2024-01-16T00:00:00Z,https://go-api.ifrc.org/api/DownloadFile/86687/MDRCG022do,CG,COG: Flood - 12-2023 - FLOOD IN CONGO BRAZZAVILLE,2024-01-08 00:00:00+00:00,MDRCG022_27359.pdf,2024.0,False,True,Other
MDRCG022,3830,6805.0,27360,DREF Operation Final Report,Congo - Floods (MDRCG022),MDRCG022dfr,2025-07-28T00:00:00Z,https://go-api.ifrc.org/api/DownloadFile/86688/MDRCG022dfr,CG,COG: Flood - 12-2023 - FLOOD IN CONGO BRAZZAVILLE,2024-01-08 00:00:00+00:00,MDRCG022_27360.pdf,2024.0,True,True,DREF (JSON)
MDRMV004,3829,6804.0,27361,DREF Operation Final Report,Maldives - Filariasis (MDRMV004),MDRMV004dfr,2025-03-28T00:00:00Z,https://go-api.ifrc.org/api/DownloadFile/86595/MDRMV004dfr,MV,Maldives - Lymphatic Filariasis Response,2024-01-01 00:00:00+00:00,MDRMV004_27361.pdf,2024.0,True,False,DREF (Missing from JSON)
MDRMV004,3829,6804.0,27362,DREF Operation,Maldives - Filariasis (MDRMV004),MDRMV004do,2024-01-02T00:00:00Z,https://go-api.ifrc.org/api/DownloadFile/86594/MDRMV004do,MV,Maldives - Lymphatic Filariasis Response,2024-01-01 00:00:00+00:00,MDRMV004_27362.pdf,2024.0,False,False,Other
MDRMV004,3829,6804.0,27363,DREF Operation Update,Maldives - Filariasis (MDRMV004),MDRMV004OU1,2024-06-27T00:00:00Z,https://go-api.ifrc.org/api/DownloadFile/88073/MDRMV004OU1,MV,Maldives - Lymphatic Filariasis Response,2024-01-01 00:00:00+00:00,MDRMV004_27363.pdf,2024.0,False,False,Other
MDRZM021,3831,6817.0,27364,Emergency Appeal,Zambia - Cholera Outbreak (MDRZM021),MDRZM021ea,2024-01-12T00:00:00Z,https://go-api.ifrc.org/api/DownloadFile/86657/MDRZM021ea,ZM,ZMB: October 2023 Cholera outbreak,2024-01-01 00:00:00+00:00,MDRZM021_27364.pdf,2024.0,False,False,Other
MDRZM021,3831,6817.0,27365,Operational strategy,Zambia - Cholera Outbreak (MDRZM021),MDRZM021OS,2024-02-06T00:00:00Z,https://go-api.ifrc.org/api/DownloadFile/86771/MDRZM021OS,ZM,ZMB: October 2023 Cholera outbreak,2024-01-01 00:00:00+00:00,MDRZM021_27365.pdf,2024.0,False,False,Other
MDRZM021,3831,6817.0,27366,Operations Update,Zambia - Cholera Outbreak (MDRZM021),MDRZM021eu1,2024-02-15T00:00:00Z,https://go-api.ifrc.org/api/DownloadFile/86772/MDRZM021eu1,ZM,ZMB: October 2023 Cholera outbreak,2024-01-01 00:00:00+00:00,MDRZM021_27366.pdf,2024.0,False,False,Other
MDRZM021,3831,6817.0,27367,Operations Update,Zambia - Cholera Outbreak (MDRZM021),MDRZM021eu2,2024-03-01T00:00:00Z,https://go-api.ifrc.org/api/DownloadFile/86773/MDRZM021eu2,ZM,ZMB: October 2023 Cholera outbreak,2024-01-01 00:00:00+00:00,MDRZM021_27367.pdf,2024.0,False,False,Other
MDRZM021,3831,6817.0,27368,6 month update,Zambia - Cholera Outbreak (MDRZM021),6 month update,2024-09-30T00:00:00Z,https://adore.ifrc.org/Download.aspx?FileId=839931,ZM,ZMB: October 2023 Cholera outbreak,2024-01-01 00:00:00+00:00,MDRZM021_27368.pdf,2024.0,False,False,Other
MDRZM021,3831,6817.0,27369,6 month update,Zambia - Cholera Outbreak (MDRZM021),MDRZM021 6m,2024-09-30T00:00:00Z,https://go-api.ifrc.org/api/DownloadFile/86774/MDRZM021-6m,ZM,ZMB: October 2023 Cholera outbreak,2024-01-01 00:00:00+00:00,MDRZM021_27369.pdf,2024.0,False,False,Other
MDRZM021,3831,6817.0,27370,Contributions List,Zambia - Cholera Outbreak (MDRZM021),Donor Response,2024-01-01T00:00:00Z,https://www.ifrc.org/docs/appeals/Active/MDRZM021.pdf,ZM,ZMB: October 2023 Cholera outbreak,2024-01-01 00:00:00+00:00,MDRZM021_27370.pdf,2024.0,False,False,Other
MDRZM021,3831,6817.0,27371,Final Report,Zambia - Cholera Outbreak (MDRZM021),MDRZM021efr,2025-11-12T00:00:00Z,https://go-api.ifrc.org/api/DownloadFile/86775/MDRZM021efr,ZM,ZMB: October 2023 Cholera outbreak,2024-01-01 00:00:00+00:00,MDRZM021_27371.pdf,2024.0,True,False,Emergency Appeal / Other
MDRAR020,3827,6794.0,27372,DREF Operation Final Report,Argentina - Storm Bahia blanca (MDRAR020),MDRAR020fr,2025-04-16T00:00:00Z,https://go-api.ifrc.org/api/DownloadFile/86586/MDRAR020fr,AR,ARG: Ciclón - 12-2023 - Vientos huracanados - Tormentas severas,2023-12-28 00:00:00+00:00,MDRAR020_27372.pdf,2023.0,True,True,DREF (JSON)
MDRAR020,3827,6794.0,27373,DREF Operation,Argentina - Storm Bahia blanca (MDRAR020),MDRAR020do,2023-12-29T00:00:00Z,https://go-api.ifrc.org/api/DownloadFile/86585/MDRAR020do,AR,ARG: Ciclón - 12-2023 - Vientos huracanados - Tormentas severas,2023-12-28 00:00:00+00:00,MDRAR020_27373.pdf,2023.0,False,True,Other
MDRGN016,3828,6795.0,27374,DREF Operation,Guinea - Kaloum Explosion (MDRGN016),MDRGN016do,2023-12-28T00:00:00Z,https://go-api.ifrc.org/api/DownloadFile/86580/MDRGN016do,GN,GIN: Fire - 12-2023 - Guinea Kaloum Fire,2023-12-25 00:00:00+00:00,MDRGN016_27374.pdf,2023.0,False,True,Other
MDRGN016,3828,6795.0,27375,DREF Operation Final Report,Guinea - Kaloum Explosion (MDRGN016),MDRGN016dfr,2025-02-17T00:00:00Z,https://go-api.ifrc.org/api/DownloadFile/86581/MDRGN016dfr,GN,GIN: Fire - 12-2023 - Guinea Kaloum Fire,2023-12-25 00:00:00+00:00,MDRGN016_27375.pdf,2023.0,True,True,DREF (JSON)
MDRSZ004,3826,6750.0,27376,DREF Operation Update,Eswatini - Drought (MDRSZ004),MDRSZ004du1,2025-10-08T00:00:00Z,https://go-api.ifrc.org/api/DownloadFile/93415/MDRSZ004du1,SZ,SWZ: 2023 Eswatini Drought,2023-12-21 00:00:00+00:00,MDRSZ004_27376.pdf,2023.0,False,False,Other
MDRSZ004,3826,6750.0,27377,DREF Operation,Eswatini - Drought (MDRSZ004),MDRSZ004do,2023-12-26T00:00:00Z,https://go-api.ifrc.org/api/DownloadFile/86545/MDRSZ004do,SZ,SWZ: 2023 Eswatini Drought,2023-12-21 00:00:00+00:00,MDRSZ004_27377.pdf,2023.0,False,False,Other
MDRHN021,3825,6815.0,27378,DREF/EAP Summary,Honduras - Population Movement EAP (MDRHN021),EAP2023HN04 Summary,2024-01-03T00:00:00Z,https://go-api.ifrc.org/api/DownloadFile/86606/EAP2023HN04-Summary,HN,Honduras: Population Movement,2023-12-19 00:00:00+00:00,MDRHN021_27378.pdf,2023.0,False,False,Other
MDRHN021,3825,6815.0,27379,DREF/EAP Update,Honduras - Population Movement EAP (MDRHN021),EAP2023HN04ou1__annual report,2025-05-27T00:00:00Z,https://go-api.ifrc.org/api/DownloadFile/90517/EAP2023HN04ou1__annual-report,HN,Honduras: Population Movement,2023-12-19 00:00:00+00:00,MDRHN021_27379.pdf,2023.0,False,False,Other
MDRHN020,3824,6816.0,27380,DREF/EAP Summary,Honduras - Floods EAP (MDRHN020),EAP2023HN03 Summary,2024-01-03T00:00:00Z,https://go-api.ifrc.org/api/DownloadFile/86605/EAP2023HN03-Summary,HN,Honduras: Floods EAP,2023-12-15 00:00:00+00:00,MDRHN020_27380.pdf,2023.0,False,False,Other
MDRHN020,3824,6816.0,27381,DREF/EAP Activation Report,Honduras - Floods EAP (MDRHN020),MDRHN020-FR-EAP,2025-08-15T00:00:00Z,https://go-api.ifrc.org/api/DownloadFile/89428/MDRHN020-FR-EAP,HN,Honduras: Floods EAP,2023-12-15 00:00:00+00:00,MDRHN020_27381.pdf,2023.0,False,False,Other
MDRHN020,3824,6816.0,27382,DREF/EAP Activation,Honduras - Floods EAP (MDRHN020),EAP2023HN03 Activation,2024-11-19T00:00:00Z,https://go-api.ifrc.org/api/DownloadFile/89420/EAP2023HN03-Activation,HN,Honduras: Floods EAP,2023-12-15 00:00:00+00:00,MDRHN020_27382.pdf,2023.0,False,False,Other
MDRML018,3823,6782.0,27383,DREF Operation,Mali - Dengue Outbreak (MDRML018),MDRML018do,2023-12-15T00:00:00Z,https://go-api.ifrc.org/api/DownloadFile/86317/MDRML018do,ML,MLI: Epidemic - 09-2023 - Dengue Mali Epidemic,2023-12-13 00:00:00+00:00,MDRML018_27383.pdf,2023.0,False,True,Other
MDRML018,3823,6782.0,27384,DREF Operation Update,Mali - Dengue Outbreak (MDRML018),MDRML018ou1,2024-04-02T00:00:00Z,https://go-api.ifrc.org/api/DownloadFile/87447/MDRML018ou1,ML,MLI: Epidemic - 09-2023 - Dengue Mali Epidemic,2023-12-13 00:00:00+00:00,MDRML018_27384.pdf,2023.0,False,True,Other
MDRML018,3823,6782.0,27385,DREF Operation Final Report,Mali - Dengue Outbreak (MDRML018),MDRML018dfr,2025-06-03T00:00:00Z,https://go-api.ifrc.org/api/DownloadFile/86693/MDRML018dfr,ML,MLI: Epidemic - 09-2023 - Dengue Mali Epidemic,2023-12-13 00:00:00+00:00,MDRML018_27385.pdf,2023.0,True,True,DREF (JSON)
MDRUG049,3822,6784.0,27386,DREF Operation,Uganda - Anthrax Epidemic (MDRUG049),MDRUG049do,2023-12-15T00:00:00Z,https://go-api.ifrc.org/api/DownloadFile/86315/MDRUG049do,UG,UGA: Epidemic - 11-2023 - Anthrax outbreak in Kyotera,2023-12-12 00:00:00+00:00,MDRUG049_27386.pdf,2023.0,False,True,Other
MDRUG049,3822,6784.0,27387,DREF Operation Final Report,Uganda - Anthrax Epidemic (MDRUG049),MDRUG049dfr,2025-03-07T00:00:00Z,https://go-api.ifrc.org/api/DownloadFile/86316/MDRUG049dfr,UG,UGA: Epidemic - 11-2023 - Anthrax outbreak in Kyotera,2023-12-12 00:00:00+00:00,MDRUG049_27387.pdf,2023.0,True,True,DREF (JSON)
MDRAO008,3821,6781.0,27388,DREF Operation,Angola - Floods (MDRAO008),MDRAO008do,2023-12-14T00:00:00Z,https://go-api.ifrc.org/api/DownloadFile/86311/MDRAO008do,AO,AGO: 11-2023 Floods,2023-12-10 00:00:00+00:00,MDRAO008_27388.pdf,2023.0,False,True,Other
MDRAO008,3821,6781.0,27389,DREF Operation Update,Angola - Floods (MDRAO008),MDRAO008do,2024-03-28T00:00:00Z,https://go-api.ifrc.org/api/DownloadFile/87424/MDRAO008do,AO,AGO: 11-2023 Floods,2023-12-10 00:00:00+00:00,MDRAO008_27389.pdf,2023.0,False,True,Other
MDRAO008,3821,6781.0,27390,DREF Operation Final Report,Angola - Floods (MDRAO008),MDRAO008dfr,2025-06-17T00:00:00Z,https://go-api.ifrc.org/api/DownloadFile/86312/MDRAO008dfr,AO,AGO: 11-2023 Floods,2023-12-10 00:00:00+00:00,MDRAO008_27390.pdf,2023.0,True,True,DREF (JSON)
MDRCD041,3820,6743.0,27391,DREF Operation,DR Congo - Election Readiness (MDRCD041),MDRCD041do,2023-12-17T00:00:00Z,https://go-api.ifrc.org/api/DownloadFile/86351/MDRCD041do,CD,COD: December 2023 Election preparedness,2023-12-04 00:00:00+00:00,MDRCD041_27391.pdf,2023.0,False,True,Other
MDRCD041,3820,6743.0,27392,DREF Operation Final Report,DR Congo - Election Readiness (MDRCD041),MDRCD041dfr,2025-09-05T00:00:00Z,https://go-api.ifrc.org/api/DownloadFile/86352/MDRCD041dfr,CD,COD: December 2023 Election preparedness,2023-12-04 00:00:00+00:00,MDRCD041_27392.pdf,2023.0,True,True,DREF (JSON)
MDRET034,3819,6773.0,27393,DREF Operation,Ethiopia - Flood (MDRET034),MDRET034do,2023-12-07T00:00:00Z,https://go-api.ifrc.org/api/DownloadFile/86141/MDRET034do,ET,ETH: 2023 Floods,2023-12-04 00:00:00+00:00,MDRET034_27393.pdf,2023.0,False,True,Other
MDRET034,3819,6773.0,27394,DREF Operation Final Report,Ethiopia - Flood (MDRET034),MDRET034dfr,2025-02-25T00:00:00Z,https://go-api.ifrc.org/api/DownloadFile/86142/MDRET034dfr,ET,ETH: 2023 Floods,2023-12-04 00:00:00+00:00,MDRET034_27394.pdf,2023.0,True,True,DREF (JSON)
MDRIS001,3817,6749.0,27397,DREF Operation,Iceland - Volcanic and seismic activity (MDRIS001),MDRIS001do,2023-12-01T00:00:00Z,https://go-api.ifrc.org/api/DownloadFile/86084/MDRIS001do,IS,ISL: Volcanic Eruption - 11-2023 - Grindavík seismic event,2023-11-29 00:00:00+00:00,MDRIS001_27397.pdf,2023.0,False,True,Other
MDRIS001,3817,6749.0,27398,DREF Operation Final Report,Iceland - Volcanic and seismic activity (MDRIS001),MDRIS001fr,2025-03-12T00:00:00Z,https://go-api.ifrc.org/api/DownloadFile/86113/MDRIS001fr,IS,ISL: Volcanic Eruption - 11-2023 - Grindavík seismic event,2023-11-29 00:00:00+00:00,MDRIS001_27398.pdf,2023.0,True,True,DREF (JSON)
MDRDO016,3816,6772.0,27399,DREF Operation,Dominican Republic - Floods (MDRDO016),MDRDO016,2023-11-30T00:00:00Z,https://go-api.ifrc.org/api/DownloadFile/86070/MDRDO016,DO,Dominican Republic: Floods 2023,2023-11-29 00:00:00+00:00,MDRDO016_27399.pdf,2023.0,False,True,Other
MDRDO016,3816,6772.0,27400,DREF Operation Update,Dominican Republic - Floods (MDRDO016),MDRDO016ou1,2024-05-02T00:00:00Z,https://go-api.ifrc.org/api/DownloadFile/87717/MDRDO016ou1,DO,Dominican Republic: Floods 2023,2023-11-29 00:00:00+00:00,MDRDO016_27400.pdf,2023.0,False,True,Other
MDRDO016,3816,6772.0,27401,DREF Operation Final Report,Dominican Republic - Floods (MDRDO016),MDRDO016fr,2025-06-04T00:00:00Z,https://go-api.ifrc.org/api/DownloadFile/86071/MDRDO016fr,DO,Dominican Republic: Floods 2023,2023-11-29 00:00:00+00:00,MDRDO016_27401.pdf,2023.0,True,True,DREF (JSON)
MDRAF013,3815,6736.0,27402,DREF Operation Final Report,Afghanistan - Population Movement (MDRAF013),MDRAF013fnr,2025-04-09T00:00:00Z,https://go-api.ifrc.org/api/DownloadFile/86021/MDRAF013fnr,AF,AFG: Afghanistan Population Movement,2023-11-27 00:00:00+00:00,MDRAF013_27402.pdf,2023.0,True,False,DREF (Missing from JSON)
MDRAF013,3815,6736.0,27403,DREF Operation,Afghanistan - Population Movement (MDRAF013),MDRAF013do,2023-11-29T00:00:00Z,https://go-api.ifrc.org/api/DownloadFile/86020/MDRAF013do,AF,AFG: Afghanistan Population Movement,2023-11-27 00:00:00+00:00,MDRAF013_27403.pdf,2023.0,False,False,Other
MDRAF013,3815,6736.0,27404,DREF Operation Update,Afghanistan - Population Movement (MDRAF013),MDRAF013OU1,2024-05-28T00:00:00Z,https://go-api.ifrc.org/api/DownloadFile/87908/MDRAF013OU1,AF,AFG: Afghanistan Population Movement,2023-11-27 00:00:00+00:00,MDRAF013_27404.pdf,2023.0,False,False,Other
MDRTZ035,3813,6783.0,27405,DREF Operation,Tanzania - Floods (MDRTZ035),MDRTZ035do,2023-11-23T00:00:00Z,https://go-api.ifrc.org/api/DownloadFile/85983/MDRTZ035do,TZ,TZA: 2023 Floods and Landslides,2023-11-22 00:00:00+00:00,MDRTZ035_27405.pdf,2023.0,False,False,Other
MDRTZ035,3813,6783.0,27406,Emergency Appeal,Tanzania - Floods (MDRTZ035),MDRTZ035ea,2023-12-11T00:00:00Z,https://go-api.ifrc.org/api/DownloadFile/86216/MDRTZ035ea,TZ,TZA: 2023 Floods and Landslides,2023-11-22 00:00:00+00:00,MDRTZ035_27406.pdf,2023.0,False,False,Other
MDRTZ035,3813,6783.0,27407,Operational strategy,Tanzania - Floods (MDRTZ035),MDRTZ035os,2024-01-18T00:00:00Z,https://go-api.ifrc.org/api/DownloadFile/86710/MDRTZ035os,TZ,TZA: 2023 Floods and Landslides,2023-11-22 00:00:00+00:00,MDRTZ035_27407.pdf,2023.0,False,False,Other
MDRTZ035,3813,6783.0,27408,Operations Update,Tanzania - Floods (MDRTZ035),MDRTZ035eu1,2024-02-13T00:00:00Z,https://go-api.ifrc.org/api/DownloadFile/86742/MDRTZ035eu1,TZ,TZA: 2023 Floods and Landslides,2023-11-22 00:00:00+00:00,MDRTZ035_27408.pdf,2023.0,False,False,Other
MDRTZ035,3813,6783.0,27409,6 month update,Tanzania - Floods (MDRTZ035),6 month update,2024-07-31T00:00:00Z,https://adore.ifrc.org/Download.aspx?FileId=839608,TZ,TZA: 2023 Floods and Landslides,2023-11-22 00:00:00+00:00,MDRTZ035_27409.pdf,2023.0,False,False,Other
MDRTZ035,3813,6783.0,27410,Operations Update,Tanzania - Floods (MDRTZ035),MDRTZ035eu2,2024-03-11T00:00:00Z,https://go-api.ifrc.org/api/DownloadFile/86743/MDRTZ035eu2,TZ,TZA: 2023 Floods and Landslides,2023-11-22 00:00:00+00:00,MDRTZ035_27410.pdf,2023.0,False,False,Other
MDRTZ035,3813,6783.0,27411,Operations Update,Tanzania - Floods (MDRTZ035),MDRTZ035ou3,2024-04-29T00:00:00Z,https://go-api.ifrc.org/api/DownloadFile/87684/MDRTZ035ou3,TZ,TZA: 2023 Floods and Landslides,2023-11-22 00:00:00+00:00,MDRTZ035_27411.pdf,2023.0,False,False,Other
MDRTZ035,3813,6783.0,27412,Emergency Appeal Revision,Tanzania - Floods (MDRTZ035),MDRTZ035rea,2024-05-07T00:00:00Z,https://go-api.ifrc.org/api/DownloadFile/87756/MDRTZ035rea,TZ,TZA: 2023 Floods and Landslides,2023-11-22 00:00:00+00:00,MDRTZ035_27412.pdf,2023.0,False,False,Other
MDRTZ035,3813,6783.0,27413,6 month update,Tanzania - Floods (MDRTZ035),MDRTZ0356m,2024-07-31T00:00:00Z,https://go-api.ifrc.org/api/DownloadFile/86744/MDRTZ0356m,TZ,TZA: 2023 Floods and Landslides,2023-11-22 00:00:00+00:00,MDRTZ035_27413.pdf,2023.0,False,False,Other
MDRTZ035,3813,6783.0,27414,Final Report,Tanzania - Floods (MDRTZ035),MDRTZ035efr,2025-08-06T00:00:00Z,https://go-api.ifrc.org/api/DownloadFile/86749/MDRTZ035efr,TZ,TZA: 2023 Floods and Landslides,2023-11-22 00:00:00+00:00,MDRTZ035_27414.pdf,2023.0,True,False,Emergency Appeal / Other
MDRTZ035,3813,6783.0,27415,Operational strategy,Tanzania - Floods (MDRTZ035),MDRT035OS,2024-11-04T00:00:00Z,https://go-api.ifrc.org/api/DownloadFile/89297/MDRT035OS,TZ,TZA: 2023 Floods and Landslides,2023-11-22 00:00:00+00:00,MDRTZ035_27415.pdf,2023.0,False,False,Other
MDRTZ035,3813,6783.0,27416,Contributions List,Tanzania - Floods (MDRTZ035),Donor Response,2023-11-22T00:00:00Z,https://www.ifrc.org/docs/appeals/Active/MDRTZ035.pdf,TZ,TZA: 2023 Floods and Landslides,2023-11-22 00:00:00+00:00,MDRTZ035_27416.pdf,2023.0,False,False,Other
MDRCF031,3814,6729.0,27417,DREF Operation,Central African Republic - Strong Winds (MDRCF031),MDRCF031do_1,2023-12-04T00:00:00Z,https://go-api.ifrc.org/api/DownloadFile/86111/MDRCF031do_1,CF,CAF: High Winds CAR 2023,2023-11-22 00:00:00+00:00,MDRCF031_27417.pdf,2023.0,False,True,Other
MDRCF031,3814,6729.0,27418,DREF Operation Final Report,Central African Republic - Strong Winds (MDRCF031),MDRCF031dfr,2025-11-26T00:00:00Z,https://go-api.ifrc.org/api/DownloadFile/91313/MDRCF031dfr,CF,CAF: High Winds CAR 2023,2023-11-22 00:00:00+00:00,MDRCF031_27418.pdf,2023.0,True,True,DREF (JSON)
MDRCO024,3812,6755.0,27419,DREF Operation,Colombia - Floods (MDRCO024),MDRCO024do,2023-11-17T00:00:00Z,https://go-api.ifrc.org/api/DownloadFile/85844/MDRCO024do,CO,COL: Other - 11-2023 - Colombia El Niño phenomenon 2023,2023-11-17 00:00:00+00:00,MDRCO024_27419.pdf,2023.0,False,True,Other
MDRCO024,3812,6755.0,27420,DREF Operation Update,Colombia - Floods (MDRCO024),MDRCO024ou,2024-02-21T00:00:00Z,https://go-api.ifrc.org/api/DownloadFile/87029/MDRCO024ou,CO,COL: Other - 11-2023 - Colombia El Niño phenomenon 2023,2023-11-17 00:00:00+00:00,MDRCO024_27420.pdf,2023.0,False,True,Other
MDRCO024,3812,6755.0,27421,DREF Operation Final Report,Colombia - Floods (MDRCO024),MDRCO024fr,2025-03-24T00:00:00Z,https://go-api.ifrc.org/api/DownloadFile/85845/MDRCO024fr,CO,COL: Other - 11-2023 - Colombia El Niño phenomenon 2023,2023-11-17 00:00:00+00:00,MDRCO024_27421.pdf,2023.0,True,True,DREF (JSON)
MDRZM020,3811,6727.0,27422,DREF Operation,Zambia - Anthrax Outbreak Response (MDRZM020),MDRZM020do,2023-11-22T00:00:00Z,https://go-api.ifrc.org/api/DownloadFile/85927/MDRZM020do,ZM,ZMB: Other - 10-2023 - Anthrax Outbreak in Zambia- 335 cases and 4 deaths,2023-11-17 00:00:00+00:00,MDRZM020_27422.pdf,2023.0,False,False,Other
MDRZM020,3811,6727.0,27423,DREF Operation Final Report,Zambia - Anthrax Outbreak Response (MDRZM020),MDRZM020dfr,2025-03-20T00:00:00Z,https://go-api.ifrc.org/api/DownloadFile/85932/MDRZM020dfr,ZM,ZMB: Other - 10-2023 - Anthrax Outbreak in Zambia- 335 cases and 4 deaths,2023-11-17 00:00:00+00:00,MDRZM020_27423.pdf,2023.0,True,False,DREF (Missing from JSON)
MDRMY010,3810,6686.0,27424,DREF Operation,Malaysia - Dengue prevention and control (MDRMY010),MDRMY010do,2023-11-17T00:00:00Z,https://go-api.ifrc.org/api/DownloadFile/85842/MDRMY010do,MY,Malaysia - Dengue 2023,2023-11-16 00:00:00+00:00,MDRMY010_27424.pdf,2023.0,False,False,Other
MDRMY010,3810,6686.0,27425,DREF Operation Update,Malaysia - Dengue prevention and control (MDRMY010),MDRMY010_OU1,2024-02-15T00:00:00Z,https://go-api.ifrc.org/api/DownloadFile/86997/MDRMY010_OU1,MY,Malaysia - Dengue 2023,2023-11-16 00:00:00+00:00,MDRMY010_27425.pdf,2023.0,False,False,Other
MDRMY010,3810,6686.0,27426,DREF Operation Final Report,Malaysia - Dengue prevention and control (MDRMY010),MDRMY010dfr,2025-03-06T00:00:00Z,https://go-api.ifrc.org/api/DownloadFile/85843/MDRMY010dfr,MY,Malaysia - Dengue 2023,2023-11-16 00:00:00+00:00,MDRMY010_27426.pdf,2023.0,True,False,DREF (Missing from JSON)
MDRBI020,3809,6734.0,27427,DREF Operation,Burundi - Floods and Landslides (MDRBI020),MDRBI020do,2023-11-19T00:00:00Z,https://go-api.ifrc.org/api/DownloadFile/85846/MDRBI020do,BI,"BDI: Pluvial/Flash Flood - 11-2023 - Burundi, heavy rain and strong wind linked to the El Nino phenomenon 2023",2023-11-15 00:00:00+00:00,MDRBI020_27427.pdf,2023.0,False,True,Other
MDRBI020,3809,6734.0,27428,DREF Operation Update,Burundi - Floods and Landslides (MDRBI020),MDRBI020du1,2024-01-18T00:00:00Z,https://go-api.ifrc.org/api/DownloadFile/86712/MDRBI020du1,BI,"BDI: Pluvial/Flash Flood - 11-2023 - Burundi, heavy rain and strong wind linked to the El Nino phenomenon 2023",2023-11-15 00:00:00+00:00,MDRBI020_27428.pdf,2023.0,False,True,Other
MDRBI020,3809,6734.0,27429,DREF Operation Final Report,Burundi - Floods and Landslides (MDRBI020),MDRBI020dfr,2025-07-28T00:00:00Z,https://go-api.ifrc.org/api/DownloadFile/85847/MDRBI020dfr,BI,"BDI: Pluvial/Flash Flood - 11-2023 - Burundi, heavy rain and strong wind linked to the El Nino phenomenon 2023",2023-11-15 00:00:00+00:00,MDRBI020_27429.pdf,2023.0,True,True,DREF (JSON)
MDRBI020,3809,6734.0,27430,DREF Operation Update,Burundi - Floods and Landslides (MDRBI020),MDRBI020du2,2024-04-17T00:00:00Z,https://go-api.ifrc.org/api/DownloadFile/87596/MDRBI020du2,BI,"BDI: Pluvial/Flash Flood - 11-2023 - Burundi, heavy rain and strong wind linked to the El Nino phenomenon 2023",2023-11-15 00:00:00+00:00,MDRBI020_27430.pdf,2023.0,False,True,Other
MDRBI020,3809,6734.0,27431,DREF Operation Update,Burundi - Floods and Landslides (MDRBI020),MDRBI020ou3,2024-05-30T00:00:00Z,https://go-api.ifrc.org/api/DownloadFile/87921/MDRBI020ou3,BI,"BDI: Pluvial/Flash Flood - 11-2023 - Burundi, heavy rain and strong wind linked to the El Nino phenomenon 2023",2023-11-15 00:00:00+00:00,MDRBI020_27431.pdf,2023.0,False,True,Other
MDRFJ007,3808,6748.0,27432,DREF Operation,Fiji - Cyclone Mal (MDRFJ007),MDRFJ007do,2023-11-15T00:00:00Z,https://go-api.ifrc.org/api/DownloadFile/85803/MDRFJ007do,FJ,Fiji - Cyclone Mal 2023,2023-11-14 00:00:00+00:00,MDRFJ007_27432.pdf,2023.0,False,True,Other
MDRFJ007,3808,6748.0,27433,DREF Operation Final Report,Fiji - Cyclone Mal (MDRFJ007),MDRFJ007,2024-05-07T00:00:00Z,https://go-api.ifrc.org/api/DownloadFile/85804/MDRFJ007,FJ,Fiji - Cyclone Mal 2023,2023-11-14 00:00:00+00:00,MDRFJ007_27433.pdf,2023.0,True,True,DREF (JSON)
MDRKE058,3807,6756.0,27434,DREF Operation,Kenya - Floods (MDRKE058),MDRKE058do,2023-11-15T00:00:00Z,https://go-api.ifrc.org/api/DownloadFile/85817/MDRKE058do,KE,KEN: 2023 Floods,2023-11-11 00:00:00+00:00,MDRKE058_27434.pdf,2023.0,False,False,Other
MDRKE058,3807,6756.0,27435,Emergency Appeal,Kenya - Floods (MDRKE058),MDRKE058ea,2023-11-24T00:00:00Z,https://go-api.ifrc.org/api/DownloadFile/85990/MDRKE058ea,KE,KEN: 2023 Floods,2023-11-11 00:00:00+00:00,MDRKE058_27435.pdf,2023.0,False,False,Other
MDRKE058,3807,6756.0,27436,Operational strategy,Kenya - Floods (MDRKE058),MDRKE058os,2023-12-20T00:00:00Z,https://go-api.ifrc.org/api/DownloadFile/86477/MDRKE058os,KE,KEN: 2023 Floods,2023-11-11 00:00:00+00:00,MDRKE058_27436.pdf,2023.0,False,False,Other
MDRKE058,3807,6756.0,27437,Operations Update,Kenya - Floods (MDRKE058),MDRKE058eu1,2024-02-04T00:00:00Z,https://go-api.ifrc.org/api/DownloadFile/86479/MDRKE058eu1,KE,KEN: 2023 Floods,2023-11-11 00:00:00+00:00,MDRKE058_27437.pdf,2023.0,False,False,Other
MDRKE058,3807,6756.0,27438,Operations Update,Kenya - Floods (MDRKE058),MDRKE058eu2,2024-02-04T00:00:00Z,https://go-api.ifrc.org/api/DownloadFile/86480/MDRKE058eu2,KE,KEN: 2023 Floods,2023-11-11 00:00:00+00:00,MDRKE058_27438.pdf,2023.0,False,False,Other
MDRKE058,3807,6756.0,27439,Operations Update,Kenya - Floods (MDRKE058),MDRKE058eu3,2024-04-26T00:00:00Z,https://go-api.ifrc.org/api/DownloadFile/87656/MDRKE058eu3,KE,KEN: 2023 Floods,2023-11-11 00:00:00+00:00,MDRKE058_27439.pdf,2023.0,False,False,Other
MDRKE058,3807,6756.0,27440,Emergency Appeal Revision,Kenya - Floods (MDRKE058),MDRKE058rea1,2024-05-17T00:00:00Z,https://go-api.ifrc.org/api/DownloadFile/87844/MDRKE058rea1,KE,KEN: 2023 Floods,2023-11-11 00:00:00+00:00,MDRKE058_27440.pdf,2023.0,False,False,Other
MDRKE058,3807,6756.0,27441,6 month update,Kenya - Floods (MDRKE058),6 month update,2024-10-31T00:00:00Z,https://adore.ifrc.org/Download.aspx?FileId=840196,KE,KEN: 2023 Floods,2023-11-11 00:00:00+00:00,MDRKE058_27441.pdf,2023.0,False,False,Other
MDRKE058,3807,6756.0,27442,6 month update,Kenya - Floods (MDRKE058),MDRKE058 6month,2024-10-31T00:00:00Z,https://go-api.ifrc.org/api/DownloadFile/86483/MDRKE058-6month,KE,KEN: 2023 Floods,2023-11-11 00:00:00+00:00,MDRKE058_27442.pdf,2023.0,False,False,Other
MDRKE058,3807,6756.0,27443,Operational strategy,Kenya - Floods (MDRKE058),MDRKE058 rOS,2024-11-20T00:00:00Z,https://go-api.ifrc.org/api/DownloadFile/89431/MDRKE058-rOS,KE,KEN: 2023 Floods,2023-11-11 00:00:00+00:00,MDRKE058_27443.pdf,2023.0,False,False,Other
MDRKE058,3807,6756.0,27444,Contributions List,Kenya - Floods (MDRKE058),Donor Response,2023-11-11T00:00:00Z,https://www.ifrc.org/docs/appeals/Active/MDRKE058.pdf,KE,KEN: 2023 Floods,2023-11-11 00:00:00+00:00,MDRKE058_27444.pdf,2023.0,False,False,Other
MDRKE058,3807,6756.0,27445,Final Report,Kenya - Floods (MDRKE058),MDRKE058efr,2025-11-13T00:00:00Z,https://go-api.ifrc.org/api/DownloadFile/86485/MDRKE058efr,KE,KEN: 2023 Floods,2023-11-11 00:00:00+00:00,MDRKE058_27445.pdf,2023.0,True,False,Emergency Appeal / Other
MDRPY023,3806,6745.0,27446,DREF Operation,Paraguay - Floods (MDRPY023),MDRPY023,2023-11-10T00:00:00Z,https://go-api.ifrc.org/api/DownloadFile/85756/MDRPY023,PY,Paraguay: Floods,2023-11-10 00:00:00+00:00,MDRPY023_27446.pdf,2023.0,False,True,Other
MDRPY023,3806,6745.0,27447,DREF Operation Final Report,Paraguay - Floods (MDRPY023),MDRPY023fr,2025-02-10T00:00:00Z,https://go-api.ifrc.org/api/DownloadFile/85757/MDRPY023fr,PY,Paraguay: Floods,2023-11-10 00:00:00+00:00,MDRPY023_27447.pdf,2023.0,True,True,DREF (JSON)
MDRMX005,3805,6726.0,27448,DREF Operation,Mexico - Hurricane (MDRMX005),MDRMX005,2023-11-10T00:00:00Z,https://go-api.ifrc.org/api/DownloadFile/85754/MDRMX005,MX,MEX: Cyclone - 10-2023 - Hurricane Otis,2023-11-09 00:00:00+00:00,MDRMX005_27448.pdf,2023.0,False,True,Other
MDRMX005,3805,6726.0,27449,DREF Operation Update,Mexico - Hurricane (MDRMX005),MDRMX005ou1,2023-12-27T00:00:00Z,https://go-api.ifrc.org/api/DownloadFile/86569/MDRMX005ou1,MX,MEX: Cyclone - 10-2023 - Hurricane Otis,2023-11-09 00:00:00+00:00,MDRMX005_27449.pdf,2023.0,False,True,Other
MDRMX005,3805,6726.0,27450,DREF Operation Update,Mexico - Hurricane (MDRMX005),MDRMX005ou2,2024-06-24T00:00:00Z,https://go-api.ifrc.org/api/DownloadFile/88058/MDRMX005ou2,MX,MEX: Cyclone - 10-2023 - Hurricane Otis,2023-11-09 00:00:00+00:00,MDRMX005_27450.pdf,2023.0,False,True,Other
MDRMX005,3805,6726.0,27451,DREF Operation Final Report,Mexico - Hurricane (MDRMX005),Final Report_DREF_Mexico_Hurricane_Otis,2025-07-08T00:00:00Z,https://go-api.ifrc.org/api/DownloadFile/85755/Final-Report_DREF_Mexico_Hurricane_Otis,MX,MEX: Cyclone - 10-2023 - Hurricane Otis,2023-11-09 00:00:00+00:00,MDRMX005_27451.pdf,2023.0,True,True,DREF (JSON)
MDRNP016,3804,6732.0,27452,DREF Operation,Nepal - Earthquake (MDRNP016),MDRNP016do,2023-11-06T00:00:00Z,https://go-api.ifrc.org/api/DownloadFile/85692/MDRNP016do,NP,Nepal: Karnali Earthquake November 2023,2023-11-05 00:00:00+00:00,MDRNP016_27452.pdf,2023.0,False,False,Other
MDRNP016,3804,6732.0,27453,Emergency Appeal,Nepal - Earthquake (MDRNP016),MDRNP016_EA,2023-11-08T00:00:00Z,https://go-api.ifrc.org/api/DownloadFile/85726/MDRNP016_EA,NP,Nepal: Karnali Earthquake November 2023,2023-11-05 00:00:00+00:00,MDRNP016_27453.pdf,2023.0,False,False,Other
MDRNP016,3804,6732.0,27454,Operational strategy,Nepal - Earthquake (MDRNP016),MDRNP016OS,2023-11-28T00:00:00Z,https://go-api.ifrc.org/api/DownloadFile/86042/MDRNP016OS,NP,Nepal: Karnali Earthquake November 2023,2023-11-05 00:00:00+00:00,MDRNP016_27454.pdf,2023.0,False,False,Other
MDRNP016,3804,6732.0,27455,Operations Update,Nepal - Earthquake (MDRNP016),MDRNP016_OU1,2023-11-30T00:00:00Z,https://go-api.ifrc.org/api/DownloadFile/86043/MDRNP016_OU1,NP,Nepal: Karnali Earthquake November 2023,2023-11-05 00:00:00+00:00,MDRNP016_27455.pdf,2023.0,False,False,Other
MDRNP016,3804,6732.0,27456,Operations Update,Nepal - Earthquake (MDRNP016),MDRNP016_OU2,2024-01-02T00:00:00Z,https://go-api.ifrc.org/api/DownloadFile/86044/MDRNP016_OU2,NP,Nepal: Karnali Earthquake November 2023,2023-11-05 00:00:00+00:00,MDRNP016_27456.pdf,2023.0,False,False,Other
MDRNP016,3804,6732.0,27457,6 month update,Nepal - Earthquake (MDRNP016),MDRNP016_OU3,2024-07-11T00:00:00Z,https://go-api.ifrc.org/api/DownloadFile/86045/MDRNP016_OU3,NP,Nepal: Karnali Earthquake November 2023,2023-11-05 00:00:00+00:00,MDRNP016_27457.pdf,2023.0,False,False,Other
MDRNP016,3804,6732.0,27458,12 month update,Nepal - Earthquake (MDRNP016),12 month update,2024-12-20T00:00:00Z,https://adore.ifrc.org/Download.aspx?FileId=840621,NP,Nepal: Karnali Earthquake November 2023,2023-11-05 00:00:00+00:00,MDRNP016_27458.pdf,2023.0,False,False,Other
MDRNP016,3804,6732.0,27459,6 month update,Nepal - Earthquake (MDRNP016),6 month update,2024-07-11T00:00:00Z,https://adore.ifrc.org/Download.aspx?FileId=839490,NP,Nepal: Karnali Earthquake November 2023,2023-11-05 00:00:00+00:00,MDRNP016_27459.pdf,2023.0,False,False,Other
MDRNP016,3804,6732.0,27460,Final Report,Nepal - Earthquake (MDRNP016),MDRNP016efr,2025-06-30T00:00:00Z,https://go-api.ifrc.org/api/DownloadFile/85693/MDRNP016efr,NP,Nepal: Karnali Earthquake November 2023,2023-11-05 00:00:00+00:00,MDRNP016_27460.pdf,2023.0,True,False,Emergency Appeal / Other
MDRNP016,3804,6732.0,27461,12 month update,Nepal - Earthquake (MDRNP016),MDRNP016OU4,2024-12-20T00:00:00Z,https://go-api.ifrc.org/api/DownloadFile/89722/MDRNP016OU4,NP,Nepal: Karnali Earthquake November 2023,2023-11-05 00:00:00+00:00,MDRNP016_27461.pdf,2023.0,False,False,Other
MDRPA018,3803,6709.0,27462,DREF Operation,Panama - Civil Unrest (MDRPA018),MDRPA018,2023-11-07T00:00:00Z,https://go-api.ifrc.org/api/DownloadFile/85702/MDRPA018,PA,PAN: Other - 2023-10 - Protests and Demonstrations ,2023-11-05 00:00:00+00:00,MDRPA018_27462.pdf,2023.0,False,True,Other
MDRPA018,3803,6709.0,27463,DREF Operation Final Report,Panama - Civil Unrest (MDRPA018),MDRPA018fr,2024-06-05T00:00:00Z,https://go-api.ifrc.org/api/DownloadFile/85704/MDRPA018fr,PA,PAN: Other - 2023-10 - Protests and Demonstrations ,2023-11-05 00:00:00+00:00,MDRPA018_27463.pdf,2023.0,True,True,DREF (JSON)
MDRYE013,3802,6710.0,27464,DREF Operation Final Report,Yemen - Cyclone (MDRYE013),MDRYE013fr,2025-07-24T00:00:00Z,https://go-api.ifrc.org/api/DownloadFile/89670/MDRYE013fr,YE,YEM: Cyclone - 2023-10 - - Cyclone Tej-Extremely Severe Cyclonic Storm (Yemen),2023-10-31 00:00:00+00:00,MDRYE013_27464.pdf,2023.0,True,True,DREF (JSON)
MDRYE013,3802,6710.0,27465,DREF Operation,Yemen - Cyclone (MDRYE013),MDRYE013do,2023-11-04T00:00:00Z,https://go-api.ifrc.org/api/DownloadFile/85690/MDRYE013do,YE,YEM: Cyclone - 2023-10 - - Cyclone Tej-Extremely Severe Cyclonic Storm (Yemen),2023-10-31 00:00:00+00:00,MDRYE013_27465.pdf,2023.0,False,True,Other
MDRCR024,3800,6820.0,27466,DREF/EAP Summary,Costa Rica - Floods EAP (MDRCR024),EAP2023CR02 Costa Rica Floods activation,2023-11-04T00:00:00Z,https://go-api.ifrc.org/api/DownloadFile/85684/EAP2023CR02-Costa-Rica-Floods-activation,CR,Costa Rica: Floods EAP,2023-10-27 00:00:00+00:00,MDRCR024_27466.pdf,2023.0,False,False,Other
MDRCR024,3800,6820.0,27467,DREF/EAP Update,Costa Rica - Floods EAP (MDRCR024),EAP2023CR02ou1,2025-05-16T00:00:00Z,https://go-api.ifrc.org/api/DownloadFile/90515/EAP2023CR02ou1,CR,Costa Rica: Floods EAP,2023-10-27 00:00:00+00:00,MDRCR024_27467.pdf,2023.0,False,False,Other
MDRVU011,3801,6707.0,27468,Final Report,Vanuatu - Cyclone Lola (MDRVU011),MDRVU011efr,2025-04-15T00:00:00Z,https://go-api.ifrc.org/api/DownloadFile/88132/MDRVU011efr,VU,Vanuatu: Tropical Cyclone LOLA 2023,2023-10-26 00:00:00+00:00,MDRVU011_27468.pdf,2023.0,True,False,Emergency Appeal / Other
MDRVU011,3801,6707.0,27469,Emergency Appeal,Vanuatu - Cyclone Lola (MDRVU011),MDRVU011ea,2023-10-29T00:00:00Z,https://go-api.ifrc.org/api/DownloadFile/85590/MDRVU011ea,VU,Vanuatu: Tropical Cyclone LOLA 2023,2023-10-26 00:00:00+00:00,MDRVU011_27469.pdf,2023.0,False,False,Other
MDRVU011,3801,6707.0,27470,Operational strategy,Vanuatu - Cyclone Lola (MDRVU011),MDRVU011OS_Cyclone Lola,2023-11-10T00:00:00Z,https://go-api.ifrc.org/api/DownloadFile/85597/MDRVU011OS_Cyclone-Lola,VU,Vanuatu: Tropical Cyclone LOLA 2023,2023-10-26 00:00:00+00:00,MDRVU011_27470.pdf,2023.0,False,False,Other
MDRVU011,3801,6707.0,27471,Operations Update,Vanuatu - Cyclone Lola (MDRVU011),MDRVU011_OU1,2023-11-23T00:00:00Z,https://go-api.ifrc.org/api/DownloadFile/85955/MDRVU011_OU1,VU,Vanuatu: Tropical Cyclone LOLA 2023,2023-10-26 00:00:00+00:00,MDRVU011_27471.pdf,2023.0,False,False,Other
MDRVU011,3801,6707.0,27472,Operations Update,Vanuatu - Cyclone Lola (MDRVU011),MDRVU011_OU2,2024-01-05T00:00:00Z,https://go-api.ifrc.org/api/DownloadFile/85604/MDRVU011_OU2,VU,Vanuatu: Tropical Cyclone LOLA 2023,2023-10-26 00:00:00+00:00,MDRVU011_27472.pdf,2023.0,False,False,Other
MDRVU011,3801,6707.0,27473,Operational strategy,Vanuatu - Cyclone Lola (MDRVU011),MDRVU011OS1_Cyclone Lola,2024-04-09T00:00:00Z,https://go-api.ifrc.org/api/DownloadFile/87486/MDRVU011OS1_Cyclone-Lola,VU,Vanuatu: Tropical Cyclone LOLA 2023,2023-10-26 00:00:00+00:00,MDRVU011_27473.pdf,2023.0,False,False,Other
MDRVU011,3801,6707.0,27474,6 month update,Vanuatu - Cyclone Lola (MDRVU011),MDRVU011OU3,2024-07-03T00:00:00Z,https://go-api.ifrc.org/api/DownloadFile/85605/MDRVU011OU3,VU,Vanuatu: Tropical Cyclone LOLA 2023,2023-10-26 00:00:00+00:00,MDRVU011_27474.pdf,2023.0,False,False,Other
MDRVU011,3801,6707.0,27475,6 month update,Vanuatu - Cyclone Lola (MDRVU011),6 month update,2024-07-03T00:00:00Z,https://adore.ifrc.org/Download.aspx?FileId=839405,VU,Vanuatu: Tropical Cyclone LOLA 2023,2023-10-26 00:00:00+00:00,MDRVU011_27475.pdf,2023.0,False,False,Other
MDRMG021,3799,6695.0,27476,DREF Operation,Madagascar - Election Preparedness (MDRMG021),MDRMG021do,2023-10-31T00:00:00Z,https://go-api.ifrc.org/api/DownloadFile/85643/MDRMG021do,MG,MDG: Civil Unrest - 2023-10 - Preparedness for Presidential Elections in Madagascar,2023-10-26 00:00:00+00:00,MDRMG021_27476.pdf,2023.0,False,True,Other
MDRMG021,3799,6695.0,27477,DREF Operation Final Report,Madagascar - Election Preparedness (MDRMG021),MDRMG021dfr,2024-10-17T00:00:00Z,https://go-api.ifrc.org/api/DownloadFile/85644/MDRMG021dfr,MG,MDG: Civil Unrest - 2023-10 - Preparedness for Presidential Elections in Madagascar,2023-10-26 00:00:00+00:00,MDRMG021_27477.pdf,2023.0,True,True,DREF (JSON)
MDRS5002,3798,6700.0,27478,Emergency Appeal,Middle East -Complex Emergency Crisis- (MDRS5002),MDRS5002EA,2023-10-20T00:00:00Z,https://go-api.ifrc.org/api/DownloadFile/85553/MDRS5002EA,LB,Middle East Crisis | MENA,2023-10-20 00:00:00+00:00,MDRS5002_27478.pdf,2023.0,False,False,Other
MDRS5002,3798,6700.0,27479,Emergency Appeal,Middle East -Complex Emergency Crisis- (MDRS5002),MDRS5002EA-AR,2023-10-20T00:00:00Z,https://go-api.ifrc.org/api/DownloadFile/85553/MDRS5002EA-AR,LB,Middle East Crisis | MENA,2023-10-20 00:00:00+00:00,MDRS5002_27479.pdf,2023.0,False,False,Other
MDRS5002,3798,6700.0,27480,Operational strategy,Middle East -Complex Emergency Crisis- (MDRS5002),MDRS5002 Syria NS Response Plan,2023-11-25T00:00:00Z,https://go-api.ifrc.org/api/DownloadFile/85993/MDRS5002-Syria-NS-Response-Plan,LB,Middle East Crisis | MENA,2023-10-20 00:00:00+00:00,MDRS5002_27480.pdf,2023.0,False,False,Other
MDRS5002,3798,6700.0,27481,Operational strategy,Middle East -Complex Emergency Crisis- (MDRS5002),MDRS5002 Egypt NS Response Plan,2023-11-25T00:00:00Z,https://go-api.ifrc.org/api/DownloadFile/85992/MDRS5002-Egypt-NS-Response-Plan,LB,Middle East Crisis | MENA,2023-10-20 00:00:00+00:00,MDRS5002_27481.pdf,2023.0,False,False,Other
MDRS5002,3798,6700.0,27482,Operational strategy,Middle East -Complex Emergency Crisis- (MDRS5002),MDRS5002 Lebanon NS Response Plan,2023-11-25T00:00:00Z,https://go-api.ifrc.org/api/DownloadFile/85991/MDRS5002-Lebanon-NS-Response-Plan,LB,Middle East Crisis | MENA,2023-10-20 00:00:00+00:00,MDRS5002_27482.pdf,2023.0,False,False,Other
MDRS5002,3798,6700.0,27483,Operational strategy,Middle East -Complex Emergency Crisis- (MDRS5002),MDRS5002 Jordan NS Response Plan,2023-11-25T00:00:00Z,https://go-api.ifrc.org/api/DownloadFile/85994/MDRS5002-Jordan-NS-Response-Plan,LB,Middle East Crisis | MENA,2023-10-20 00:00:00+00:00,MDRS5002_27483.pdf,2023.0,False,False,Other
MDRS5002,3798,6700.0,27484,Operational strategy,Middle East -Complex Emergency Crisis- (MDRS5002),MDRS5002OS,2023-11-26T00:00:00Z,https://go-api.ifrc.org/api/DownloadFile/85997/MDRS5002OS,LB,Middle East Crisis | MENA,2023-10-20 00:00:00+00:00,MDRS5002_27484.pdf,2023.0,False,False,Other
MDRS5002,3798,6700.0,27485,Emergency Appeal Revision,Middle East -Complex Emergency Crisis- (MDRS5002),MDRS5002REA-AR,2023-12-13T00:00:00Z,https://go-api.ifrc.org/api/DownloadFile/86270/MDRS5002REA-AR,LB,Middle East Crisis | MENA,2023-10-20 00:00:00+00:00,MDRS5002_27485.pdf,2023.0,False,False,Other
MDRS5002,3798,6700.0,27486,Emergency Appeal Revision,Middle East -Complex Emergency Crisis- (MDRS5002),MDRS5002REA,2023-12-13T00:00:00Z,https://go-api.ifrc.org/api/DownloadFile/86270/MDRS5002REA,LB,Middle East Crisis | MENA,2023-10-20 00:00:00+00:00,MDRS5002_27486.pdf,2023.0,False,False,Other
MDRS5002,3798,6700.0,27487,Operational strategy,Middle East -Complex Emergency Crisis- (MDRS5002),MDRS5002 Lebanon NS Response Plan Revised,2024-02-21T00:00:00Z,https://go-api.ifrc.org/api/DownloadFile/87027/MDRS5002-Lebanon-NS-Response-Plan-Revised,LB,Middle East Crisis | MENA,2023-10-20 00:00:00+00:00,MDRS5002_27487.pdf,2023.0,False,False,Other
MDRS5002,3798,6700.0,27488,Operational strategy,Middle East -Complex Emergency Crisis- (MDRS5002),MDRS5002 Jordan NS Response Plan Revised,2024-02-21T00:00:00Z,https://go-api.ifrc.org/api/DownloadFile/87025/MDRS5002-Jordan-NS-Response-Plan-Revised,LB,Middle East Crisis | MENA,2023-10-20 00:00:00+00:00,MDRS5002_27488.pdf,2023.0,False,False,Other
MDRS5002,3798,6700.0,27489,Operational strategy,Middle East -Complex Emergency Crisis- (MDRS5002),MDRS5002 Egypt NS Response Plan Revised,2024-02-21T00:00:00Z,https://go-api.ifrc.org/api/DownloadFile/87024/MDRS5002-Egypt-NS-Response-Plan-Revised,LB,Middle East Crisis | MENA,2023-10-20 00:00:00+00:00,MDRS5002_27489.pdf,2023.0,False,False,Other
MDRS5002,3798,6700.0,27490,Operational strategy,Middle East -Complex Emergency Crisis- (MDRS5002),MDRS5002 Syria NS Response Plan Revised,2024-02-21T00:00:00Z,https://go-api.ifrc.org/api/DownloadFile/87026/MDRS5002-Syria-NS-Response-Plan-Revised,LB,Middle East Crisis | MENA,2023-10-20 00:00:00+00:00,MDRS5002_27490.pdf,2023.0,False,False,Other
MDRS5002,3798,6700.0,27491,Operational strategy,Middle East -Complex Emergency Crisis- (MDRS5002),MDRS5002ROS,2024-02-28T00:00:00Z,https://go-api.ifrc.org/api/DownloadFile/87053/MDRS5002ROS,LB,Middle East Crisis | MENA,2023-10-20 00:00:00+00:00,MDRS5002_27491.pdf,2023.0,False,False,Other
MDRS5002,3798,6700.0,27492,Operations Update,Middle East -Complex Emergency Crisis- (MDRS5002),MDRS5002OU1,2024-04-23T00:00:00Z,https://go-api.ifrc.org/api/DownloadFile/87641/MDRS5002OU1,LB,Middle East Crisis | MENA,2023-10-20 00:00:00+00:00,MDRS5002_27492.pdf,2023.0,False,False,Other
MDRS5002,3798,6700.0,27493,Emergency Appeal Revision,Middle East -Complex Emergency Crisis- (MDRS5002),MDRS5002REA2,2024-08-16T00:00:00Z,https://go-api.ifrc.org/api/DownloadFile/88547/MDRS5002REA2,LB,Middle East Crisis | MENA,2023-10-20 00:00:00+00:00,MDRS5002_27493.pdf,2023.0,False,False,Other
MDRS5002,3798,6700.0,27494,Operations Update,Middle East -Complex Emergency Crisis- (MDRS5002),MDRS5002OU2,2024-09-10T00:00:00Z,https://go-api.ifrc.org/api/DownloadFile/88726/MDRS5002OU2,LB,Middle East Crisis | MENA,2023-10-20 00:00:00+00:00,MDRS5002_27494.pdf,2023.0,False,False,Other
MDRS5002,3798,6700.0,27495,Emergency Appeal Revision,Middle East -Complex Emergency Crisis- (MDRS5002),MDRS5002REA2-AR,2024-09-10T00:00:00Z,https://go-api.ifrc.org/api/DownloadFile/88704/MDRS5002REA2-AR,LB,Middle East Crisis | MENA,2023-10-20 00:00:00+00:00,MDRS5002_27495.pdf,2023.0,False,False,Other
MDRS5002,3798,6700.0,27496,Operations Update,Middle East -Complex Emergency Crisis- (MDRS5002),MDRS5002 Flash Update1,2024-10-01T00:00:00Z,https://go-api.ifrc.org/api/DownloadFile/88965/MDRS5002-Flash-Update1,LB,Middle East Crisis | MENA,2023-10-20 00:00:00+00:00,MDRS5002_27496.pdf,2023.0,False,False,Other
MDRS5002,3798,6700.0,27497,Operations Update,Middle East -Complex Emergency Crisis- (MDRS5002),MDRS5002OU4,2025-08-07T00:00:00Z,https://go-api.ifrc.org/api/DownloadFile/91160/MDRS5002OU4,LB,Middle East Crisis | MENA,2023-10-20 00:00:00+00:00,MDRS5002_27497.pdf,2023.0,False,False,Other
MDRS5002,3798,6700.0,27498,Operations Update,Middle East -Complex Emergency Crisis- (MDRS5002),MDRS5002 Flash Update #2,2024-10-14T00:00:00Z,https://go-api.ifrc.org/api/DownloadFile/89073/MDRS5002-Flash-Update-_2,LB,Middle East Crisis | MENA,2023-10-20 00:00:00+00:00,MDRS5002_27498.pdf,2023.0,False,False,Other
MDRS5002,3798,6700.0,27499,Operational strategy,Middle East -Complex Emergency Crisis- (MDRS5002),MDRS5002 Lebanon RCRP#2,2024-10-14T00:00:00Z,https://go-api.ifrc.org/api/DownloadFile/89074/MDRS5002-Lebanon-RCRP_2,LB,Middle East Crisis | MENA,2023-10-20 00:00:00+00:00,MDRS5002_27499.pdf,2023.0,False,False,Other
MDRS5002,3798,6700.0,27500,Operational strategy,Middle East -Complex Emergency Crisis- (MDRS5002),MDRS5002 Jordan RCRP#2,2024-10-28T00:00:00Z,https://go-api.ifrc.org/api/DownloadFile/89236/MDRS5002-Jordan-RCRP_2,LB,Middle East Crisis | MENA,2023-10-20 00:00:00+00:00,MDRS5002_27500.pdf,2023.0,False,False,Other
MDRS5002,3798,6700.0,27501,Operations Update,Middle East -Complex Emergency Crisis- (MDRS5002),MDRS5002 Flash Update #3,2024-11-01T00:00:00Z,https://go-api.ifrc.org/api/DownloadFile/89294/MDRS5002-Flash-Update-_3,LB,Middle East Crisis | MENA,2023-10-20 00:00:00+00:00,MDRS5002_27501.pdf,2023.0,False,False,Other
MDRS5002,3798,6700.0,27502,Operational strategy,Middle East -Complex Emergency Crisis- (MDRS5002),MDRS5002 Syria RCRP#2,2024-11-07T00:00:00Z,https://go-api.ifrc.org/api/DownloadFile/89333/MDRS5002-Syria-RCRP_2,LB,Middle East Crisis | MENA,2023-10-20 00:00:00+00:00,MDRS5002_27502.pdf,2023.0,False,False,Other
MDRS5002,3798,6700.0,27503,Operational strategy,Middle East -Complex Emergency Crisis- (MDRS5002),MDRS5002 Egypt RCRP#2,2024-11-13T00:00:00Z,https://go-api.ifrc.org/api/DownloadFile/89380/MDRS5002-Egypt-RCRP_2,LB,Middle East Crisis | MENA,2023-10-20 00:00:00+00:00,MDRS5002_27503.pdf,2023.0,False,False,Other
MDRS5002,3798,6700.0,27504,12 month update,Middle East -Complex Emergency Crisis- (MDRS5002),MDRS5002OU3,2025-01-26T00:00:00Z,https://go-api.ifrc.org/api/DownloadFile/89928/MDRS5002OU3,LB,Middle East Crisis | MENA,2023-10-20 00:00:00+00:00,MDRS5002_27504.pdf,2023.0,False,False,Other
MDRS5002,3798,6700.0,27505,Operational strategy,Middle East -Complex Emergency Crisis- (MDRS5002),MDRS5002ROS2,2025-02-04T00:00:00Z,https://go-api.ifrc.org/api/DownloadFile/89481/MDRS5002ROS2,LB,Middle East Crisis | MENA,2023-10-20 00:00:00+00:00,MDRS5002_27505.pdf,2023.0,False,False,Other
MDRS5002,3798,6700.0,27506,Operations Update,Middle East -Complex Emergency Crisis- (MDRS5002),MDRS5002 Flash Update #4,2025-02-11T00:00:00Z,https://go-api.ifrc.org/api/DownloadFile/90407/MDRS5002-Flash-Update-_4,LB,Middle East Crisis | MENA,2023-10-20 00:00:00+00:00,MDRS5002_27506.pdf,2023.0,False,False,Other
MDRS5002,3798,6700.0,27507,Operations Update,Middle East -Complex Emergency Crisis- (MDRS5002),MDRS5002OU5,2025-10-24T00:00:00Z,https://go-api.ifrc.org/api/DownloadFile/93525/MDRS5002OU5,LB,Middle East Crisis | MENA,2023-10-20 00:00:00+00:00,MDRS5002_27507.pdf,2023.0,False,False,Other
MDRCR023,3796,6644.0,27508,DREF Operation,Costa Rica - Dengue (MDRCR023),MDRCR023do,2023-10-20T00:00:00Z,https://go-api.ifrc.org/api/DownloadFile/85562/MDRCR023do,CR,CRI: Dengue outbreak,2023-10-20 00:00:00+00:00,MDRCR023_27508.pdf,2023.0,False,True,Other
MDRCR023,3796,6644.0,27509,DREF Operation Update,Costa Rica - Dengue (MDRCR023),MDRCR023ou1,2024-02-13T00:00:00Z,https://go-api.ifrc.org/api/DownloadFile/86984/MDRCR023ou1,CR,CRI: Dengue outbreak,2023-10-20 00:00:00+00:00,MDRCR023_27509.pdf,2023.0,False,True,Other
MDRCR023,3796,6644.0,27510,DREF Operation Final Report,Costa Rica - Dengue (MDRCR023),MDRCR023fr,2024-12-17T00:00:00Z,https://go-api.ifrc.org/api/DownloadFile/85563/MDRCR023fr,CR,CRI: Dengue outbreak,2023-10-20 00:00:00+00:00,MDRCR023_27510.pdf,2023.0,True,True,DREF (JSON)
MDRMM019,3797,6685.0,27511,DREF Operation,Myanmar - Flood (MDRMM019),MDRMM019do,2023-10-21T00:00:00Z,https://go-api.ifrc.org/api/DownloadFile/85564/MDRMM019do,MM,MMR: Flood - 2023-10 - Bago Flood 2023,2023-10-20 00:00:00+00:00,MDRMM019_27511.pdf,2023.0,False,False,Other
MDRMM019,3797,6685.0,27512,DREF Operation Final Report,Myanmar - Flood (MDRMM019),MDRMM019dfr,2025-03-03T00:00:00Z,https://go-api.ifrc.org/api/DownloadFile/85565/MDRMM019dfr,MM,MMR: Flood - 2023-10 - Bago Flood 2023,2023-10-20 00:00:00+00:00,MDRMM019_27512.pdf,2023.0,True,False,DREF (Missing from JSON)
MDRLK018,3795,6679.0,27513,DREF Operation,Sri Lanka - Flood (MDRLK018),MDRLK018do,2023-10-20T00:00:00Z,https://go-api.ifrc.org/api/DownloadFile/85550/MDRLK018do,LK,LKA: Flood - 2023-09 - Monsson Floods and Dengue out break,2023-10-19 00:00:00+00:00,MDRLK018_27513.pdf,2023.0,False,False,Other
MDRLK018,3795,6679.0,27514,DREF Operation Update,Sri Lanka - Flood (MDRLK018),MDRLK018OU1,2023-12-30T00:00:00Z,https://go-api.ifrc.org/api/DownloadFile/86588/MDRLK018OU1,LK,LKA: Flood - 2023-09 - Monsson Floods and Dengue out break,2023-10-19 00:00:00+00:00,MDRLK018_27514.pdf,2023.0,False,False,Other
MDRLK018,3795,6679.0,27515,DREF Operation Update,Sri Lanka - Flood (MDRLK018),MDRLK018_OU2,2024-01-24T00:00:00Z,https://go-api.ifrc.org/api/DownloadFile/86794/MDRLK018_OU2,LK,LKA: Flood - 2023-09 - Monsson Floods and Dengue out break,2023-10-19 00:00:00+00:00,MDRLK018_27515.pdf,2023.0,False,False,Other
MDRLK018,3795,6679.0,27516,DREF Operation Update,Sri Lanka - Flood (MDRLK018),MDRLK018_OU3,2024-07-04T00:00:00Z,https://go-api.ifrc.org/api/DownloadFile/88137/MDRLK018_OU3,LK,LKA: Flood - 2023-09 - Monsson Floods and Dengue out break,2023-10-19 00:00:00+00:00,MDRLK018_27516.pdf,2023.0,False,False,Other
MDRLK018,3795,6679.0,27517,DREF Operation Final Report,Sri Lanka - Flood (MDRLK018),MDRLK018dfr,2025-02-28T00:00:00Z,https://go-api.ifrc.org/api/DownloadFile/85551/MDRLK018dfr,LK,LKA: Flood - 2023-09 - Monsson Floods and Dengue out break,2023-10-19 00:00:00+00:00,MDRLK018_27517.pdf,2023.0,True,False,DREF (Missing from JSON)
MDRCM036,3793,6683.0,27518,DREF Operation,Cameroon - Landslide (MDRCM036),MDRCM036do,2023-10-23T00:00:00Z,https://go-api.ifrc.org/api/DownloadFile/85568/MDRCM036do,CM,WRC: Landslide - 2023-10 - Landslide MBANKOLO-YAOUNDE,2023-10-16 00:00:00+00:00,MDRCM036_27518.pdf,2023.0,False,True,Other
MDRCM036,3793,6683.0,27519,DREF Operation Final Report,Cameroon - Landslide (MDRCM036),MDRCM036dfr,2024-07-04T00:00:00Z,https://go-api.ifrc.org/api/DownloadFile/85569/MDRCM036dfr,CM,WRC: Landslide - 2023-10 - Landslide MBANKOLO-YAOUNDE,2023-10-16 00:00:00+00:00,MDRCM036_27519.pdf,2023.0,True,True,DREF (JSON)
MDRIL004,3792,6678.0,27520,DREF Operation,Israel - Complex Emergency (MDRIL004),MDRIL004do,2023-10-15T00:00:00Z,https://go-api.ifrc.org/api/DownloadFile/85482/MDRIL004do,IL,Israel - Complex Emergency,2023-10-14 00:00:00+00:00,MDRIL004_27520.pdf,2023.0,False,True,Other
MDRIL004,3792,6678.0,27521,DREF Operation Final Report,Israel - Complex Emergency (MDRIL004),MDRIL004dfr,2024-05-22T00:00:00Z,https://go-api.ifrc.org/api/DownloadFile/85483/MDRIL004dfr,IL,Israel - Complex Emergency,2023-10-14 00:00:00+00:00,MDRIL004_27521.pdf,2023.0,True,True,DREF (JSON)
MDRPS015,3791,6690.0,27522,DREF Operation,Palestine - Complex Emergency (MDRPS015),MDRPS015do,2023-10-15T00:00:00Z,https://go-api.ifrc.org/api/DownloadFile/85484/MDRPS015do,PS,PSE: Complex Emergency - 2023-10 - OpT Conflict Escalation#45,2023-10-13 00:00:00+00:00,MDRPS015_27522.pdf,2023.0,False,False,Other
MDRPS015,3791,6690.0,27523,DREF Operation Update,Palestine - Complex Emergency (MDRPS015),MDRPS015OU1,2024-07-29T00:00:00Z,https://go-api.ifrc.org/api/DownloadFile/88397/MDRPS015OU1,PS,PSE: Complex Emergency - 2023-10 - OpT Conflict Escalation#45,2023-10-13 00:00:00+00:00,MDRPS015_27523.pdf,2023.0,False,False,Other
MDRNP015,3790,6682.0,27524,DREF Operation,Nepal - Earthquake (MDRNP015),MDRNP015do,2023-10-13T00:00:00Z,https://go-api.ifrc.org/api/DownloadFile/85473/MDRNP015do,NP,Nepal-Bajhang Earthquake 2023,2023-10-12 00:00:00+00:00,MDRNP015_27524.pdf,2023.0,False,True,Other
MDRNP015,3790,6682.0,27525,DREF Operation Final Report,Nepal - Earthquake (MDRNP015),MDRNP015dfr,2024-12-27T00:00:00Z,https://go-api.ifrc.org/api/DownloadFile/85474/MDRNP015dfr,NP,Nepal-Bajhang Earthquake 2023,2023-10-12 00:00:00+00:00,MDRNP015_27525.pdf,2023.0,True,True,DREF (JSON)
MDRZA015,3789,6698.0,27526,DREF Operation,South Africa - Floods (MDRZA015),MDRZA015do,2023-10-16T00:00:00Z,https://go-api.ifrc.org/api/DownloadFile/85485/MDRZA015do,ZA,ZAF:2023-10 Floods in Western Cape,2023-10-12 00:00:00+00:00,MDRZA015_27526.pdf,2023.0,False,True,Other
MDRZA015,3789,6698.0,27527,DREF Operation Update,South Africa - Floods (MDRZA015),MDRZA015du1,2024-02-03T00:00:00Z,https://go-api.ifrc.org/api/DownloadFile/86858/MDRZA015du1,ZA,ZAF:2023-10 Floods in Western Cape,2023-10-12 00:00:00+00:00,MDRZA015_27527.pdf,2023.0,False,True,Other
MDRZA015,3789,6698.0,27528,DREF Operation Final Report,South Africa - Floods (MDRZA015),MDRZA015dfr,2025-02-28T00:00:00Z,https://go-api.ifrc.org/api/DownloadFile/85486/MDRZA015dfr,ZA,ZAF:2023-10 Floods in Western Cape,2023-10-12 00:00:00+00:00,MDRZA015_27528.pdf,2023.0,True,True,DREF (JSON)
MDRSO016,3787,6697.0,27529,DREF Operation,Somalia - Floods (MDRSO016),MDRSO016do,2023-10-14T00:00:00Z,https://go-api.ifrc.org/api/DownloadFile/85480/MDRSO016do,SO,SOM:2023 Floods,2023-10-10 00:00:00+00:00,MDRSO016_27529.pdf,2023.0,False,True,Other
MDRSO016,3787,6697.0,27530,DREF Operation Update,Somalia - Floods (MDRSO016),MDRSO016du,2023-11-21T00:00:00Z,https://go-api.ifrc.org/api/DownloadFile/85877/MDRSO016du,SO,SOM:2023 Floods,2023-10-10 00:00:00+00:00,MDRSO016_27530.pdf,2023.0,False,True,Other
MDRSO016,3787,6697.0,27531,DREF Operation Final Report,Somalia - Floods (MDRSO016),MDRSO016dfr,2024-11-06T00:00:00Z,https://go-api.ifrc.org/api/DownloadFile/85481/MDRSO016dfr,SO,SOM:2023 Floods,2023-10-10 00:00:00+00:00,MDRSO016_27531.pdf,2023.0,True,True,DREF (JSON)
MDREC024,3788,6687.0,27532,DREF/EAP Summary,Ecuador - Volcanic Ash (MDREC024),EAP2023EC03 Summary,2023-11-07T00:00:00Z,https://go-api.ifrc.org/api/DownloadFile/85712/EAP2023EC03-Summary,EC,ECU: Volcanic Ash,2023-10-09 00:00:00+00:00,MDREC024_27532.pdf,2023.0,False,False,Other
MDREC024,3788,6687.0,27533,DREF/EAP Update,Ecuador - Volcanic Ash (MDREC024),EAP2023EC03ou1_annual report,2025-05-19T00:00:00Z,https://go-api.ifrc.org/api/DownloadFile/90514/EAP2023EC03ou1_annual-report,EC,ECU: Volcanic Ash,2023-10-09 00:00:00+00:00,MDREC024_27533.pdf,2023.0,False,False,Other
MDRBO015,3786,6656.0,27534,DREF Operation,Bolivia - Drought (MDRBO015),MDRBO015do,2023-10-10T00:00:00Z,https://go-api.ifrc.org/api/DownloadFile/85429/MDRBO015do,BO,BOL: Drought - 2023-09 - El Niño phenomenon,2023-10-08 00:00:00+00:00,MDRBO015_27534.pdf,2023.0,False,True,Other
MDRBO015,3786,6656.0,27535,DREF Operation Final Report,Bolivia - Drought (MDRBO015),MDRBO015fr_compressed,2025-04-30T00:00:00Z,https://go-api.ifrc.org/api/DownloadFile/85430/MDRBO015fr_compressed,BO,BOL: Drought - 2023-09 - El Niño phenomenon,2023-10-08 00:00:00+00:00,MDRBO015_27535.pdf,2023.0,True,True,DREF (JSON)
MDRBO015,3786,6656.0,27536,DREF Operation Update,Bolivia - Drought (MDRBO015),MDRBO015ou1,2024-04-17T00:00:00Z,https://go-api.ifrc.org/api/DownloadFile/87595/MDRBO015ou1,BO,BOL: Drought - 2023-09 - El Niño phenomenon,2023-10-08 00:00:00+00:00,MDRBO015_27536.pdf,2023.0,False,True,Other
MDRGT021,3785,6657.0,27537,DREF Operation,Guatemala - Civil Unrest (MDRGT021),MDRGT021do,2023-10-02T00:00:00Z,https://go-api.ifrc.org/api/DownloadFile/85355/MDRGT021do,GT,GTM: Civil Unrest - 2023-09 - Protests in Guatemala Electoral Process 2023,2023-10-02 00:00:00+00:00,MDRGT021_27537.pdf,2023.0,False,True,Other
MDRGT021,3785,6657.0,27538,DREF Operation Final Report,Guatemala - Civil Unrest (MDRGT021),MDRGT021fr,2024-06-10T00:00:00Z,https://go-api.ifrc.org/api/DownloadFile/85357/MDRGT021fr,GT,GTM: Civil Unrest - 2023-09 - Protests in Guatemala Electoral Process 2023,2023-10-02 00:00:00+00:00,MDRGT021_27538.pdf,2023.0,True,True,DREF (JSON)
MDRAM012,3784,6661.0,27539,Emergency Appeal,Armenia - Population Movement (MDRAM012),MDRAM012ea,2023-09-30T00:00:00Z,https://go-api.ifrc.org/api/DownloadFile/91259/MDRAM012ea,AM,Armenia - Population Movement,2023-09-28 00:00:00+00:00,MDRAM012_27539.pdf,2023.0,False,False,Other
MDRAM012,3784,6661.0,27540,Operational strategy,Armenia - Population Movement (MDRAM012),MDRAM012os,2023-10-26T00:00:00Z,https://go-api.ifrc.org/api/DownloadFile/91260/MDRAM012os,AM,Armenia - Population Movement,2023-09-28 00:00:00+00:00,MDRAM012_27540.pdf,2023.0,False,False,Other
MDRAM012,3784,6661.0,27541,Operations Update,Armenia - Population Movement (MDRAM012),MDRAM012ou1,2023-11-17T00:00:00Z,https://go-api.ifrc.org/api/DownloadFile/85784/MDRAM012ou1,AM,Armenia - Population Movement,2023-09-28 00:00:00+00:00,MDRAM012_27541.pdf,2023.0,False,False,Other
MDRAM012,3784,6661.0,27542,Operations Update,Armenia - Population Movement (MDRAM012),MDRAM012ou2,2024-02-22T00:00:00Z,https://go-api.ifrc.org/api/DownloadFile/85786/MDRAM012ou2,AM,Armenia - Population Movement,2023-09-28 00:00:00+00:00,MDRAM012_27542.pdf,2023.0,False,False,Other
MDRAM012,3784,6661.0,27543,6 month update,Armenia - Population Movement (MDRAM012),MDRAM012ou4,2024-05-31T00:00:00Z,https://go-api.ifrc.org/api/DownloadFile/91261/MDRAM012ou4,AM,Armenia - Population Movement,2023-09-28 00:00:00+00:00,MDRAM012_27543.pdf,2023.0,False,False,Other
MDRAM012,3784,6661.0,27544,Operations Update,Armenia - Population Movement (MDRAM012),MDRAM012ou5,2024-11-14T00:00:00Z,https://go-api.ifrc.org/api/DownloadFile/85789/MDRAM012ou5,AM,Armenia - Population Movement,2023-09-28 00:00:00+00:00,MDRAM012_27544.pdf,2023.0,False,False,Other
MDRGR005,3783,6547.0,27545,DREF/EAP Summary,Greece - Extreme Heat sEAP (MDRGR005),MDRGR005seap,2023-10-02T00:00:00Z,https://go-api.ifrc.org/api/DownloadFile/85353/MDRGR005seap,GR,"GRC: Heat Wave - 2023-07 - Heat Wave ""KLEON""",2023-09-22 00:00:00+00:00,MDRGR005_27545.pdf,2023.0,False,False,Other
MDRGR005,3783,6547.0,27546,DREF/EAP Activation,Greece - Extreme Heat sEAP (MDRGR005),MDRGR005seapa,2024-06-10T00:00:00Z,https://go-api.ifrc.org/api/DownloadFile/87958/MDRGR005seapa,GR,"GRC: Heat Wave - 2023-07 - Heat Wave ""KLEON""",2023-09-22 00:00:00+00:00,MDRGR005_27546.pdf,2023.0,False,False,Other
MDRGR005,3783,6547.0,27547,DREF/EAP Final Report,Greece - Extreme Heat sEAP (MDRGR005),MDRGR005seapfr,2025-06-03T00:00:00Z,https://go-api.ifrc.org/api/DownloadFile/85354/MDRGR005seapfr,GR,"GRC: Heat Wave - 2023-07 - Heat Wave ""KLEON""",2023-09-22 00:00:00+00:00,MDRGR005_27547.pdf,2023.0,True,False,Emergency Appeal / Other
MDRFM002,3782,6611.0,27548,DREF Operation,Micronesia - Drought Preparedness (MDRFM002),MDRFM002do,2023-09-22T00:00:00Z,https://go-api.ifrc.org/api/DownloadFile/85307/MDRFM002do,FM,FSM: Drought - 2023-12 - El Nino Watch,2023-09-21 00:00:00+00:00,MDRFM002_27548.pdf,2023.0,False,True,Other
MDRFM002,3782,6611.0,27549,DREF Operation Update,Micronesia - Drought Preparedness (MDRFM002),MDRFM002_OU1,2024-01-24T00:00:00Z,https://go-api.ifrc.org/api/DownloadFile/86795/MDRFM002_OU1,FM,FSM: Drought - 2023-12 - El Nino Watch,2023-09-21 00:00:00+00:00,MDRFM002_27549.pdf,2023.0,False,True,Other
MDRFM002,3782,6611.0,27550,DREF Operation Update,Micronesia - Drought Preparedness (MDRFM002),MDRFM002_OU2,2024-03-29T00:00:00Z,https://go-api.ifrc.org/api/DownloadFile/87425/MDRFM002_OU2,FM,FSM: Drought - 2023-12 - El Nino Watch,2023-09-21 00:00:00+00:00,MDRFM002_27550.pdf,2023.0,False,True,Other
MDRFM002,3782,6611.0,27551,DREF Operation Final Report,Micronesia - Drought Preparedness (MDRFM002),MDRFM002dfr,2025-06-30T00:00:00Z,https://go-api.ifrc.org/api/DownloadFile/85309/MDRFM002dfr,FM,FSM: Drought - 2023-12 - El Nino Watch,2023-09-21 00:00:00+00:00,MDRFM002_27551.pdf,2023.0,True,True,DREF (JSON)
MDRGT020,3781,6631.0,27552,DREF Operation,Guatemala - Dengue (MDRGT020),MDRGT020do,2023-09-15T00:00:00Z,https://go-api.ifrc.org/api/DownloadFile/85231/MDRGT020do,GT,GTM: Epidemic - 2023-08 - Epidemiological Alert for Dengue in Guatemala,2023-09-14 00:00:00+00:00,MDRGT020_27552.pdf,2023.0,False,True,Other
MDRGT020,3781,6631.0,27553,DREF Operation Update,Guatemala - Dengue (MDRGT020),MDRGT020ou1,2023-12-27T00:00:00Z,https://go-api.ifrc.org/api/DownloadFile/86570/MDRGT020ou1,GT,GTM: Epidemic - 2023-08 - Epidemiological Alert for Dengue in Guatemala,2023-09-14 00:00:00+00:00,MDRGT020_27553.pdf,2023.0,False,True,Other
MDRGT020,3781,6631.0,27554,DREF Operation Final Report,Guatemala - Dengue (MDRGT020),MDRGT020fr,2024-11-01T00:00:00Z,https://go-api.ifrc.org/api/DownloadFile/85230/MDRGT020fr,GT,GTM: Epidemic - 2023-08 - Epidemiological Alert for Dengue in Guatemala,2023-09-14 00:00:00+00:00,MDRGT020_27554.pdf,2023.0,True,True,DREF (JSON)
MDRLR007,3779,6653.0,27555,DREF Operation,Liberia - Floods (MDRLR007),MDRLR007do,2023-09-15T00:00:00Z,https://go-api.ifrc.org/api/DownloadFile/85232/MDRLR007do,LR,LBR: September 2023 Floods,2023-09-13 00:00:00+00:00,MDRLR007_27555.pdf,2023.0,False,False,Other
MDRLR007,3779,6653.0,27556,DREF Operation Final Report,Liberia - Floods (MDRLR007),MDRLR007dfr,2026-02-26T00:00:00Z,https://go-api.ifrc.org/api/DownloadFile/85233/MDRLR007dfr,LR,LBR: September 2023 Floods,2023-09-13 00:00:00+00:00,MDRLR007_27556.pdf,2023.0,True,False,DREF (Missing from JSON)
MDRLY005,3780,6647.0,27557,Emergency Appeal,Libya - Flood Storm Daniel (MDRLY005),MDRLY005EA,2023-09-14T00:00:00Z,https://go-api.ifrc.org/api/DownloadFile/85223/MDRLY005EA,LY,"LBY: إعصار - 2023-09 -Libya, Storm Daniel",2023-09-12 00:00:00+00:00,MDRLY005_27557.pdf,2023.0,False,False,Other
MDRLY005,3780,6647.0,27558,Operational strategy,Libya - Flood Storm Daniel (MDRLY005),MDRLY005OS,2023-11-07T00:00:00Z,https://go-api.ifrc.org/api/DownloadFile/85698/MDRLY005OS,LY,"LBY: إعصار - 2023-09 -Libya, Storm Daniel",2023-09-12 00:00:00+00:00,MDRLY005_27558.pdf,2023.0,False,False,Other
MDRLY005,3780,6647.0,27559,Emergency Appeal Revision,Libya - Flood Storm Daniel (MDRLY005),MDRLY005rea-AR,2023-11-12T00:00:00Z,https://go-api.ifrc.org/api/DownloadFile/85768/MDRLY005rea-AR,LY,"LBY: إعصار - 2023-09 -Libya, Storm Daniel",2023-09-12 00:00:00+00:00,MDRLY005_27559.pdf,2023.0,False,False,Other
MDRLY005,3780,6647.0,27560,Emergency Appeal Revision,Libya - Flood Storm Daniel (MDRLY005),MDRLY005rea,2023-11-12T00:00:00Z,https://go-api.ifrc.org/api/DownloadFile/85768/MDRLY005rea,LY,"LBY: إعصار - 2023-09 -Libya, Storm Daniel",2023-09-12 00:00:00+00:00,MDRLY005_27560.pdf,2023.0,False,False,Other
MDRLY005,3780,6647.0,27561,Operational strategy,Libya - Flood Storm Daniel (MDRLY005),MDRLY005rOS,2023-11-30T00:00:00Z,https://go-api.ifrc.org/api/DownloadFile/86069/MDRLY005rOS,LY,"LBY: إعصار - 2023-09 -Libya, Storm Daniel",2023-09-12 00:00:00+00:00,MDRLY005_27561.pdf,2023.0,False,False,Other
MDRLY005,3780,6647.0,27562,Operations Update,Libya - Flood Storm Daniel (MDRLY005),MDRLY005OU1,2024-01-25T00:00:00Z,https://go-api.ifrc.org/api/DownloadFile/86804/MDRLY005OU1,LY,"LBY: إعصار - 2023-09 -Libya, Storm Daniel",2023-09-12 00:00:00+00:00,MDRLY005_27562.pdf,2023.0,False,False,Other
MDRLY005,3780,6647.0,27563,Operations Update,Libya - Flood Storm Daniel (MDRLY005),MDRLY005OU3,2025-06-23T00:00:00Z,https://go-api.ifrc.org/api/DownloadFile/91457/MDRLY005OU3,LY,"LBY: إعصار - 2023-09 -Libya, Storm Daniel",2023-09-12 00:00:00+00:00,MDRLY005_27563.pdf,2023.0,False,False,Other
MDRLY005,3780,6647.0,27564,Operations Update,Libya - Flood Storm Daniel (MDRLY005),MDRLY005OU2,2024-11-04T00:00:00Z,https://go-api.ifrc.org/api/DownloadFile/89301/MDRLY005OU2,LY,"LBY: إعصار - 2023-09 -Libya, Storm Daniel",2023-09-12 00:00:00+00:00,MDRLY005_27564.pdf,2023.0,False,False,Other
MDRET033,3777,6654.0,27565,DREF/EAP Summary,Ethiopia - Drought EAP (MDRET033),EAP2023ET02 Summary_Ethiopia_Drought,2023-09-12T00:00:00Z,https://go-api.ifrc.org/api/DownloadFile/85201/EAP2023ET02-Summary_Ethiopia_Drought,ET,ETH:Drought(EAP),2023-09-11 00:00:00+00:00,MDRET033_27565.pdf,2023.0,False,False,Other
MDRET033,3777,6654.0,27566,DREF/EAP Activation,Ethiopia - Drought EAP (MDRET033),MDRET033EAP,2026-01-12T00:00:00Z,https://go-api.ifrc.org/api/DownloadFile/94156/MDRET033EAP,ET,ETH:Drought(EAP),2023-09-11 00:00:00+00:00,MDRET033_27566.pdf,2023.0,False,False,Other
MDRET033,3777,6654.0,27567,DREF/EAP Activation,Ethiopia - Drought EAP (MDRET033),MDRET033eapa,2024-09-16T00:00:00Z,https://go-api.ifrc.org/api/DownloadFile/88795/MDRET033eapa,ET,ETH:Drought(EAP),2023-09-11 00:00:00+00:00,MDRET033_27567.pdf,2023.0,False,False,Other
MDRET033,3777,6654.0,27568,DREF/EAP Update,Ethiopia - Drought EAP (MDRET033),MDRET033EAP OU,2026-01-24T00:00:00Z,https://go-api.ifrc.org/api/DownloadFile/94208/MDRET033EAP-OU,ET,ETH:Drought(EAP),2023-09-11 00:00:00+00:00,MDRET033_27568.pdf,2023.0,False,False,Other
MDRET033,3777,6654.0,27569,DREF/EAP Update,Ethiopia - Drought EAP (MDRET033),MDRET033 EAP OU,2025-10-31T00:00:00Z,https://go-api.ifrc.org/api/DownloadFile/93571/MDRET033-EAP-OU,ET,ETH:Drought(EAP),2023-09-11 00:00:00+00:00,MDRET033_27569.pdf,2023.0,False,False,Other
MDRMA010,3778,6646.0,27570,DREF Operation,Morocco - Earthquake (MDRMA010),MDRMA010do,2023-09-11T00:00:00Z,https://go-api.ifrc.org/api/DownloadFile/85195/MDRMA010do,MA,Morocco - Earthquake-2023-09,2023-09-11 00:00:00+00:00,MDRMA010_27570.pdf,2023.0,False,False,Other
MDRMA010,3778,6646.0,27571,Emergency Appeal,Morocco - Earthquake (MDRMA010),MDRMA010EA,2023-09-12T00:00:00Z,https://go-api.ifrc.org/api/DownloadFile/85198/MDRMA010EA,MA,Morocco - Earthquake-2023-09,2023-09-11 00:00:00+00:00,MDRMA010_27571.pdf,2023.0,False,False,Other
MDRMA010,3778,6646.0,27572,Operations Update,Morocco - Earthquake (MDRMA010),MDRMA010OU6,2025-04-30T00:00:00Z,https://go-api.ifrc.org/api/DownloadFile/91008/MDRMA010OU6,MA,Morocco - Earthquake-2023-09,2023-09-11 00:00:00+00:00,MDRMA010_27572.pdf,2023.0,False,False,Other
MDRMA010,3778,6646.0,27573,Operational strategy,Morocco - Earthquake (MDRMA010),MDRMA010OS,2023-11-07T00:00:00Z,https://go-api.ifrc.org/api/DownloadFile/85699/MDRMA010OS,MA,Morocco - Earthquake-2023-09,2023-09-11 00:00:00+00:00,MDRMA010_27573.pdf,2023.0,False,False,Other
MDRMA010,3778,6646.0,27574,Operations Update,Morocco - Earthquake (MDRMA010),MDRMA010OU1,2023-12-14T00:00:00Z,https://go-api.ifrc.org/api/DownloadFile/86308/MDRMA010OU1,MA,Morocco - Earthquake-2023-09,2023-09-11 00:00:00+00:00,MDRMA010_27574.pdf,2023.0,False,False,Other
MDRMA010,3778,6646.0,27575,Operations Update,Morocco - Earthquake (MDRMA010),MDRMA010OU2,2024-02-01T00:00:00Z,https://go-api.ifrc.org/api/DownloadFile/86849/MDRMA010OU2,MA,Morocco - Earthquake-2023-09,2023-09-11 00:00:00+00:00,MDRMA010_27575.pdf,2023.0,False,False,Other
MDRMA010,3778,6646.0,27576,Operations Update,Morocco - Earthquake (MDRMA010),MDRMA010OU3,2024-05-07T00:00:00Z,https://go-api.ifrc.org/api/DownloadFile/87755/MDRMA010OU3,MA,Morocco - Earthquake-2023-09,2023-09-11 00:00:00+00:00,MDRMA010_27576.pdf,2023.0,False,False,Other
MDRMA010,3778,6646.0,27577,12 month update,Morocco - Earthquake (MDRMA010),12 month update,2024-11-16T00:00:00Z,https://adore.ifrc.org/Download.aspx?FileId=840310,MA,Morocco - Earthquake-2023-09,2023-09-11 00:00:00+00:00,MDRMA010_27577.pdf,2023.0,False,False,Other
MDRMA010,3778,6646.0,27578,Operations Update,Morocco - Earthquake (MDRMA010),MDRMA010OU4,2024-08-14T00:00:00Z,https://go-api.ifrc.org/api/DownloadFile/88535/MDRMA010OU4,MA,Morocco - Earthquake-2023-09,2023-09-11 00:00:00+00:00,MDRMA010_27578.pdf,2023.0,False,False,Other
MDRMA010,3778,6646.0,27579,Operational strategy,Morocco - Earthquake (MDRMA010),MDRMA010ROS,2024-11-14T00:00:00Z,https://go-api.ifrc.org/api/DownloadFile/89388/MDRMA010ROS,MA,Morocco - Earthquake-2023-09,2023-09-11 00:00:00+00:00,MDRMA010_27579.pdf,2023.0,False,False,Other
MDRMA010,3778,6646.0,27580,12 month update,Morocco - Earthquake (MDRMA010),MDRMA010OU5,2024-11-16T00:00:00Z,https://go-api.ifrc.org/api/DownloadFile/89399/MDRMA010OU5,MA,Morocco - Earthquake-2023-09,2023-09-11 00:00:00+00:00,MDRMA010_27580.pdf,2023.0,False,False,Other
MDRMA010,3778,6646.0,27581,Operations Update,Morocco - Earthquake (MDRMA010),MDRMA010OU7,2025-10-31T00:00:00Z,https://go-api.ifrc.org/api/DownloadFile/91161/MDRMA010OU7,MA,Morocco - Earthquake-2023-09,2023-09-11 00:00:00+00:00,MDRMA010_27581.pdf,2023.0,False,False,Other
MDRID026,3776,6596.0,27582,DREF Operation,Indonesia - Drought (MDRID026),MDRID026do,2023-09-07T00:00:00Z,https://go-api.ifrc.org/api/DownloadFile/85174/MDRID026do,ID,IDN: Drought - 2023-08 - Drought due to El Nino and IOD Phenomena,2023-09-06 00:00:00+00:00,MDRID026_27582.pdf,2023.0,False,False,Other
MDRID026,3776,6596.0,27583,DREF Operation Final Report,Indonesia - Drought (MDRID026),MDRID026dfr,2025-05-14T00:00:00Z,https://go-api.ifrc.org/api/DownloadFile/85175/MDRID026dfr,ID,IDN: Drought - 2023-08 - Drought due to El Nino and IOD Phenomena,2023-09-06 00:00:00+00:00,MDRID026_27583.pdf,2023.0,True,False,DREF (Missing from JSON)
MDRID026,3776,6596.0,27584,DREF Operation Update,Indonesia - Drought (MDRID026),MDRID026_OU1,2024-03-14T00:00:00Z,https://go-api.ifrc.org/api/DownloadFile/87244/MDRID026_OU1,ID,IDN: Drought - 2023-08 - Drought due to El Nino and IOD Phenomena,2023-09-06 00:00:00+00:00,MDRID026_27584.pdf,2023.0,False,False,Other
MDRET031,3775,6609.0,27585,DREF Operation,Ethiopia - Civil Unrest (MDRET031),MDRET031do,2023-09-14T00:00:00Z,https://go-api.ifrc.org/api/DownloadFile/85228/MDRET031do,ET,ETH: Civil Unrest - 2023-01 - Amhara Crises response,2023-09-05 00:00:00+00:00,MDRET031_27585.pdf,2023.0,False,True,Other
MDRET031,3775,6609.0,27586,DREF Operation Update,Ethiopia - Civil Unrest (MDRET031),MDRET031du1,2023-11-27T00:00:00Z,https://go-api.ifrc.org/api/DownloadFile/86018/MDRET031du1,ET,ETH: Civil Unrest - 2023-01 - Amhara Crises response,2023-09-05 00:00:00+00:00,MDRET031_27586.pdf,2023.0,False,True,Other
MDRET031,3775,6609.0,27587,DREF Operation Final Report,Ethiopia - Civil Unrest (MDRET031),MDRET031dfr,2025-02-11T00:00:00Z,https://go-api.ifrc.org/api/DownloadFile/85229/MDRET031dfr,ET,ETH: Civil Unrest - 2023-01 - Amhara Crises response,2023-09-05 00:00:00+00:00,MDRET031_27587.pdf,2023.0,True,True,DREF (JSON)
MDRCM035,3774,6602.0,27588,DREF Operation,Cameroon - Population Movement (MDRCM035),MDRCM035do,2023-09-12T00:00:00Z,https://go-api.ifrc.org/api/DownloadFile/85199/MDRCM035do,CM,WRC: Population Displacement - 2023-08 - Population Movement MAYO DANAY,2023-09-05 00:00:00+00:00,MDRCM035_27588.pdf,2023.0,False,True,Other
MDRCM035,3774,6602.0,27589,DREF Operation Update,Cameroon - Population Movement (MDRCM035),MDRCM035du1,2023-11-14T00:00:00Z,https://go-api.ifrc.org/api/DownloadFile/85797/MDRCM035du1,CM,WRC: Population Displacement - 2023-08 - Population Movement MAYO DANAY,2023-09-05 00:00:00+00:00,MDRCM035_27589.pdf,2023.0,False,True,Other
MDRCM035,3774,6602.0,27590,DREF Operation Final Report,Cameroon - Population Movement (MDRCM035),MDRCM035dfr,2025-02-27T00:00:00Z,https://go-api.ifrc.org/api/DownloadFile/85200/MDRCM035dfr,CM,WRC: Population Displacement - 2023-08 - Population Movement MAYO DANAY,2023-09-05 00:00:00+00:00,MDRCM035_27590.pdf,2023.0,True,True,DREF (JSON)
MDRKG018,3772,6600.0,27591,DREF Operation,Kyrgyzstan - Epidemic (MDRKG018),MDRKG018do,2023-09-01T00:00:00Z,https://go-api.ifrc.org/api/DownloadFile/85159/MDRKG018do,KG,KGZ: Epidemic - 2023-08 - Measles outbreak in Kyrgyzstan,2023-08-31 00:00:00+00:00,MDRKG018_27591.pdf,2023.0,False,True,Other
MDRKG018,3772,6600.0,27592,DREF Operation Update,Kyrgyzstan - Epidemic (MDRKG018),MDRKG018du,2023-11-22T00:00:00Z,https://go-api.ifrc.org/api/DownloadFile/85849/MDRKG018du,KG,KGZ: Epidemic - 2023-08 - Measles outbreak in Kyrgyzstan,2023-08-31 00:00:00+00:00,MDRKG018_27592.pdf,2023.0,False,True,Other
MDRKG018,3772,6600.0,27593,DREF Operation Update,Kyrgyzstan - Epidemic (MDRKG018),DREF Kyrgyzstan Epidemic 2023,2023-12-28T00:00:00Z,https://go-api.ifrc.org/api/DownloadFile/86584/DREF-Kyrgyzstan-Epidemic-2023,KG,KGZ: Epidemic - 2023-08 - Measles outbreak in Kyrgyzstan,2023-08-31 00:00:00+00:00,MDRKG018_27593.pdf,2023.0,False,True,Other
MDRKG018,3772,6600.0,27594,DREF Operation Final Report,Kyrgyzstan - Epidemic (MDRKG018),MDRKG018dfr,2024-12-27T00:00:00Z,https://go-api.ifrc.org/api/DownloadFile/85162/MDRKG018dfr,KG,KGZ: Epidemic - 2023-08 - Measles outbreak in Kyrgyzstan,2023-08-31 00:00:00+00:00,MDRKG018_27594.pdf,2023.0,True,True,DREF (JSON)
MDRIN028,3773,6619.0,27595,DREF Operation,India - Flood (MDRIN028),MDRIN028do,2023-09-01T00:00:00Z,https://go-api.ifrc.org/api/DownloadFile/85157/MDRIN028do,IN,IND: Flood - 2023-08 - Flood_Himachal & Uttarakhand,2023-08-31 00:00:00+00:00,MDRIN028_27595.pdf,2023.0,False,True,Other
MDRIN028,3773,6619.0,27596,DREF Operation Final Report,India - Flood (MDRIN028),MDRIN028dfr,2024-04-30T00:00:00Z,https://go-api.ifrc.org/api/DownloadFile/85158/MDRIN028dfr,IN,IND: Flood - 2023-08 - Flood_Himachal & Uttarakhand,2023-08-31 00:00:00+00:00,MDRIN028_27596.pdf,2023.0,True,True,DREF (JSON)
MDRKG017,3771,6589.0,27600,DREF Operation,Kyrgyzstan - Flood (MDRKG017),MDRKG017do,2023-08-28T00:00:00Z,https://go-api.ifrc.org/api/DownloadFile/85136/MDRKG017do,KG,KGZ: Flood - 2023-08 - Mudflows Kyrgyzstan Issyk-Kul province,2023-08-25 00:00:00+00:00,MDRKG017_27600.pdf,2023.0,False,True,Other
MDRKG017,3771,6589.0,27601,DREF Operation Final Report,Kyrgyzstan - Flood (MDRKG017),MDRKG017dfr,2024-12-02T00:00:00Z,https://go-api.ifrc.org/api/DownloadFile/85578/MDRKG017dfr,KG,KGZ: Flood - 2023-08 - Mudflows Kyrgyzstan Issyk-Kul province,2023-08-25 00:00:00+00:00,MDRKG017_27601.pdf,2023.0,True,True,DREF (JSON)
MDREC023,3769,6488.0,27602,DREF/EAP Final Report,Ecuador - Floods (MDREC023),EAP2020EC02.MDREC023.fr,2025-04-08T00:00:00Z,https://go-api.ifrc.org/api/DownloadFile/85132/EAP2020EC02.MDREC023.fr,EC,ECU: Flood - 2023-06 - Emerald Floods,2023-08-23 00:00:00+00:00,MDREC023_27602.pdf,2023.0,True,False,Emergency Appeal / Other
MDREC023,3769,6488.0,27603,DREF/EAP Activation,Ecuador - Floods (MDREC023),EAP2020EC02 Activation_Ecuador_Heavy rains,2023-08-24T00:00:00Z,https://go-api.ifrc.org/api/DownloadFile/85117/EAP2020EC02-Activation_Ecuador_Heavy-rains,EC,ECU: Flood - 2023-06 - Emerald Floods,2023-08-23 00:00:00+00:00,MDREC023_27603.pdf,2023.0,False,False,Other
MDREC023,3769,6488.0,27604,DREF/EAP Update,Ecuador - Floods (MDREC023),MDREC023ou,2024-01-24T00:00:00Z,https://go-api.ifrc.org/api/DownloadFile/86801/MDREC023ou,EC,ECU: Flood - 2023-06 - Emerald Floods,2023-08-23 00:00:00+00:00,MDREC023_27604.pdf,2023.0,False,False,Other
MDREC023,3769,6488.0,27605,DREF/EAP Update,Ecuador - Floods (MDREC023),MDREC023ou2,2024-02-21T00:00:00Z,https://go-api.ifrc.org/api/DownloadFile/87028/MDREC023ou2,EC,ECU: Flood - 2023-06 - Emerald Floods,2023-08-23 00:00:00+00:00,MDREC023_27605.pdf,2023.0,False,False,Other
MDRSY011,3767,6599.0,27606,DREF Operation,Syria - Drought (MDRSY011),MDRSY011do,2023-08-24T00:00:00Z,https://go-api.ifrc.org/api/DownloadFile/85114/MDRSY011do,SY,SYR: Drought - 2023-05 - Syria Droughts 2023,2023-08-23 00:00:00+00:00,MDRSY011_27606.pdf,2023.0,False,True,Other
MDRSY011,3767,6599.0,27607,DREF Operation Final Report,Syria - Drought (MDRSY011),MDRSY011fr,2025-06-10T00:00:00Z,https://go-api.ifrc.org/api/DownloadFile/89666/MDRSY011fr,SY,SYR: Drought - 2023-05 - Syria Droughts 2023,2023-08-23 00:00:00+00:00,MDRSY011_27607.pdf,2023.0,True,True,DREF (JSON)
MDRGN015,3768,6585.0,27608,DREF Operation,Guinea - Floods : Coyah (MDRGN015),MDRGN015do,2023-08-31T00:00:00Z,https://go-api.ifrc.org/api/DownloadFile/85153/MDRGN015do,GN,GIN: Flood - 2023-08 - Coyah Floods,2023-08-23 00:00:00+00:00,MDRGN015_27608.pdf,2023.0,False,True,Other
MDRGN015,3768,6585.0,27609,DREF Operation Update,Guinea - Floods : Coyah (MDRGN015),MDRGN015ou1,2023-11-30T00:00:00Z,https://go-api.ifrc.org/api/DownloadFile/86066/MDRGN015ou1,GN,GIN: Flood - 2023-08 - Coyah Floods,2023-08-23 00:00:00+00:00,MDRGN015_27609.pdf,2023.0,False,True,Other
MDRGN015,3768,6585.0,27610,DREF Operation Final Report,Guinea - Floods : Coyah (MDRGN015),MDRGN015dfr,2025-02-13T00:00:00Z,https://go-api.ifrc.org/api/DownloadFile/85154/MDRGN015dfr,GN,GIN: Flood - 2023-08 - Coyah Floods,2023-08-23 00:00:00+00:00,MDRGN015_27610.pdf,2023.0,True,True,DREF (JSON)
MDRMR015,3766,6586.0,27611,DREF Operation,Mauritania - Floods (MDRMR015),MDRMR015do,2023-08-30T00:00:00Z,https://go-api.ifrc.org/api/DownloadFile/85150/MDRMR015do,MR,MRT: Flood - 2023-07 - Boghé Flood 2023,2023-08-19 00:00:00+00:00,MDRMR015_27611.pdf,2023.0,False,True,Other
MDRMR015,3766,6586.0,27612,DREF Operation Update,Mauritania - Floods (MDRMR015),MDRMR015ou1,2023-12-28T00:00:00Z,https://go-api.ifrc.org/api/DownloadFile/86583/MDRMR015ou1,MR,MRT: Flood - 2023-07 - Boghé Flood 2023,2023-08-19 00:00:00+00:00,MDRMR015_27612.pdf,2023.0,False,True,Other
MDRMR015,3766,6586.0,27613,DREF Operation Final Report,Mauritania - Floods (MDRMR015),MDRMR015dfr,2025-11-28T00:00:00Z,https://go-api.ifrc.org/api/DownloadFile/85151/MDRMR015dfr,MR,MRT: Flood - 2023-07 - Boghé Flood 2023,2023-08-19 00:00:00+00:00,MDRMR015_27613.pdf,2023.0,True,True,DREF (JSON)
MDRNE028,3765,6624.0,27614,DREF Operation,Niger - Imminent Floods (MDRNE028),MDRNE028do,2023-08-20T00:00:00Z,https://go-api.ifrc.org/api/DownloadFile/85097/MDRNE028do,NE,NER: Imminent floods 2023,2023-08-17 00:00:00+00:00,MDRNE028_27614.pdf,2023.0,False,True,Other
MDRNE028,3765,6624.0,27615,DREF Operation Update,Niger - Imminent Floods (MDRNE028),MDRNE028du1,2023-11-13T00:00:00Z,https://go-api.ifrc.org/api/DownloadFile/85770/MDRNE028du1,NE,NER: Imminent floods 2023,2023-08-17 00:00:00+00:00,MDRNE028_27615.pdf,2023.0,False,True,Other
MDRNE028,3765,6624.0,27616,DREF Operation Final Report,Niger - Imminent Floods (MDRNE028),MDRNE028dfr,2025-07-18T00:00:00Z,https://go-api.ifrc.org/api/DownloadFile/85098/MDRNE028dfr,NE,NER: Imminent floods 2023,2023-08-17 00:00:00+00:00,MDRNE028_27616.pdf,2023.0,True,True,DREF (JSON)
MDRVN023,3763,6592.0,27617,DREF Operation,Viet Nam - Flash floods (MDRVN023),MDRVN023do,2023-08-18T00:00:00Z,https://go-api.ifrc.org/api/DownloadFile/85092/MDRVN023do,VN,VNM: Flood - 2023-08 - VNM: Flood - 2023-08 - flash flood and landslide,2023-08-17 00:00:00+00:00,MDRVN023_27617.pdf,2023.0,False,True,Other
MDRVN023,3763,6592.0,27618,DREF Operation Update,Viet Nam - Flash floods (MDRVN023),MDRVN023_OU1,2024-02-23T00:00:00Z,https://go-api.ifrc.org/api/DownloadFile/87043/MDRVN023_OU1,VN,VNM: Flood - 2023-08 - VNM: Flood - 2023-08 - flash flood and landslide,2023-08-17 00:00:00+00:00,MDRVN023_27618.pdf,2023.0,False,True,Other
MDRVN023,3763,6592.0,27619,DREF Operation Final Report,Viet Nam - Flash floods (MDRVN023),MDRVN023dfr,2024-06-30T00:00:00Z,https://go-api.ifrc.org/api/DownloadFile/85093/MDRVN023dfr,VN,VNM: Flood - 2023-08 - VNM: Flood - 2023-08 - flash flood and landslide,2023-08-17 00:00:00+00:00,MDRVN023_27619.pdf,2023.0,True,True,DREF (JSON)
MDRSI003,3764,6576.0,27620,DREF Operation Final Report,Slovenia - Floods (MDRSI003),MDRSI003dfr,2025-04-02T00:00:00Z,https://go-api.ifrc.org/api/DownloadFile/85081/MDRSI003dfr,SI,Slovenia: Floods,2023-08-16 00:00:00+00:00,MDRSI003_27620.pdf,2023.0,True,True,DREF (JSON)
MDRSI003,3764,6576.0,27621,DREF Operation,Slovenia - Floods (MDRSI003),MDRSI003_do,2023-08-17T00:00:00Z,https://go-api.ifrc.org/api/DownloadFile/85080/MDRSI003_do,SI,Slovenia: Floods,2023-08-16 00:00:00+00:00,MDRSI003_27621.pdf,2023.0,False,True,Other
MDRSI003,3764,6576.0,27622,DREF Operation Update,Slovenia - Floods (MDRSI003),MDRSI003du1,2024-02-02T00:00:00Z,https://go-api.ifrc.org/api/DownloadFile/86853/MDRSI003du1,SI,Slovenia: Floods,2023-08-16 00:00:00+00:00,MDRSI003_27622.pdf,2023.0,False,True,Other
MDRLA009,3762,6591.0,27623,DREF Operation,Laos - Flood (MDRLA009),MDRLA009do,2023-08-16T00:00:00Z,https://go-api.ifrc.org/api/DownloadFile/85077/MDRLA009do,LA,LAO: Flood - 2023-08 - Floods,2023-08-15 00:00:00+00:00,MDRLA009_27623.pdf,2023.0,False,True,Other
MDRLA009,3762,6591.0,27624,DREF Operation Update,Laos - Flood (MDRLA009),MDRLA009OU1,2023-09-18T00:00:00Z,https://go-api.ifrc.org/api/DownloadFile/85243/MDRLA009OU1,LA,LAO: Flood - 2023-08 - Floods,2023-08-15 00:00:00+00:00,MDRLA009_27624.pdf,2023.0,False,True,Other
MDRLA009,3762,6591.0,27625,DREF Operation Final Report,Laos - Flood (MDRLA009),MDRLA009fnr,2024-05-31T00:00:00Z,https://go-api.ifrc.org/api/DownloadFile/85078/MDRLA009fnr,LA,LAO: Flood - 2023-08 - Floods,2023-08-15 00:00:00+00:00,MDRLA009_27625.pdf,2023.0,True,True,DREF (JSON)
MDRLB014,3760,6570.0,27626,DREF Operation,Lebanon - Civil Unrest (MDRLB014),MDRLB014do,2023-08-11T00:00:00Z,https://go-api.ifrc.org/api/DownloadFile/85050/MDRLB014do,LB,LBN: Civil Unrest - 2023-07 - Ain Al Helwe Clashes,2023-08-10 00:00:00+00:00,MDRLB014_27626.pdf,2023.0,False,True,Other
MDRLB014,3760,6570.0,27627,DREF Operation Final Report,Lebanon - Civil Unrest (MDRLB014),MDRLB014fr,2024-08-01T00:00:00Z,https://go-api.ifrc.org/api/DownloadFile/88438/MDRLB014fr,LB,LBN: Civil Unrest - 2023-07 - Ain Al Helwe Clashes,2023-08-10 00:00:00+00:00,MDRLB014_27627.pdf,2023.0,True,True,DREF (JSON)
MDRSY010,3761,6564.0,27628,DREF Operation,Syria - Wild fire (MDRSY010),MDRSY010do,2023-08-11T00:00:00Z,https://go-api.ifrc.org/api/DownloadFile/85051/MDRSY010do,SY,SYR: Fire - 2023-07 - Syria Wild Fires July 2023,2023-08-10 00:00:00+00:00,MDRSY010_27628.pdf,2023.0,False,True,Other
MDRSY010,3761,6564.0,27629,DREF Operation Final Report,Syria - Wild fire (MDRSY010),MDRSY010fr,2025-06-03T00:00:00Z,https://go-api.ifrc.org/api/DownloadFile/89665/MDRSY010fr,SY,SYR: Fire - 2023-07 - Syria Wild Fires July 2023,2023-08-10 00:00:00+00:00,MDRSY010_27629.pdf,2023.0,True,True,DREF (JSON)
MDRKG016,3759,6082.0,27630,DREF/EAP Summary,Kyrgyzstan - Heatwave (MDRKG016),EAP2023KG02_MDRKG016,2023-08-24T00:00:00Z,https://go-api.ifrc.org/api/DownloadFile/85120/EAP2023KG02_MDRKG016,KG,Kyrgyzstan - Heat wave,2022-07-18 00:00:00+00:00,MDRKG016_27630.pdf,2022.0,False,False,Other
MDRKG016,3759,6082.0,27631,DREF/EAP Activation,Kyrgyzstan - Heatwave (MDRKG016),MDRKG016eapa,2025-07-15T00:00:00Z,https://go-api.ifrc.org/api/DownloadFile/91751/MDRKG016eapa,KG,Kyrgyzstan - Heat wave,2022-07-18 00:00:00+00:00,MDRKG016_27631.pdf,2022.0,False,False,Other
MDRKG016,3759,6082.0,27632,DREF/EAP Update,Kyrgyzstan - Heatwave (MDRKG016),MDRKG016_eapar,2025-09-24T00:00:00Z,https://go-api.ifrc.org/api/DownloadFile/91065/MDRKG016_eapar,KG,Kyrgyzstan - Heat wave,2022-07-18 00:00:00+00:00,MDRKG016_27632.pdf,2022.0,False,False,Other
MDRDZ009,3756,6565.0,27633,DREF Operation,Algeria - wild fires (MDRDZ009),MDRDZ009do,2023-08-07T00:00:00Z,https://go-api.ifrc.org/api/DownloadFile/84992/MDRDZ009do,DZ,DZA: Fire - 2023-07 - Northeast Wildfires,2023-08-07 00:00:00+00:00,MDRDZ009_27633.pdf,2023.0,False,True,Other
MDRDZ009,3756,6565.0,27634,DREF Operation Final Report,Algeria - wild fires (MDRDZ009),MDRDZ009fr,2025-04-23T00:00:00Z,https://go-api.ifrc.org/api/DownloadFile/89662/MDRDZ009fr,DZ,DZA: Fire - 2023-07 - Northeast Wildfires,2023-08-07 00:00:00+00:00,MDRDZ009_27634.pdf,2023.0,True,True,DREF (JSON)
MDRDZ009,3756,6565.0,27635,DREF Operation Update,Algeria - wild fires (MDRDZ009),MDRDZ009ou,2024-01-09T00:00:00Z,https://go-api.ifrc.org/api/DownloadFile/86628/MDRDZ009ou,DZ,DZA: Fire - 2023-07 - Northeast Wildfires,2023-08-07 00:00:00+00:00,MDRDZ009_27635.pdf,2023.0,False,True,Other
MDRHN019,3758,6561.0,27636,DREF Operation,Honduras - dengue (MDRHN019),MDRHN019do,2023-08-07T00:00:00Z,https://go-api.ifrc.org/api/DownloadFile/84993/MDRHN019do,HN,HND: Others - 2023-07 - Dengue epidemic outbreak,2023-08-07 00:00:00+00:00,MDRHN019_27636.pdf,2023.0,False,True,Other
MDRHN019,3758,6561.0,27637,DREF Operation Update,Honduras - dengue (MDRHN019),MDRHN019ou1,2023-12-11T00:00:00Z,https://go-api.ifrc.org/api/DownloadFile/86219/MDRHN019ou1,HN,HND: Others - 2023-07 - Dengue epidemic outbreak,2023-08-07 00:00:00+00:00,MDRHN019_27637.pdf,2023.0,False,True,Other
MDRHN019,3758,6561.0,27638,DREF Operation Update,Honduras - dengue (MDRHN019),MDRHN019ou2,2024-01-24T00:00:00Z,https://go-api.ifrc.org/api/DownloadFile/86786/MDRHN019ou2,HN,HND: Others - 2023-07 - Dengue epidemic outbreak,2023-08-07 00:00:00+00:00,MDRHN019_27638.pdf,2023.0,False,True,Other
MDRHN019,3758,6561.0,27639,DREF Operation Final Report,Honduras - dengue (MDRHN019),MDRHN019fr,2024-06-05T00:00:00Z,https://go-api.ifrc.org/api/DownloadFile/84994/MDRHN019fr,HN,HND: Others - 2023-07 - Dengue epidemic outbreak,2023-08-07 00:00:00+00:00,MDRHN019_27639.pdf,2023.0,True,True,DREF (JSON)
MDRGH018,3754,6625.0,27640,DREF Operation Final Report,Ghana - Floods (MDRGH018),MDRGH018dfr,2025-04-09T00:00:00Z,https://go-api.ifrc.org/api/DownloadFile/85720/MDRGH018dfr,GH,GHA: 2023 Imminent floods,2023-08-05 00:00:00+00:00,MDRGH018_27640.pdf,2023.0,True,False,DREF (Missing from JSON)
MDRGH018,3754,6625.0,27641,DREF Operation,Ghana - Floods (MDRGH018),MDRGH018do,2023-08-09T00:00:00Z,https://go-api.ifrc.org/api/DownloadFile/85003/MDRGH018do,GH,GHA: 2023 Imminent floods,2023-08-05 00:00:00+00:00,MDRGH018_27641.pdf,2023.0,False,False,Other
MDRGH018,3754,6625.0,27642,DREF Operation Update,Ghana - Floods (MDRGH018),MDRGH018ou1_1,2023-11-08T00:00:00Z,https://go-api.ifrc.org/api/DownloadFile/85719/MDRGH018ou1_1,GH,GHA: 2023 Imminent floods,2023-08-05 00:00:00+00:00,MDRGH018_27642.pdf,2023.0,False,False,Other
MDRGH018,3754,6625.0,27643,DREF Operation Update,Ghana - Floods (MDRGH018),MDRGH018ou2,2024-03-04T00:00:00Z,https://go-api.ifrc.org/api/DownloadFile/87092/MDRGH018ou2,GH,GHA: 2023 Imminent floods,2023-08-05 00:00:00+00:00,MDRGH018_27643.pdf,2023.0,False,False,Other
MDRPH052,3757,6562.0,27644,DREF Operation,Philippines - Typhoon (MDRPH052),MDRPH052do,2023-08-07T00:00:00Z,https://go-api.ifrc.org/api/DownloadFile/84988/MDRPH052do,PH,Super Typhoon Doksuri,2023-08-05 00:00:00+00:00,MDRPH052_27644.pdf,2023.0,False,True,Other
MDRPH052,3757,6562.0,27645,DREF Operation Final Report,Philippines - Typhoon (MDRPH052),MDRPH052fnr,2024-05-31T00:00:00Z,https://go-api.ifrc.org/api/DownloadFile/84989/MDRPH052fnr,PH,Super Typhoon Doksuri,2023-08-05 00:00:00+00:00,MDRPH052_27645.pdf,2023.0,True,True,DREF (JSON)
MDRAF012,3755,6560.0,27646,DREF Operation,Afghanistan - Floods (MDRAF012),MDRAF012do,2023-08-07T00:00:00Z,https://go-api.ifrc.org/api/DownloadFile/84990/MDRAF012do,AF,Flash Flood 2023,2023-08-05 00:00:00+00:00,MDRAF012_27646.pdf,2023.0,False,True,Other
MDRAF012,3755,6560.0,27647,DREF Operation Final Report,Afghanistan - Floods (MDRAF012),MDRAF012dfr,2024-03-31T00:00:00Z,https://go-api.ifrc.org/api/DownloadFile/84991/MDRAF012dfr,AF,Flash Flood 2023,2023-08-05 00:00:00+00:00,MDRAF012_27647.pdf,2023.0,True,True,DREF (JSON)
MDRCM034,3753,6554.0,27648,DREF Operation,Cameroon - Floods (MDRCM034),MDRCM034do,2023-08-09T00:00:00Z,https://go-api.ifrc.org/api/DownloadFile/85016/MDRCM034do,CM,WRC: Flood - 2023-07 - FLOODS FAKO,2023-08-03 00:00:00+00:00,MDRCM034_27648.pdf,2023.0,False,True,Other
MDRCM034,3753,6554.0,27649,DREF Operation Final Report,Cameroon - Floods (MDRCM034),MDRCM034dfr,2024-07-04T00:00:00Z,https://go-api.ifrc.org/api/DownloadFile/85017/MDRCM034dfr,CM,WRC: Flood - 2023-07 - FLOODS FAKO,2023-08-03 00:00:00+00:00,MDRCM034_27649.pdf,2023.0,True,True,DREF (JSON)
MDRZW022,3752,6626.0,27650,DREF Operation,Zimbabwe - Elections Preparedness (MDRZW022),MDRZW022do,2023-08-06T00:00:00Z,https://go-api.ifrc.org/api/DownloadFile/84985/MDRZW022do,ZW,ZWE: Election Preparedness,2023-08-02 00:00:00+00:00,MDRZW022_27650.pdf,2023.0,False,True,Other
MDRZW022,3752,6626.0,27651,DREF Operation Final Report,Zimbabwe - Elections Preparedness (MDRZW022),MDRZW022dfr,2024-09-13T00:00:00Z,https://go-api.ifrc.org/api/DownloadFile/84986/MDRZW022dfr,ZW,ZWE: Election Preparedness,2023-08-02 00:00:00+00:00,MDRZW022_27651.pdf,2023.0,True,True,DREF (JSON)
MDRLY004,3750,6544.0,27652,DREF Operation,Libya - Population Movement (MDRLY004),MDRLY004do,2023-07-31T00:00:00Z,https://go-api.ifrc.org/api/DownloadFile/84941/MDRLY004do,LY,LBY: Other - 2023-07 - Migrant Movement ,2023-07-29 00:00:00+00:00,MDRLY004_27652.pdf,2023.0,False,False,Other
MDRLY004,3750,6544.0,27653,DREF Operation Update,Libya - Population Movement (MDRLY004),MDRLY004ou,2023-12-04T00:00:00Z,https://go-api.ifrc.org/api/DownloadFile/86108/MDRLY004ou,LY,LBY: Other - 2023-07 - Migrant Movement ,2023-07-29 00:00:00+00:00,MDRLY004_27653.pdf,2023.0,False,False,Other
MDRLY004,3750,6544.0,27654,DREF Operation Final Report,Libya - Population Movement (MDRLY004),MDRLY004fr,2025-01-15T00:00:00Z,https://go-api.ifrc.org/api/DownloadFile/89659/MDRLY004fr,LY,LBY: Other - 2023-07 - Migrant Movement ,2023-07-29 00:00:00+00:00,MDRLY004_27654.pdf,2023.0,True,False,DREF (Missing from JSON)
MDRCG021,3751,6552.0,27655,DREF Operation,Republic of Congo - Cholera Outbreak (MDRCG021),MDRCG021do,2023-08-01T00:00:00Z,https://go-api.ifrc.org/api/DownloadFile/84946/MDRCG021do,CG,COG: Other - 2023-07 - Cholera Epidemic - Shigellosis and Tyhoid Fever,2023-07-29 00:00:00+00:00,MDRCG021_27655.pdf,2023.0,False,True,Other
MDRCG021,3751,6552.0,27656,DREF Operation Final Report,Republic of Congo - Cholera Outbreak (MDRCG021),MDRCG021dfr,2024-07-17T00:00:00Z,https://go-api.ifrc.org/api/DownloadFile/84947/MDRCG021dfr,CG,COG: Other - 2023-07 - Cholera Epidemic - Shigellosis and Tyhoid Fever,2023-07-29 00:00:00+00:00,MDRCG021_27656.pdf,2023.0,True,True,DREF (JSON)
MDRZA014,3749,6548.0,27657,DREF Operation Update,South Africa - Fire (MDRZA014),MDRZA014du1,2023-09-15T00:00:00Z,https://go-api.ifrc.org/api/DownloadFile/85240/MDRZA014du1,ZA,ZAF: Fire - 2023-07 - Shack Fires,2023-07-27 00:00:00+00:00,MDRZA014_27657.pdf,2023.0,False,True,Other
MDRZA014,3749,6548.0,27658,DREF Operation Final Report,South Africa - Fire (MDRZA014),MDRZA014dfr,2025-02-24T00:00:00Z,https://go-api.ifrc.org/api/DownloadFile/84936/MDRZA014dfr,ZA,ZAF: Fire - 2023-07 - Shack Fires,2023-07-27 00:00:00+00:00,MDRZA014_27658.pdf,2023.0,True,True,DREF (JSON)
MDRGA011,3748,6628.0,27659,DREF Operation,Gabon - Election Preparedness (MDRGA011),MDRGA011do,2023-08-04T00:00:00Z,https://go-api.ifrc.org/api/DownloadFile/84962/MDRGA011do,GA,GAB: 2023 Election preparedness,2023-07-27 00:00:00+00:00,MDRGA011_27659.pdf,2023.0,False,True,Other
MDRGA011,3748,6628.0,27660,DREF Operation Update,Gabon - Election Preparedness (MDRGA011),MDRGA011du1,2023-09-14T00:00:00Z,https://go-api.ifrc.org/api/DownloadFile/85218/MDRGA011du1,GA,GAB: 2023 Election preparedness,2023-07-27 00:00:00+00:00,MDRGA011_27660.pdf,2023.0,False,True,Other
MDRGA011,3748,6628.0,27661,DREF Operation Final Report,Gabon - Election Preparedness (MDRGA011),MDRGA011dfr,2024-08-15T00:00:00Z,https://go-api.ifrc.org/api/DownloadFile/84963/MDRGA011dfr,GA,GAB: 2023 Election preparedness,2023-07-27 00:00:00+00:00,MDRGA011_27661.pdf,2023.0,True,True,DREF (JSON)
MDRPK024,3747,6559.0,27662,DREF/EAP Update,Pakistan - Riverine Flood EAP (MDRPK024),MDRPK024eapar2024,2025-03-31T00:00:00Z,https://go-api.ifrc.org/api/DownloadFile/87133/MDRPK024eapar2024,PK,Flood - Monsoon Rains in Pakistan,2023-07-24 00:00:00+00:00,MDRPK024_27662.pdf,2023.0,False,False,Other
MDRPK024,3747,6559.0,27663,DREF/EAP Summary,Pakistan - Riverine Flood EAP (MDRPK024),EAP2023PK01_MDRPK024,2023-08-22T00:00:00Z,https://go-api.ifrc.org/api/DownloadFile/85102/EAP2023PK01_MDRPK024,PK,Flood - Monsoon Rains in Pakistan,2023-07-24 00:00:00+00:00,MDRPK024_27663.pdf,2023.0,False,False,Other
MDRPK024,3747,6559.0,27664,DREF/EAP Update,Pakistan - Riverine Flood EAP (MDRPK024),EAP2023PK01_MDRPK024eapar,2024-06-11T00:00:00Z,https://go-api.ifrc.org/api/DownloadFile/87132/EAP2023PK01_MDRPK024eapar,PK,Flood - Monsoon Rains in Pakistan,2023-07-24 00:00:00+00:00,MDRPK024_27664.pdf,2023.0,False,False,Other
MDRPK024,3747,6559.0,27665,DREF/EAP Final Report,Pakistan - Riverine Flood EAP (MDRPK024),MDRPK024seapfr,2026-01-30T00:00:00Z,https://go-api.ifrc.org/api/DownloadFile/87134/MDRPK024seapfr,PK,Flood - Monsoon Rains in Pakistan,2023-07-24 00:00:00+00:00,MDRPK024_27665.pdf,2023.0,True,False,Emergency Appeal / Other
MDRPK024,3747,6559.0,27666,DREF/EAP Update,Pakistan - Riverine Flood EAP (MDRPK024),MDRPK024OU1,2025-06-30T00:00:00Z,https://go-api.ifrc.org/api/DownloadFile/91552/MDRPK024OU1,PK,Flood - Monsoon Rains in Pakistan,2023-07-24 00:00:00+00:00,MDRPK024_27666.pdf,2023.0,False,False,Other
MDRBD031,3746,6545.0,27667,DREF Operation,Bangladesh - Dengue (MDRBD031),MDRBD031do,2023-07-24T00:00:00Z,https://go-api.ifrc.org/api/DownloadFile/84896/MDRBD031do,BD,Bangladesh - Dengue 2023,2023-07-23 00:00:00+00:00,MDRBD031_27667.pdf,2023.0,False,True,Other
MDRBD031,3746,6545.0,27668,DREF Operation Final Report,Bangladesh - Dengue (MDRBD031),MDRBD031dfr,2024-02-29T00:00:00Z,https://go-api.ifrc.org/api/DownloadFile/84897/MDRBD031dfr,BD,Bangladesh - Dengue 2023,2023-07-23 00:00:00+00:00,MDRBD031_27668.pdf,2023.0,True,True,DREF (JSON)
MDRVE008,3744,6525.0,27669,DREF Operation,Venezuela - Anticipatory Actions for Floods (MDRVE008),MDRVE008ac,2023-07-11T00:00:00Z,https://go-api.ifrc.org/api/DownloadFile/84815/MDRVE008ac,VE,VEN: Anticipatory actions - Floods 2023,2023-07-10 00:00:00+00:00,MDRVE008_27669.pdf,2023.0,False,True,Other
MDRVE008,3744,6525.0,27670,DREF Operation Final Report,Venezuela - Anticipatory Actions for Floods (MDRVE008),MDRVE008fr,2024-11-07T00:00:00Z,https://go-api.ifrc.org/api/DownloadFile/84816/MDRVE008fr,VE,VEN: Anticipatory actions - Floods 2023,2023-07-10 00:00:00+00:00,MDRVE008_27670.pdf,2023.0,True,True,DREF (JSON)
MDRMN019,3745,6535.0,27671,DREF Operation,Mongolia - Flood 2023 (MDRMN019),MDRMN019do,2023-07-11T00:00:00Z,https://go-api.ifrc.org/api/DownloadFile/84813/MDRMN019do,MN,MNG: Flood - 2023-07 - Flood,2023-07-10 00:00:00+00:00,MDRMN019_27671.pdf,2023.0,False,True,Other
MDRMN019,3745,6535.0,27672,DREF Operation Final Report,Mongolia - Flood 2023 (MDRMN019),MDRMN019dfr,2023-12-31T00:00:00Z,https://go-api.ifrc.org/api/DownloadFile/84814/MDRMN019dfr,MN,MNG: Flood - 2023-07 - Flood,2023-07-10 00:00:00+00:00,MDRMN019_27672.pdf,2023.0,True,True,DREF (JSON)
MDRCL016,3743,6527.0,27673,DREF Operation,Chile - Floods June 2023 (MDRCL016),MDRCL016do,2023-07-06T00:00:00Z,https://go-api.ifrc.org/api/DownloadFile/84795/MDRCL016do,CL,CHL: Pluvial Flood - 2023-06 - Floods - Chile 2023,2023-07-05 00:00:00+00:00,MDRCL016_27673.pdf,2023.0,False,True,Other
MDRCL016,3743,6527.0,27674,DREF Operation Final Report,Chile - Floods June 2023 (MDRCL016),MDRCL016fr,2024-04-30T00:00:00Z,https://go-api.ifrc.org/api/DownloadFile/84796/MDRCL016fr,CL,CHL: Pluvial Flood - 2023-06 - Floods - Chile 2023,2023-07-05 00:00:00+00:00,MDRCL016_27674.pdf,2023.0,True,True,DREF (JSON)
MDRRS015,3742,6506.0,27675,DREF Operation,Serbia - Flood June 2023 (MDRRS015),MDRRS015do,2023-07-03T00:00:00Z,https://go-api.ifrc.org/api/DownloadFile/84779/MDRRS015do,RS,SRB: Flood - 2023-06 - June floods,2023-07-02 00:00:00+00:00,MDRRS015_27675.pdf,2023.0,False,True,Other
MDRRS015,3742,6506.0,27676,DREF Operation Update,Serbia - Flood June 2023 (MDRRS015),MDRRS015du,2023-11-29T00:00:00Z,https://go-api.ifrc.org/api/DownloadFile/85848/MDRRS015du,RS,SRB: Flood - 2023-06 - June floods,2023-07-02 00:00:00+00:00,MDRRS015_27676.pdf,2023.0,False,True,Other
MDRRS015,3742,6506.0,27677,DREF Operation Final Report,Serbia - Flood June 2023 (MDRRS015),MDRRS015dfr,2024-05-10T00:00:00Z,https://go-api.ifrc.org/api/DownloadFile/84780/MDRRS015dfr,RS,SRB: Flood - 2023-06 - June floods,2023-07-02 00:00:00+00:00,MDRRS015_27677.pdf,2023.0,True,True,DREF (JSON)
MDRAM011,3740,6507.0,27678,DREF Operation,Armenia - Hailstorm 2023 (MDRAM011),MDRAM011do,2023-06-30T00:00:00Z,https://go-api.ifrc.org/api/DownloadFile/84730/MDRAM011do,AM,ARM: Other - 2023-06 - Hailstorm,2023-06-29 00:00:00+00:00,MDRAM011_27678.pdf,2023.0,False,True,Other
MDRAM011,3740,6507.0,27679,DREF Operation Update,Armenia - Hailstorm 2023 (MDRAM011),MDRAM011du,2023-08-28T00:00:00Z,https://go-api.ifrc.org/api/DownloadFile/85138/MDRAM011du,AM,ARM: Other - 2023-06 - Hailstorm,2023-06-29 00:00:00+00:00,MDRAM011_27679.pdf,2023.0,False,True,Other
MDRAM011,3740,6507.0,27680,DREF Operation Final Report,Armenia - Hailstorm 2023 (MDRAM011),MDRAM011dfr,2024-12-23T00:00:00Z,https://go-api.ifrc.org/api/DownloadFile/84731/MDRAM011dfr,AM,ARM: Other - 2023-06 - Hailstorm,2023-06-29 00:00:00+00:00,MDRAM011_27680.pdf,2023.0,True,True,DREF (JSON)
MDRGE017,3741,6508.0,27681,DREF Operation,Georgia - Flash Floods (MDRGE017),MDRGE017do,2023-06-30T00:00:00Z,https://go-api.ifrc.org/api/DownloadFile/84732/MDRGE017do,GE,GEO: Pluvial/Flash Flood - 2023-06 - Flash Floods in Eastern Georgia,2023-06-29 00:00:00+00:00,MDRGE017_27681.pdf,2023.0,False,True,Other
MDRGE017,3741,6508.0,27682,DREF Operation Update,Georgia - Flash Floods (MDRGE017),MDRGE017du,2023-08-02T00:00:00Z,https://go-api.ifrc.org/api/DownloadFile/84948/MDRGE017du,GE,GEO: Pluvial/Flash Flood - 2023-06 - Flash Floods in Eastern Georgia,2023-06-29 00:00:00+00:00,MDRGE017_27682.pdf,2023.0,False,True,Other
MDRGE017,3741,6508.0,27683,DREF Operation Final Report,Georgia - Flash Floods (MDRGE017),MDRGE017dfr,2025-01-20T00:00:00Z,https://go-api.ifrc.org/api/DownloadFile/84734/MDRGE017dfr,GE,GEO: Pluvial/Flash Flood - 2023-06 - Flash Floods in Eastern Georgia,2023-06-29 00:00:00+00:00,MDRGE017_27683.pdf,2023.0,True,True,DREF (JSON)
MDRHT020,3738,6493.0,27684,DREF Operation,Haiti - Floods June 2023 (MDRHT020),MDRHT020 Haiti Floods,2023-06-19T00:00:00Z,https://go-api.ifrc.org/api/DownloadFile/84646/MDRHT020-Haiti-Floods,HT,HTI: Floods - 2023 - 06 - Haiti Floods,2023-06-18 00:00:00+00:00,MDRHT020_27684.pdf,2023.0,False,True,Other
MDRHT020,3738,6493.0,27685,DREF Operation Update,Haiti - Floods June 2023 (MDRHT020),MDRHT020ou1,2023-10-20T00:00:00Z,https://go-api.ifrc.org/api/DownloadFile/85561/MDRHT020ou1,HT,HTI: Floods - 2023 - 06 - Haiti Floods,2023-06-18 00:00:00+00:00,MDRHT020_27685.pdf,2023.0,False,True,Other
MDRHT020,3738,6493.0,27686,DREF Operation Final Report,Haiti - Floods June 2023 (MDRHT020),MDRHT020fr,2024-06-07T00:00:00Z,https://go-api.ifrc.org/api/DownloadFile/84643/MDRHT020fr,HT,HTI: Floods - 2023 - 06 - Haiti Floods,2023-06-18 00:00:00+00:00,MDRHT020_27686.pdf,2023.0,True,True,DREF (JSON)
MDRDO015,3737,6485.0,27687,DREF Operation,Dominican Republic - Floods June 2023 (MDRDO015),MDRDO015do,2023-06-19T00:00:00Z,https://go-api.ifrc.org/api/DownloadFile/84644/MDRDO015do,DO,DOM: Floods - 2023-06 - Affected by Vaguada in southern region of the country,2023-06-18 00:00:00+00:00,MDRDO015_27687.pdf,2023.0,False,True,Other
MDRDO015,3737,6485.0,27688,DREF Operation Update,Dominican Republic - Floods June 2023 (MDRDO015),MDRDO015do,2023-09-05T00:00:00Z,https://go-api.ifrc.org/api/DownloadFile/85170/MDRDO015do,DO,DOM: Floods - 2023-06 - Affected by Vaguada in southern region of the country,2023-06-18 00:00:00+00:00,MDRDO015_27688.pdf,2023.0,False,True,Other
MDRDO015,3737,6485.0,27689,DREF Operation Final Report,Dominican Republic - Floods June 2023 (MDRDO015),MDRDO015fr,2024-06-11T00:00:00Z,https://go-api.ifrc.org/api/DownloadFile/84645/MDRDO015fr,DO,DOM: Floods - 2023-06 - Affected by Vaguada in southern region of the country,2023-06-18 00:00:00+00:00,MDRDO015_27689.pdf,2023.0,True,True,DREF (JSON)
MDRPH051,3739,6497.0,27690,DREF Operation,Philippines – Mt Mayon Imminent Eruption (MDRPH051),MDRPH051do,2023-06-19T00:00:00Z,https://go-api.ifrc.org/api/DownloadFile/84641/MDRPH051do,PH,PHL: Volcanic Eruption - 2023-06 - Mayon Volcanic Eruption,2023-06-18 00:00:00+00:00,MDRPH051_27690.pdf,2023.0,False,True,Other
MDRPH051,3739,6497.0,27691,DREF Operation Update,Philippines – Mt Mayon Imminent Eruption (MDRPH051),MDRPH051OU1,2023-09-19T00:00:00Z,https://go-api.ifrc.org/api/DownloadFile/85244/MDRPH051OU1,PH,PHL: Volcanic Eruption - 2023-06 - Mayon Volcanic Eruption,2023-06-18 00:00:00+00:00,MDRPH051_27691.pdf,2023.0,False,True,Other
MDRPH051,3739,6497.0,27692,DREF Operation Final Report,Philippines – Mt Mayon Imminent Eruption (MDRPH051),MDRPH051dfr,2024-01-31T00:00:00Z,https://go-api.ifrc.org/api/DownloadFile/84642/MDRPH051dfr,PH,PHL: Volcanic Eruption - 2023-06 - Mayon Volcanic Eruption,2023-06-18 00:00:00+00:00,MDRPH051_27692.pdf,2023.0,True,True,DREF (JSON)
MDRZW021,3736,6511.0,27693,DREF Operation,Zimbabwe - Cholera Outbreak (MDRZW021),MDRZW021do,2023-06-17T00:00:00Z,https://go-api.ifrc.org/api/DownloadFile/84628/MDRZW021do,ZW,ZWE:Cholera Outbreak,2023-06-15 00:00:00+00:00,MDRZW021_27693.pdf,2023.0,False,False,Other
MDRZW021,3736,6511.0,27694,DREF Operation Update,Zimbabwe - Cholera Outbreak (MDRZW021),MDRZW021du1,2023-11-01T00:00:00Z,https://go-api.ifrc.org/api/DownloadFile/85654/MDRZW021du1,ZW,ZWE:Cholera Outbreak,2023-06-15 00:00:00+00:00,MDRZW021_27694.pdf,2023.0,False,False,Other
MDRZW021,3736,6511.0,27695,Emergency Appeal,Zimbabwe - Cholera Outbreak (MDRZW021),MDRZW021ea,2023-11-16T00:00:00Z,https://go-api.ifrc.org/api/DownloadFile/85838/MDRZW021ea,ZW,ZWE:Cholera Outbreak,2023-06-15 00:00:00+00:00,MDRZW021_27695.pdf,2023.0,False,False,Other
MDRZW021,3736,6511.0,27696,Operational strategy,Zimbabwe - Cholera Outbreak (MDRZW021),MDRZW021os,2023-12-19T00:00:00Z,https://go-api.ifrc.org/api/DownloadFile/86420/MDRZW021os,ZW,ZWE:Cholera Outbreak,2023-06-15 00:00:00+00:00,MDRZW021_27696.pdf,2023.0,False,False,Other
MDRZW021,3736,6511.0,27697,Operations Update,Zimbabwe - Cholera Outbreak (MDRZW021),MDRZW021eu1,2024-01-25T00:00:00Z,https://go-api.ifrc.org/api/DownloadFile/86427/MDRZW021eu1,ZW,ZWE:Cholera Outbreak,2023-06-15 00:00:00+00:00,MDRZW021_27697.pdf,2023.0,False,False,Other
MDRZW021,3736,6511.0,27698,Operations Update,Zimbabwe - Cholera Outbreak (MDRZW021),MDRZW021eu2,2024-02-14T00:00:00Z,https://go-api.ifrc.org/api/DownloadFile/86428/MDRZW021eu2,ZW,ZWE:Cholera Outbreak,2023-06-15 00:00:00+00:00,MDRZW021_27698.pdf,2023.0,False,False,Other
MDRZW021,3736,6511.0,27699,6 month update,Zimbabwe - Cholera Outbreak (MDRZW021),MDRZW021 6m,2024-06-17T00:00:00Z,https://go-api.ifrc.org/api/DownloadFile/86429/MDRZW021-6m,ZW,ZWE:Cholera Outbreak,2023-06-15 00:00:00+00:00,MDRZW021_27699.pdf,2023.0,False,False,Other
MDRZW021,3736,6511.0,27700,Emergency Appeal Revision,Zimbabwe - Cholera Outbreak (MDRZW021),MDRZW021rea,2024-06-18T00:00:00Z,https://go-api.ifrc.org/api/DownloadFile/88023/MDRZW021rea,ZW,ZWE:Cholera Outbreak,2023-06-15 00:00:00+00:00,MDRZW021_27700.pdf,2023.0,False,False,Other
MDRZW021,3736,6511.0,27701,Operational strategy,Zimbabwe - Cholera Outbreak (MDRZW021),MDRZW021 RevOS,2024-07-24T00:00:00Z,https://go-api.ifrc.org/api/DownloadFile/88331/MDRZW021-RevOS,ZW,ZWE:Cholera Outbreak,2023-06-15 00:00:00+00:00,MDRZW021_27701.pdf,2023.0,False,False,Other
MDRZW021,3736,6511.0,27702,6 month update,Zimbabwe - Cholera Outbreak (MDRZW021),6 month update,2024-06-17T00:00:00Z,https://adore.ifrc.org/Download.aspx?FileId=839336,ZW,ZWE:Cholera Outbreak,2023-06-15 00:00:00+00:00,MDRZW021_27702.pdf,2023.0,False,False,Other
MDRNP014,3735,6489.0,27703,DREF Operation,Nepal -  Dengue (MDRNP014),MDRNP014do,2023-06-14T00:00:00Z,https://go-api.ifrc.org/api/DownloadFile/84613/MDRNP014do,NP,NPL: Other - 2023-06 - Dengue prevention and control,2023-06-13 00:00:00+00:00,MDRNP014_27703.pdf,2023.0,False,True,Other
MDRNP014,3735,6489.0,27704,DREF Operation Update,Nepal -  Dengue (MDRNP014),MDRNP014OU1,2023-08-19T00:00:00Z,https://go-api.ifrc.org/api/DownloadFile/85096/MDRNP014OU1,NP,NPL: Other - 2023-06 - Dengue prevention and control,2023-06-13 00:00:00+00:00,MDRNP014_27704.pdf,2023.0,False,True,Other
MDRNP014,3735,6489.0,27705,DREF Operation Final Report,Nepal -  Dengue (MDRNP014),MDRNP014dfr,2024-03-29T00:00:00Z,https://go-api.ifrc.org/api/DownloadFile/84614/MDRNP014dfr,NP,NPL: Other - 2023-06 - Dengue prevention and control,2023-06-13 00:00:00+00:00,MDRNP014_27705.pdf,2023.0,True,True,DREF (JSON)
MDRSL015,3734,6502.0,27706,DREF Operation,Sierra Leone - Election Preparedness (MDRSL015),MDRSL015do,2023-06-09T00:00:00Z,https://go-api.ifrc.org/api/DownloadFile/84593/MDRSL015do,SL,SLE: Election preparedness,2023-06-08 00:00:00+00:00,MDRSL015_27706.pdf,2023.0,False,True,Other
MDRSL015,3734,6502.0,27707,DREF Operation Final Report,Sierra Leone - Election Preparedness (MDRSL015),MDRSL015dfr,2024-09-30T00:00:00Z,https://go-api.ifrc.org/api/DownloadFile/84594/MDRSL015dfr,SL,SLE: Election preparedness,2023-06-08 00:00:00+00:00,MDRSL015_27707.pdf,2023.0,True,True,DREF (JSON)
MDRAR019,3733,6477.0,27708,DREF Operation,Argentina - Flood June 2023 (MDRAR019),MDRAR019do,2023-06-07T00:00:00Z,https://go-api.ifrc.org/api/DownloadFile/84567/MDRAR019do,AR,ARG: Floods Quilmes 2023,2023-06-06 00:00:00+00:00,MDRAR019_27708.pdf,2023.0,False,True,Other
MDRAR019,3733,6477.0,27709,DREF Operation Update,Argentina - Flood June 2023 (MDRAR019),MDRAR019ou1,2023-07-18T00:00:00Z,https://go-api.ifrc.org/api/DownloadFile/84865/MDRAR019ou1,AR,ARG: Floods Quilmes 2023,2023-06-06 00:00:00+00:00,MDRAR019_27709.pdf,2023.0,False,True,Other
MDRAR019,3733,6477.0,27710,DREF Operation Final Report,Argentina - Flood June 2023 (MDRAR019),MDRAR019fr,2024-05-30T00:00:00Z,https://go-api.ifrc.org/api/DownloadFile/84568/MDRAR019fr,AR,ARG: Floods Quilmes 2023,2023-06-06 00:00:00+00:00,MDRAR019_27710.pdf,2023.0,True,True,DREF (JSON)
MDRLK017,3731,6455.0,27711,DREF Operation,Sri Lanka - Dengue Outbreak & Floods (MDRLK017),MDRLK017do,2023-06-03T00:00:00Z,https://go-api.ifrc.org/api/DownloadFile/84553/MDRLK017do,LK,Sri Lanka - Dengue Outbreak & Floods,2023-06-01 00:00:00+00:00,MDRLK017_27711.pdf,2023.0,False,True,Other
MDRLK017,3731,6455.0,27712,DREF Operation Final Report,Sri Lanka - Dengue Outbreak & Floods (MDRLK017),MDRLK017dfr,2024-01-31T00:00:00Z,https://go-api.ifrc.org/api/DownloadFile/84554/MDRLK017dfr,LK,Sri Lanka - Dengue Outbreak & Floods,2023-06-01 00:00:00+00:00,MDRLK017_27712.pdf,2023.0,True,True,DREF (JSON)
MDRIT004,3730,6473.0,27713,DREF Operation,Italy - Flood 2023 (MDRIT004),MDRIT004do,2023-06-02T00:00:00Z,https://go-api.ifrc.org/api/DownloadFile/84548/MDRIT004do,IT,ITA: Flood - 2023-05 - Emilia Romagna Flood,2023-05-31 00:00:00+00:00,MDRIT004_27713.pdf,2023.0,False,True,Other
MDRIT004,3730,6473.0,27714,DREF Operation Update,Italy - Flood 2023 (MDRIT004),MDRIT004du,2023-09-29T00:00:00Z,https://go-api.ifrc.org/api/DownloadFile/85339/MDRIT004du,IT,ITA: Flood - 2023-05 - Emilia Romagna Flood,2023-05-31 00:00:00+00:00,MDRIT004_27714.pdf,2023.0,False,True,Other
MDRIT004,3730,6473.0,27715,DREF Operation Final Report,Italy - Flood 2023 (MDRIT004),MDRIT004dfr,2025-03-19T00:00:00Z,https://go-api.ifrc.org/api/DownloadFile/84549/MDRIT004dfr,IT,ITA: Flood - 2023-05 - Emilia Romagna Flood,2023-05-31 00:00:00+00:00,MDRIT004_27715.pdf,2023.0,True,True,DREF (JSON)
MDRS1001,3732,6479.0,27716,Operations Update,Sudan Crisis Regional Population Movement (MDRS1001),MDRS100124m,2025-10-09T00:00:00Z,https://go-api.ifrc.org/api/DownloadFile/93417/MDRS100124m,KE,Sudan Crisis: Population Movement Neighbouring Countries,2023-05-30 00:00:00+00:00,MDRS1001_27716.pdf,2023.0,False,False,Other
MDRS1001,3732,6479.0,27717,Emergency Appeal,Sudan Crisis Regional Population Movement (MDRS1001),MDRS1001ea,2023-05-31T00:00:00Z,https://go-api.ifrc.org/api/DownloadFile/84541/MDRS1001ea,KE,Sudan Crisis: Population Movement Neighbouring Countries,2023-05-30 00:00:00+00:00,MDRS1001_27717.pdf,2023.0,False,False,Other
MDRS1001,3732,6479.0,27718,Operational strategy,Sudan Crisis Regional Population Movement (MDRS1001),MDRS1001_os,2023-07-07T00:00:00Z,https://go-api.ifrc.org/api/DownloadFile/84799/MDRS1001_os,KE,Sudan Crisis: Population Movement Neighbouring Countries,2023-05-30 00:00:00+00:00,MDRS1001_27718.pdf,2023.0,False,False,Other
MDRS1001,3732,6479.0,27719,Operational strategy,Sudan Crisis Regional Population Movement (MDRS1001),MDRS1001 CAR NS Response Plan,2023-07-18T00:00:00Z,https://go-api.ifrc.org/api/DownloadFile/84858/MDRS1001-CAR-NS-Response-Plan,KE,Sudan Crisis: Population Movement Neighbouring Countries,2023-05-30 00:00:00+00:00,MDRS1001_27719.pdf,2023.0,False,False,Other
MDRS1001,3732,6479.0,27720,Operational strategy,Sudan Crisis Regional Population Movement (MDRS1001),MDRS1001 South Sudan NS Response Plan,2023-07-18T00:00:00Z,https://go-api.ifrc.org/api/DownloadFile/84857/MDRS1001-South-Sudan-NS-Response-Plan,KE,Sudan Crisis: Population Movement Neighbouring Countries,2023-05-30 00:00:00+00:00,MDRS1001_27720.pdf,2023.0,False,False,Other
MDRS1001,3732,6479.0,27721,Operational strategy,Sudan Crisis Regional Population Movement (MDRS1001),MDRS1001 Ethiopia NS Response Plan,2023-07-18T00:00:00Z,https://go-api.ifrc.org/api/DownloadFile/84853/MDRS1001-Ethiopia-NS-Response-Plan,KE,Sudan Crisis: Population Movement Neighbouring Countries,2023-05-30 00:00:00+00:00,MDRS1001_27721.pdf,2023.0,False,False,Other
MDRS1001,3732,6479.0,27722,Operational strategy,Sudan Crisis Regional Population Movement (MDRS1001),MDRS1001 Chad NS Response Plan,2023-07-18T00:00:00Z,https://go-api.ifrc.org/api/DownloadFile/84856/MDRS1001-Chad-NS-Response-Plan,KE,Sudan Crisis: Population Movement Neighbouring Countries,2023-05-30 00:00:00+00:00,MDRS1001_27722.pdf,2023.0,False,False,Other
MDRS1001,3732,6479.0,27723,Operations Update,Sudan Crisis Regional Population Movement (MDRS1001),MDRS1001eu1,2023-09-01T00:00:00Z,https://go-api.ifrc.org/api/DownloadFile/84854/MDRS1001eu1,KE,Sudan Crisis: Population Movement Neighbouring Countries,2023-05-30 00:00:00+00:00,MDRS1001_27723.pdf,2023.0,False,False,Other
MDRS1001,3732,6479.0,27724,Operations Update,Sudan Crisis Regional Population Movement (MDRS1001),MDRS1001eu2,2023-10-19T00:00:00Z,https://go-api.ifrc.org/api/DownloadFile/84855/MDRS1001eu2,KE,Sudan Crisis: Population Movement Neighbouring Countries,2023-05-30 00:00:00+00:00,MDRS1001_27724.pdf,2023.0,False,False,Other
MDRS1001,3732,6479.0,27725,6 month update,Sudan Crisis Regional Population Movement (MDRS1001),MDRS1001eu3,2024-01-29T00:00:00Z,https://go-api.ifrc.org/api/DownloadFile/84546/MDRS1001eu3,KE,Sudan Crisis: Population Movement Neighbouring Countries,2023-05-30 00:00:00+00:00,MDRS1001_27725.pdf,2023.0,False,False,Other
MDRS1001,3732,6479.0,27726,6 month update,Sudan Crisis Regional Population Movement (MDRS1001),6 month update,2024-01-29T00:00:00Z,https://adore.ifrc.org/Download.aspx?FileId=795274,KE,Sudan Crisis: Population Movement Neighbouring Countries,2023-05-30 00:00:00+00:00,MDRS1001_27726.pdf,2023.0,False,False,Other
MDRS1001,3732,6479.0,27727,12 month update,Sudan Crisis Regional Population Movement (MDRS1001),12 month update,2024-09-02T00:00:00Z,https://adore.ifrc.org/Download.aspx?FileId=839765,KE,Sudan Crisis: Population Movement Neighbouring Countries,2023-05-30 00:00:00+00:00,MDRS1001_27727.pdf,2023.0,False,False,Other
MDRS1001,3732,6479.0,27728,12 month update,Sudan Crisis Regional Population Movement (MDRS1001),MDRS100112m,2024-09-02T00:00:00Z,https://go-api.ifrc.org/api/DownloadFile/84547/MDRS100112m,KE,Sudan Crisis: Population Movement Neighbouring Countries,2023-05-30 00:00:00+00:00,MDRS1001_27728.pdf,2023.0,False,False,Other
MDRS1001,3732,6479.0,27729,Operational strategy,Sudan Crisis Regional Population Movement (MDRS1001),MDRS1001os2,2025-06-20T00:00:00Z,https://go-api.ifrc.org/api/DownloadFile/91438/MDRS1001os2,KE,Sudan Crisis: Population Movement Neighbouring Countries,2023-05-30 00:00:00+00:00,MDRS1001_27729.pdf,2023.0,False,False,Other
MDRS1001,3732,6479.0,27730,Emergency Appeal Revision,Sudan Crisis Regional Population Movement (MDRS1001),MDRS1001rea,2025-02-05T00:00:00Z,https://go-api.ifrc.org/api/DownloadFile/90044/MDRS1001rea,KE,Sudan Crisis: Population Movement Neighbouring Countries,2023-05-30 00:00:00+00:00,MDRS1001_27730.pdf,2023.0,False,False,Other
MDRMN018,3727,6438.0,27731,DREF Operation,Mongolia - Cold Wave 2023 (MDRMN018),MDRMN018do,2023-05-30T00:00:00Z,https://go-api.ifrc.org/api/DownloadFile/84531/MDRMN018do,MN,MNG: Cold Wave - 2023-05 - Snow and dust storms,2023-05-29 00:00:00+00:00,MDRMN018_27731.pdf,2023.0,False,True,Other
MDRMN018,3727,6438.0,27732,DREF Operation Update,Mongolia - Cold Wave 2023 (MDRMN018),MDRMN018OU1,2023-08-28T00:00:00Z,https://go-api.ifrc.org/api/DownloadFile/85134/MDRMN018OU1,MN,MNG: Cold Wave - 2023-05 - Snow and dust storms,2023-05-29 00:00:00+00:00,MDRMN018_27732.pdf,2023.0,False,True,Other
MDRMN018,3727,6438.0,27733,DREF Operation Final Report,Mongolia - Cold Wave 2023 (MDRMN018),MDRMN018dfr,2023-12-31T00:00:00Z,https://go-api.ifrc.org/api/DownloadFile/84532/MDRMN018dfr,MN,MNG: Cold Wave - 2023-05 - Snow and dust storms,2023-05-29 00:00:00+00:00,MDRMN018_27733.pdf,2023.0,True,True,DREF (JSON)
MDRBA015,3728,6463.0,27734,DREF Operation,Bosnia and Herzegovina - Flood 2023 (MDRBA015),MDRBA015do,2023-05-31T00:00:00Z,https://go-api.ifrc.org/api/DownloadFile/84529/MDRBA015do,BA,BIH: Flood - 2023-05 - Floods 15-15-2023,2023-05-29 00:00:00+00:00,MDRBA015_27734.pdf,2023.0,False,True,Other
MDRBA015,3728,6463.0,27735,DREF Operation Final Report,Bosnia and Herzegovina - Flood 2023 (MDRBA015),MDRBA015dfr,2024-02-07T00:00:00Z,https://go-api.ifrc.org/api/DownloadFile/84536/MDRBA015dfr,BA,BIH: Flood - 2023-05 - Floods 15-15-2023,2023-05-29 00:00:00+00:00,MDRBA015_27735.pdf,2023.0,True,True,DREF (JSON)
MDRYE012,3729,6448.0,27736,DREF Operation,Yemen - Flood 2023 (MDRYE012),MDRYE012do,2023-05-30T00:00:00Z,https://go-api.ifrc.org/api/DownloadFile/84526/MDRYE012do,YE,YEM: Flood - 2023-03 - -Heavy rains and floods in Yemen-Update #1,2023-05-28 00:00:00+00:00,MDRYE012_27736.pdf,2023.0,False,True,Other
MDRYE012,3729,6448.0,27737,DREF Operation Update,Yemen - Flood 2023 (MDRYE012),MDRYE012ou,2023-12-01T00:00:00Z,https://go-api.ifrc.org/api/DownloadFile/86081/MDRYE012ou,YE,YEM: Flood - 2023-03 - -Heavy rains and floods in Yemen-Update #1,2023-05-28 00:00:00+00:00,MDRYE012_27737.pdf,2023.0,False,True,Other
MDRYE012,3729,6448.0,27738,DREF Operation Final Report,Yemen - Flood 2023 (MDRYE012),MDRYE012fr,2025-01-15T00:00:00Z,https://go-api.ifrc.org/api/DownloadFile/89660/MDRYE012fr,YE,YEM: Flood - 2023-03 - -Heavy rains and floods in Yemen-Update #1,2023-05-28 00:00:00+00:00,MDRYE012_27738.pdf,2023.0,True,True,DREF (JSON)
MDRGA010,3726,6462.0,27739,DREF Operation,Gabon - Windstorm (MDRGA010),MDRGA010do,2023-06-05T00:00:00Z,https://go-api.ifrc.org/api/DownloadFile/84555/MDRGA010do,GA,ATM: Flooding - 2023-05 - Flooding and High Winds in Franceville,2023-05-25 00:00:00+00:00,MDRGA010_27739.pdf,2023.0,False,True,Other
MDRGA010,3726,6462.0,27740,DREF Operation Update,Gabon - Windstorm (MDRGA010),MDRGA010du1,2023-10-03T00:00:00Z,https://go-api.ifrc.org/api/DownloadFile/85365/MDRGA010du1,GA,ATM: Flooding - 2023-05 - Flooding and High Winds in Franceville,2023-05-25 00:00:00+00:00,MDRGA010_27740.pdf,2023.0,False,True,Other
MDRGA010,3726,6462.0,27741,DREF Operation Final Report,Gabon - Windstorm (MDRGA010),MDRGA010dfr,2024-06-06T00:00:00Z,https://go-api.ifrc.org/api/DownloadFile/84556/MDRGA010dfr,GA,ATM: Flooding - 2023-05 - Flooding and High Winds in Franceville,2023-05-25 00:00:00+00:00,MDRGA010_27741.pdf,2023.0,True,True,DREF (JSON)
MDRBJ018,3725,6375.0,27742,DREF Operation,Benin - Population Movement (MDRBJ018),MDRBJ018do_1,2023-05-29T00:00:00Z,https://go-api.ifrc.org/api/DownloadFile/84513/MDRBJ018do_1,BJ,BEN: Population displacement - 2023-03 - BEN: Displacement -2023-03,2023-05-24 00:00:00+00:00,MDRBJ018_27742.pdf,2023.0,False,True,Other
MDRBJ018,3725,6375.0,27743,DREF Operation Update,Benin - Population Movement (MDRBJ018),MDRBJ018ou1_,2023-11-03T00:00:00Z,https://go-api.ifrc.org/api/DownloadFile/85680/MDRBJ018ou1_,BJ,BEN: Population displacement - 2023-03 - BEN: Displacement -2023-03,2023-05-24 00:00:00+00:00,MDRBJ018_27743.pdf,2023.0,False,True,Other
MDRBJ018,3725,6375.0,27744,DREF Operation Final Report,Benin - Population Movement (MDRBJ018),MDRBJ018dfr,2024-12-04T00:00:00Z,https://go-api.ifrc.org/api/DownloadFile/85519/MDRBJ018dfr,BJ,BEN: Population displacement - 2023-03 - BEN: Displacement -2023-03,2023-05-24 00:00:00+00:00,MDRBJ018_27744.pdf,2023.0,True,True,DREF (JSON)
MDRCD040,3724,6440.0,27745,DREF Operation,Democratic Republic of Congo - Flood (MDRCD040),MDRCD040do,2023-05-23T00:00:00Z,https://go-api.ifrc.org/api/DownloadFile/84483/MDRCD040do,CD,COD: Flood - 2023-05 - Inondation Kalehe,2023-05-20 00:00:00+00:00,MDRCD040_27745.pdf,2023.0,False,True,Other
MDRCD040,3724,6440.0,27746,DREF Operation Update,Democratic Republic of Congo - Flood (MDRCD040),MDRCD040du1,2023-08-31T00:00:00Z,https://go-api.ifrc.org/api/DownloadFile/85156/MDRCD040du1,CD,COD: Flood - 2023-05 - Inondation Kalehe,2023-05-20 00:00:00+00:00,MDRCD040_27746.pdf,2023.0,False,True,Other
MDRCD040,3724,6440.0,27747,DREF Operation Final Report,Democratic Republic of Congo - Flood (MDRCD040),MDRCD040dfr,2024-05-31T00:00:00Z,https://go-api.ifrc.org/api/DownloadFile/84484/MDRCD040dfr,CD,COD: Flood - 2023-05 - Inondation Kalehe,2023-05-20 00:00:00+00:00,MDRCD040_27747.pdf,2023.0,True,True,DREF (JSON)
MDRCF030,3720,6466.0,27748,DREF Operation,Central African Republic  - Population Movement from Sudan (MDRCF030),MDRCF030do,2023-05-18T00:00:00Z,https://go-api.ifrc.org/api/DownloadFile/84452/MDRCF030do,CF,CAF: Population movement from Sudan,2023-05-17 00:00:00+00:00,MDRCF030_27748.pdf,2023.0,False,False,Other
MDRMM018,3721,6439.0,27749,Emergency Appeal,Myanmar - Cyclone Mocha (MDRMM018),MDRMM018_EA,2023-05-18T00:00:00Z,https://go-api.ifrc.org/api/DownloadFile/84442/MDRMM018_EA,MM,Myanmar: Cyclone MOCHA 2023,2023-05-17 00:00:00+00:00,MDRMM018_27749.pdf,2023.0,False,False,Other
MDRMM018,3721,6439.0,27750,Operational strategy,Myanmar - Cyclone Mocha (MDRMM018),MDRMM018_OS,2023-05-26T00:00:00Z,https://go-api.ifrc.org/api/DownloadFile/84447/MDRMM018_OS,MM,Myanmar: Cyclone MOCHA 2023,2023-05-17 00:00:00+00:00,MDRMM018_27750.pdf,2023.0,False,False,Other
MDRMM018,3721,6439.0,27751,Operations Update,Myanmar - Cyclone Mocha (MDRMM018),MDRMM018_OU1,2023-06-02T00:00:00Z,https://go-api.ifrc.org/api/DownloadFile/84448/MDRMM018_OU1,MM,Myanmar: Cyclone MOCHA 2023,2023-05-17 00:00:00+00:00,MDRMM018_27751.pdf,2023.0,False,False,Other
MDRMM018,3721,6439.0,27752,Operations Update,Myanmar - Cyclone Mocha (MDRMM018),MDRMM018_OU2,2023-06-23T00:00:00Z,https://go-api.ifrc.org/api/DownloadFile/84449/MDRMM018_OU2,MM,Myanmar: Cyclone MOCHA 2023,2023-05-17 00:00:00+00:00,MDRMM018_27752.pdf,2023.0,False,False,Other
MDRMM018,3721,6439.0,27753,6 month update,Myanmar - Cyclone Mocha (MDRMM018),MDRMM018_OU3,2023-12-26T00:00:00Z,https://go-api.ifrc.org/api/DownloadFile/84450/MDRMM018_OU3,MM,Myanmar: Cyclone MOCHA 2023,2023-05-17 00:00:00+00:00,MDRMM018_27753.pdf,2023.0,False,False,Other
MDRMM018,3721,6439.0,27754,6 month update,Myanmar - Cyclone Mocha (MDRMM018),6 month update,2023-12-26T00:00:00Z,https://adore.ifrc.org/Download.aspx?FileId=782099,MM,Myanmar: Cyclone MOCHA 2023,2023-05-17 00:00:00+00:00,MDRMM018_27754.pdf,2023.0,False,False,Other
MDRMM018,3721,6439.0,27755,Final Report,Myanmar - Cyclone Mocha (MDRMM018),MDRMM018efr,2025-06-30T00:00:00Z,https://go-api.ifrc.org/api/DownloadFile/84451/MDRMM018efr,MM,Myanmar: Cyclone MOCHA 2023,2023-05-17 00:00:00+00:00,MDRMM018_27755.pdf,2023.0,True,False,Emergency Appeal / Other
MDRBD030,3722,6441.0,27756,DREF Operation,Bangladesh - Cyclone Mocha 2023 (MDRBD030),MDRBD030do,2023-05-18T00:00:00Z,https://go-api.ifrc.org/api/DownloadFile/84457/MDRBD030do,BD,BGD: Cyclone - 2023-05 - Cyclone Mocha,2023-05-17 00:00:00+00:00,MDRBD030_27756.pdf,2023.0,False,True,Other
MDRBD030,3722,6441.0,27757,DREF Operation Final Report,Bangladesh - Cyclone Mocha 2023 (MDRBD030),MDRBD030dfr,2024-02-29T00:00:00Z,https://go-api.ifrc.org/api/DownloadFile/84458/MDRBD030dfr,BD,BGD: Cyclone - 2023-05 - Cyclone Mocha,2023-05-17 00:00:00+00:00,MDRBD030_27757.pdf,2023.0,True,True,DREF (JSON)
MDRKE057,3723,6467.0,27758,DREF Operation,Kenya - Mass Casualty Incident in Kilifi (MDRKE057),MDRKE057do,2023-05-18T00:00:00Z,https://go-api.ifrc.org/api/DownloadFile/84459/MDRKE057do,KE,KEN: Mass casualty incident in Kilifi,2023-05-17 00:00:00+00:00,MDRKE057_27758.pdf,2023.0,False,True,Other
MDRKE057,3723,6467.0,27759,DREF Operation Update,Kenya - Mass Casualty Incident in Kilifi (MDRKE057),MDRKE057du1,2023-08-08T00:00:00Z,https://go-api.ifrc.org/api/DownloadFile/84995/MDRKE057du1,KE,KEN: Mass casualty incident in Kilifi,2023-05-17 00:00:00+00:00,MDRKE057_27759.pdf,2023.0,False,True,Other
MDRKE057,3723,6467.0,27760,DREF Operation Final Report,Kenya - Mass Casualty Incident in Kilifi (MDRKE057),MDRKE057dfr,2024-01-10T00:00:00Z,https://go-api.ifrc.org/api/DownloadFile/84460/MDRKE057dfr,KE,KEN: Mass casualty incident in Kilifi,2023-05-17 00:00:00+00:00,MDRKE057_27760.pdf,2023.0,True,True,DREF (JSON)
MDRKE057,3723,6467.0,27761,DREF Operation Final Report,Kenya - Mass Casualty Incident in Kilifi (MDRKE057),MDRKE057du1,2024-01-10T00:00:00Z,https://go-api.ifrc.org/api/DownloadFile/84460/MDRKE057du1,KE,KEN: Mass casualty incident in Kilifi,2023-05-17 00:00:00+00:00,MDRKE057_27761.pdf,2023.0,True,True,DREF (JSON)
MDRRW022,3719,6433.0,27762,DREF Operation,Rwanda - Floods and Landslides (MDRRW022),MDRRW022do,2023-05-16T00:00:00Z,https://go-api.ifrc.org/api/DownloadFile/84423/MDRRW022do,RW,RWA: Pluvial/Flash Flood - 2023-05 - Heavy rains causing floods and landslides,2023-05-15 00:00:00+00:00,MDRRW022_27762.pdf,2023.0,False,True,Other
MDRRW022,3719,6433.0,27763,DREF Operation Update,Rwanda - Floods and Landslides (MDRRW022),MDRRW022du1,2023-08-23T00:00:00Z,https://go-api.ifrc.org/api/DownloadFile/85111/MDRRW022du1,RW,RWA: Pluvial/Flash Flood - 2023-05 - Heavy rains causing floods and landslides,2023-05-15 00:00:00+00:00,MDRRW022_27763.pdf,2023.0,False,True,Other
MDRRW022,3719,6433.0,27764,DREF Operation Final Report,Rwanda - Floods and Landslides (MDRRW022),MDRRW022dfr,2024-09-05T00:00:00Z,https://go-api.ifrc.org/api/DownloadFile/84424/MDRRW022dfr,RW,RWA: Pluvial/Flash Flood - 2023-05 - Heavy rains causing floods and landslides,2023-05-15 00:00:00+00:00,MDRRW022_27764.pdf,2023.0,True,True,DREF (JSON)
MDRSS013,3718,6459.0,27765,DREF Operation,South Sudan - Population Movement from Sudan (MDRSS013),MDRSS013do,2023-05-09T00:00:00Z,https://go-api.ifrc.org/api/DownloadFile/84372/MDRSS013do,SS,South Sudan - Population Movement from Sudan,2023-05-08 00:00:00+00:00,MDRSS013_27765.pdf,2023.0,False,False,Other
MDRET030,3717,6456.0,27766,DREF Operation,Ethiopia - Population Movement from Sudan (MDRET030),MDRET030do,2023-05-08T00:00:00Z,https://go-api.ifrc.org/api/DownloadFile/84340/MDRET030do,ET,ETH: Population movement from Sudan,2023-05-05 00:00:00+00:00,MDRET030_27766.pdf,2023.0,False,False,Other
MDREG020,3716,6422.0,27767,DREF Operation,Egypt - Population Movement 2023 (MDREG020),MDREG020do,2023-04-27T00:00:00Z,https://go-api.ifrc.org/api/DownloadFile/84304/MDREG020do,EG,EGY: Population Movement - 2023-04 - Sudan Crisis,2023-04-26 00:00:00+00:00,MDREG020_27767.pdf,2023.0,False,True,Other
MDRTD022,3715,6421.0,27768,DREF Operation,Chad - Pop. Movement 2023 (MDRTD022),MDRTD022do,2023-04-26T00:00:00Z,https://go-api.ifrc.org/api/DownloadFile/84293/MDRTD022do,TD,DBT: Displacement from Sudan to Chad,2023-04-26 00:00:00+00:00,MDRTD022_27768.pdf,2023.0,False,False,Other
MDRSD033,3714,6414.0,27769,DREF Operation,Sudan - Complex Emergency (MDRSD033),MDRSD033do,2023-04-21T00:00:00Z,https://go-api.ifrc.org/api/DownloadFile/84263/MDRSD033do,SD,Sudan Crisis - Complex Emergency Sudan,2023-04-20 00:00:00+00:00,MDRSD033_27769.pdf,2023.0,False,False,Other
MDRSD033,3714,6414.0,27770,Emergency Appeal,Sudan - Complex Emergency (MDRSD033),MDRSD033ea,2023-05-02T00:00:00Z,https://go-api.ifrc.org/api/DownloadFile/84315/MDRSD033ea,SD,Sudan Crisis - Complex Emergency Sudan,2023-04-20 00:00:00+00:00,MDRSD033_27770.pdf,2023.0,False,False,Other
MDRSD033,3714,6414.0,27771,Emergency Appeal,Sudan - Complex Emergency (MDRSD033),MDRSD033ea,2023-05-03T00:00:00Z,https://go-api.ifrc.org/api/DownloadFile/84317/MDRSD033ea,SD,Sudan Crisis - Complex Emergency Sudan,2023-04-20 00:00:00+00:00,MDRSD033_27771.pdf,2023.0,False,False,Other
MDRSD033,3714,6414.0,27772,Emergency Appeal Revision,Sudan - Complex Emergency (MDRSD033),MDRSD033rea,2023-05-31T00:00:00Z,https://go-api.ifrc.org/api/DownloadFile/84538/MDRSD033rea,SD,Sudan Crisis - Complex Emergency Sudan,2023-04-20 00:00:00+00:00,MDRSD033_27772.pdf,2023.0,False,False,Other
MDRSD033,3714,6414.0,27773,Operational strategy,Sudan - Complex Emergency (MDRSD033),MDRSD033_OS1,2023-06-16T00:00:00Z,https://go-api.ifrc.org/api/DownloadFile/84625/MDRSD033_OS1,SD,Sudan Crisis - Complex Emergency Sudan,2023-04-20 00:00:00+00:00,MDRSD033_27773.pdf,2023.0,False,False,Other
MDRSD033,3714,6414.0,27774,Operations Update,Sudan - Complex Emergency (MDRSD033),MDRSD033eu1,2023-08-03T00:00:00Z,https://go-api.ifrc.org/api/DownloadFile/84818/MDRSD033eu1,SD,Sudan Crisis - Complex Emergency Sudan,2023-04-20 00:00:00+00:00,MDRSD033_27774.pdf,2023.0,False,False,Other
MDRSD033,3714,6414.0,27775,Operations Update,Sudan - Complex Emergency (MDRSD033),MDRSD033eu2,2023-10-13T00:00:00Z,https://go-api.ifrc.org/api/DownloadFile/84819/MDRSD033eu2,SD,Sudan Crisis - Complex Emergency Sudan,2023-04-20 00:00:00+00:00,MDRSD033_27775.pdf,2023.0,False,False,Other
MDRSD033,3714,6414.0,27776,Operational strategy,Sudan - Complex Emergency (MDRSD033),MDRSD033ros,2025-04-30T00:00:00Z,https://go-api.ifrc.org/api/DownloadFile/91032/MDRSD033ros,SD,Sudan Crisis - Complex Emergency Sudan,2023-04-20 00:00:00+00:00,MDRSD033_27776.pdf,2023.0,False,False,Other
MDRSD033,3714,6414.0,27777,6 month update,Sudan - Complex Emergency (MDRSD033),MDRSD033eu3,2024-01-11T00:00:00Z,https://go-api.ifrc.org/api/DownloadFile/84820/MDRSD033eu3,SD,Sudan Crisis - Complex Emergency Sudan,2023-04-20 00:00:00+00:00,MDRSD033_27777.pdf,2023.0,False,False,Other
MDRSD033,3714,6414.0,27778,6 month update,Sudan - Complex Emergency (MDRSD033),6 month update,2024-01-11T00:00:00Z,https://adore.ifrc.org/Download.aspx?FileId=789247,SD,Sudan Crisis - Complex Emergency Sudan,2023-04-20 00:00:00+00:00,MDRSD033_27778.pdf,2023.0,False,False,Other
MDRSD033,3714,6414.0,27779,12 month update,Sudan - Complex Emergency (MDRSD033),MDRSD033OU4,2025-01-22T00:00:00Z,https://go-api.ifrc.org/api/DownloadFile/84821/MDRSD033OU4,SD,Sudan Crisis - Complex Emergency Sudan,2023-04-20 00:00:00+00:00,MDRSD033_27779.pdf,2023.0,False,False,Other
MDRSD033,3714,6414.0,27780,Emergency Appeal Revision,Sudan - Complex Emergency (MDRSD033),MDRSD033rea2,2025-02-05T00:00:00Z,https://go-api.ifrc.org/api/DownloadFile/90042/MDRSD033rea2,SD,Sudan Crisis - Complex Emergency Sudan,2023-04-20 00:00:00+00:00,MDRSD033_27780.pdf,2023.0,False,False,Other
MDRSD033,3714,6414.0,27781,Operations Update,Sudan - Complex Emergency (MDRSD033),MDRSD03324m,2025-11-06T00:00:00Z,https://go-api.ifrc.org/api/DownloadFile/93615/MDRSD03324m,SD,Sudan Crisis - Complex Emergency Sudan,2023-04-20 00:00:00+00:00,MDRSD033_27781.pdf,2023.0,False,False,Other
MDRCO023,3712,6402.0,27782,DREF Operation,Colombia - Volcanic Eruption 2023 (MDRCO023),DREF MDRCO023 Colombia AA for Volcanic Eruption,2023-04-17T00:00:00Z,https://go-api.ifrc.org/api/DownloadFile/84211/DREF-MDRCO023-Colombia-AA-for-Volcanic-Eruption,CO,COL: Volcanic eruption - 2023-03 - Nevado del Ruíz Volcano Activity Level Change,2023-04-14 00:00:00+00:00,MDRCO023_27782.pdf,2023.0,False,True,Other
MDRCO023,3712,6402.0,27783,DREF Operation Update,Colombia - Volcanic Eruption 2023 (MDRCO023),MDRCO023ou1,2023-07-27T00:00:00Z,https://go-api.ifrc.org/api/DownloadFile/84922/MDRCO023ou1,CO,COL: Volcanic eruption - 2023-03 - Nevado del Ruíz Volcano Activity Level Change,2023-04-14 00:00:00+00:00,MDRCO023_27783.pdf,2023.0,False,True,Other
MDRCO023,3712,6402.0,27784,DREF Operation Final Report,Colombia - Volcanic Eruption 2023 (MDRCO023),MDRCO023fr,2024-03-13T00:00:00Z,https://go-api.ifrc.org/api/DownloadFile/84331/MDRCO023fr,CO,COL: Volcanic eruption - 2023-03 - Nevado del Ruíz Volcano Activity Level Change,2023-04-14 00:00:00+00:00,MDRCO023_27784.pdf,2023.0,True,True,DREF (JSON)
MDREC022,3713,6395.0,27785,DREF Operation,Ecuador - Landslides 2023 (MDREC022),MDREC022do,2023-04-17T00:00:00Z,https://go-api.ifrc.org/api/DownloadFile/84212/MDREC022do,EC,ECU: Landslides,2023-04-14 00:00:00+00:00,MDREC022_27785.pdf,2023.0,False,True,Other
MDREC022,3713,6395.0,27786,DREF Operation Final Report,Ecuador - Landslides 2023 (MDREC022),MDREC022fr,2024-03-01T00:00:00Z,https://go-api.ifrc.org/api/DownloadFile/84213/MDREC022fr,EC,ECU: Landslides,2023-04-14 00:00:00+00:00,MDREC022_27786.pdf,2023.0,True,True,DREF (JSON)
MDRTZ034,3711,6418.0,27787,DREF Operation,Tanzania - Floods in Mtwara 2023 (MDRTZ034),MDRTZ034do,2023-04-14T00:00:00Z,https://go-api.ifrc.org/api/DownloadFile/84181/MDRTZ034do,TZ,TZA: Flood - 2023-04 -  Mtwara,2023-04-13 00:00:00+00:00,MDRTZ034_27787.pdf,2023.0,False,True,Other
MDRTZ034,3711,6418.0,27788,DREF Operation Final Report,Tanzania - Floods in Mtwara 2023 (MDRTZ034),MDRTZ034dfr,2023-11-29T00:00:00Z,https://go-api.ifrc.org/api/DownloadFile/84182/MDRTZ034dfr,TZ,TZA: Flood - 2023-04 -  Mtwara,2023-04-13 00:00:00+00:00,MDRTZ034_27788.pdf,2023.0,True,True,DREF (JSON)
MDRTJ035,3709,6396.0,27789,DREF Operation,Tajikistan Earthquake 2023 (MDRTJ035),MDRTJ035do,2023-04-11T00:00:00Z,https://go-api.ifrc.org/api/DownloadFile/84134/MDRTJ035do,TJ,TJK: Earthquake - 2023-03 - Earthquake in Tajikistan,2023-04-07 00:00:00+00:00,MDRTJ035_27789.pdf,2023.0,False,True,Other
MDRTJ035,3709,6396.0,27790,DREF Operation Final Report,Tajikistan Earthquake 2023 (MDRTJ035),MDRTJ035dfr,2023-12-28T00:00:00Z,https://go-api.ifrc.org/api/DownloadFile/84135/MDRTJ035dfr,TJ,TJK: Earthquake - 2023-03 - Earthquake in Tajikistan,2023-04-07 00:00:00+00:00,MDRTJ035_27790.pdf,2023.0,True,True,DREF (JSON)
MDREC021,3710,6408.0,27791,DREF Operation,Ecuador - Floods + Earthquake (MDREC021),MDREC021do,2023-04-06T00:00:00Z,https://go-api.ifrc.org/api/DownloadFile/84132/MDREC021do,EC,ECU: Earthquake & Floods,2023-04-06 00:00:00+00:00,MDREC021_27791.pdf,2023.0,False,True,Other
MDREC021,3710,6408.0,27792,DREF Operation Update,Ecuador - Floods + Earthquake (MDREC021),"Op. Update Ecuador Floods and Earthquake, March 2023",2023-06-29T00:00:00Z,"https://go-api.ifrc.org/api/DownloadFile/84728/Op.-Update-Ecuador-Floods-and-Earthquake,-March-2023",EC,ECU: Earthquake & Floods,2023-04-06 00:00:00+00:00,MDREC021_27792.pdf,2023.0,False,True,Other
MDREC021,3710,6408.0,27793,DREF Operation Final Report,Ecuador - Floods + Earthquake (MDREC021),MDREC021fr,2024-05-08T00:00:00Z,https://go-api.ifrc.org/api/DownloadFile/84133/MDREC021fr,EC,ECU: Earthquake & Floods,2023-04-06 00:00:00+00:00,MDREC021_27793.pdf,2023.0,True,True,DREF (JSON)
MDRKE056,3708,6419.0,27794,DREF Operation,Kenya - Floods (MDRKE056),MDRKE056do,2023-04-06T00:00:00Z,https://go-api.ifrc.org/api/DownloadFile/84115/MDRKE056do,KE,KEN: Flood - 2023-03 - Floods,2023-04-05 00:00:00+00:00,MDRKE056_27794.pdf,2023.0,False,True,Other
MDRKE056,3708,6419.0,27795,DREF Operation Final Report,Kenya - Floods (MDRKE056),MDRKE056dfr,2024-02-05T00:00:00Z,https://go-api.ifrc.org/api/DownloadFile/84116/MDRKE056dfr,KE,KEN: Flood - 2023-03 - Floods,2023-04-05 00:00:00+00:00,MDRKE056_27795.pdf,2023.0,True,True,DREF (JSON)
MDRTZ033,3707,6388.0,27796,DREF Operation,Tanzania - Marburg Outbreak (MDRTZ033),MDRTZ033do,2023-03-30T00:00:00Z,https://go-api.ifrc.org/api/DownloadFile/84054/MDRTZ033do,TZ,TZA: Epidemic - 2023-03 - MARBURG VIRUS DISEASE,2023-03-27 00:00:00+00:00,MDRTZ033_27796.pdf,2023.0,False,True,Other
MDRTZ033,3707,6388.0,27797,DREF Operation Update,Tanzania - Marburg Outbreak (MDRTZ033),MDRTZ033du1,2023-07-17T00:00:00Z,https://go-api.ifrc.org/api/DownloadFile/84851/MDRTZ033du1,TZ,TZA: Epidemic - 2023-03 - MARBURG VIRUS DISEASE,2023-03-27 00:00:00+00:00,MDRTZ033_27797.pdf,2023.0,False,True,Other
MDRTZ033,3707,6388.0,27798,DREF Operation Final Report,Tanzania - Marburg Outbreak (MDRTZ033),MDRTZ033dfr,2024-04-22T00:00:00Z,https://go-api.ifrc.org/api/DownloadFile/84055/MDRTZ033dfr,TZ,TZA: Epidemic - 2023-03 - MARBURG VIRUS DISEASE,2023-03-27 00:00:00+00:00,MDRTZ033_27798.pdf,2023.0,True,True,DREF (JSON)
MDRSS012,3706,6420.0,27799,DREF Operation,South Sudan - Cholera Outbreak Upper Nile (MDRSS012),MDRSS012do,2023-03-22T00:00:00Z,https://go-api.ifrc.org/api/DownloadFile/83978/MDRSS012do,SS,SSD: Epidemic - 2023-02 - Cholera Outbreak Upper Nile,2023-03-20 00:00:00+00:00,MDRSS012_27799.pdf,2023.0,False,True,Other
MDRSS012,3706,6420.0,27800,DREF Operation Final Report,South Sudan - Cholera Outbreak Upper Nile (MDRSS012),MDRSS012dfr,2024-02-19T00:00:00Z,https://go-api.ifrc.org/api/DownloadFile/83979/MDRSS012dfr,SS,SSD: Epidemic - 2023-02 - Cholera Outbreak Upper Nile,2023-03-20 00:00:00+00:00,MDRSS012_27800.pdf,2023.0,True,True,DREF (JSON)
MDRMW018,3705,6377.0,27801,Emergency Appeal,Malawi - Tropical Storm Freddy Floods (MDRMW018),MDRMW018ea,2023-03-19T00:00:00Z,https://go-api.ifrc.org/api/DownloadFile/83945/MDRMW018ea,MW,Malawi: Cyclone - 2023-03 Tropical Storm Freddy,2023-03-17 00:00:00+00:00,MDRMW018_27801.pdf,2023.0,False,False,Other
MDRMW018,3705,6377.0,27802,Operational strategy,Malawi - Tropical Storm Freddy Floods (MDRMW018),MDRMW018os,2023-07-25T00:00:00Z,https://go-api.ifrc.org/api/DownloadFile/84898/MDRMW018os,MW,Malawi: Cyclone - 2023-03 Tropical Storm Freddy,2023-03-17 00:00:00+00:00,MDRMW018_27802.pdf,2023.0,False,False,Other
MDRMW018,3705,6377.0,27803,Operations Update,Malawi - Tropical Storm Freddy Floods (MDRMW018),MDRMW018eu1,2023-09-08T00:00:00Z,https://go-api.ifrc.org/api/DownloadFile/84899/MDRMW018eu1,MW,Malawi: Cyclone - 2023-03 Tropical Storm Freddy,2023-03-17 00:00:00+00:00,MDRMW018_27803.pdf,2023.0,False,False,Other
MDRMW018,3705,6377.0,27804,Operations Update,Malawi - Tropical Storm Freddy Floods (MDRMW018),MDRMW018eu2,2023-11-25T00:00:00Z,https://go-api.ifrc.org/api/DownloadFile/84900/MDRMW018eu2,MW,Malawi: Cyclone - 2023-03 Tropical Storm Freddy,2023-03-17 00:00:00+00:00,MDRMW018_27804.pdf,2023.0,False,False,Other
MDRMW018,3705,6377.0,27805,6 month update,Malawi - Tropical Storm Freddy Floods (MDRMW018),MDRMW018eu3,2023-12-15T00:00:00Z,https://go-api.ifrc.org/api/DownloadFile/84906/MDRMW018eu3,MW,Malawi: Cyclone - 2023-03 Tropical Storm Freddy,2023-03-17 00:00:00+00:00,MDRMW018_27805.pdf,2023.0,False,False,Other
MDRMW018,3705,6377.0,27806,Operational strategy,Malawi - Tropical Storm Freddy Floods (MDRMW018),MDRMW018 Revised Operational Strategy,2024-04-18T00:00:00Z,https://go-api.ifrc.org/api/DownloadFile/87611/MDRMW018-Revised-Operational-Strategy,MW,Malawi: Cyclone - 2023-03 Tropical Storm Freddy,2023-03-17 00:00:00+00:00,MDRMW018_27806.pdf,2023.0,False,False,Other
MDRMW018,3705,6377.0,27807,6 month update,Malawi - Tropical Storm Freddy Floods (MDRMW018),6 month update,2023-12-15T00:00:00Z,https://adore.ifrc.org/Download.aspx?FileId=777614,MW,Malawi: Cyclone - 2023-03 Tropical Storm Freddy,2023-03-17 00:00:00+00:00,MDRMW018_27807.pdf,2023.0,False,False,Other
MDRMW018,3705,6377.0,27808,Final Report,Malawi - Tropical Storm Freddy Floods (MDRMW018),MDRMW018f1,2025-06-03T00:00:00Z,https://go-api.ifrc.org/api/DownloadFile/84907/MDRMW018f1,MW,Malawi: Cyclone - 2023-03 Tropical Storm Freddy,2023-03-17 00:00:00+00:00,MDRMW018_27808.pdf,2023.0,True,False,Emergency Appeal / Other
MDRPY022,3704,6373.0,27809,DREF Operation,Paraguay - Floods March 2023 (MDRPY022),MDRPY022do,2023-03-17T00:00:00Z,https://go-api.ifrc.org/api/DownloadFile/83939/MDRPY022do,PY,PRY: Flash Flood 2023,2023-03-16 00:00:00+00:00,MDRPY022_27809.pdf,2023.0,False,True,Other
MDRPY022,3704,6373.0,27810,DREF Operation Final Report,Paraguay - Floods March 2023 (MDRPY022),MDRPY022fr,2023-10-27T00:00:00Z,https://go-api.ifrc.org/api/DownloadFile/83940/MDRPY022fr,PY,PRY: Flash Flood 2023,2023-03-16 00:00:00+00:00,MDRPY022_27810.pdf,2023.0,True,True,DREF (JSON)
MDRNG037,3703,6335.0,27811,DREF Operation,Nigeria - Diphtheria Outbreak (MDRNG037),MDRNG037do,2023-04-04T00:00:00Z,https://go-api.ifrc.org/api/DownloadFile/83927/MDRNG037do,NG,Nigeria: 2023 Diphtheria Outbreak,2023-03-14 00:00:00+00:00,MDRNG037_27811.pdf,2023.0,False,False,Other
MDRNG037,3703,6335.0,27812,DREF Operation Update,Nigeria - Diphtheria Outbreak (MDRNG037),MDRNG037du1,2023-07-28T00:00:00Z,https://go-api.ifrc.org/api/DownloadFile/84929/MDRNG037du1,NG,Nigeria: 2023 Diphtheria Outbreak,2023-03-14 00:00:00+00:00,MDRNG037_27812.pdf,2023.0,False,False,Other
MDRNG037,3703,6335.0,27813,DREF Operation Update,Nigeria - Diphtheria Outbreak (MDRNG037),MDRNG037ou2,2023-10-03T00:00:00Z,https://go-api.ifrc.org/api/DownloadFile/85364/MDRNG037ou2,NG,Nigeria: 2023 Diphtheria Outbreak,2023-03-14 00:00:00+00:00,MDRNG037_27813.pdf,2023.0,False,False,Other
MDRNG037,3703,6335.0,27814,Emergency Appeal,Nigeria - Diphtheria Outbreak (MDRNG037),MDRNG037ea,2023-10-12T00:00:00Z,https://go-api.ifrc.org/api/DownloadFile/85471/MDRNG037ea,NG,Nigeria: 2023 Diphtheria Outbreak,2023-03-14 00:00:00+00:00,MDRNG037_27814.pdf,2023.0,False,False,Other
MDRNG037,3703,6335.0,27815,Operational strategy,Nigeria - Diphtheria Outbreak (MDRNG037),MDRNG037os,2023-11-02T00:00:00Z,https://go-api.ifrc.org/api/DownloadFile/85668/MDRNG037os,NG,Nigeria: 2023 Diphtheria Outbreak,2023-03-14 00:00:00+00:00,MDRNG037_27815.pdf,2023.0,False,False,Other
MDRNG037,3703,6335.0,27816,Operations Update,Nigeria - Diphtheria Outbreak (MDRNG037),MDRNG037ou4,2025-05-09T00:00:00Z,https://go-api.ifrc.org/api/DownloadFile/91086/MDRNG037ou4,NG,Nigeria: 2023 Diphtheria Outbreak,2023-03-14 00:00:00+00:00,MDRNG037_27816.pdf,2023.0,False,False,Other
MDRNG037,3703,6335.0,27817,Operations Update,Nigeria - Diphtheria Outbreak (MDRNG037),MDRNG037eu1,2024-01-04T00:00:00Z,https://go-api.ifrc.org/api/DownloadFile/85669/MDRNG037eu1,NG,Nigeria: 2023 Diphtheria Outbreak,2023-03-14 00:00:00+00:00,MDRNG037_27817.pdf,2023.0,False,False,Other
MDRNG037,3703,6335.0,27818,Operations Update,Nigeria - Diphtheria Outbreak (MDRNG037),MDRNG037eu2,2024-01-16T00:00:00Z,https://go-api.ifrc.org/api/DownloadFile/85670/MDRNG037eu2,NG,Nigeria: 2023 Diphtheria Outbreak,2023-03-14 00:00:00+00:00,MDRNG037_27818.pdf,2023.0,False,False,Other
MDRNG037,3703,6335.0,27819,Operations Update,Nigeria - Diphtheria Outbreak (MDRNG037),MDRNG037ou3,2024-05-15T00:00:00Z,https://go-api.ifrc.org/api/DownloadFile/87812/MDRNG037ou3,NG,Nigeria: 2023 Diphtheria Outbreak,2023-03-14 00:00:00+00:00,MDRNG037_27819.pdf,2023.0,False,False,Other
MDRNG037,3703,6335.0,27820,Final Report,Nigeria - Diphtheria Outbreak (MDRNG037),MDRNG037efr,2025-11-19T00:00:00Z,https://go-api.ifrc.org/api/DownloadFile/89737/MDRNG037efr,NG,Nigeria: 2023 Diphtheria Outbreak,2023-03-14 00:00:00+00:00,MDRNG037_27820.pdf,2023.0,True,False,Emergency Appeal / Other
MDRBD029,3702,6372.0,27821,DREF Operation,Bangladesh - Fire Incident (MDRBD029),MDRBD029do,2023-03-11T00:00:00Z,https://go-api.ifrc.org/api/DownloadFile/83875/MDRBD029do,BD,Bangladesh Fire Incident in Camp 11,2023-03-10 00:00:00+00:00,MDRBD029_27821.pdf,2023.0,False,True,Other
MDRBD029,3702,6372.0,27822,DREF Operation Update,Bangladesh - Fire Incident (MDRBD029),MDRBD029OU1,2023-09-11T00:00:00Z,https://go-api.ifrc.org/api/DownloadFile/85194/MDRBD029OU1,BD,Bangladesh Fire Incident in Camp 11,2023-03-10 00:00:00+00:00,MDRBD029_27822.pdf,2023.0,False,True,Other
MDRBD029,3702,6372.0,27823,DREF Operation Final Report,Bangladesh - Fire Incident (MDRBD029),MDRBD029dfr,2024-02-02T00:00:00Z,https://go-api.ifrc.org/api/DownloadFile/83876/MDRBD029dfr,BD,Bangladesh Fire Incident in Camp 11,2023-03-10 00:00:00+00:00,MDRBD029_27823.pdf,2023.0,True,True,DREF (JSON)
MDRTG010,3701,6353.0,27824,DREF Operation,Togo - Population Movement Savannah region (MDRTG010),MDRTG010do,2023-03-14T00:00:00Z,https://go-api.ifrc.org/api/DownloadFile/83908/MDRTG010do,TG,TGO: Population Movement 2023,2023-03-09 00:00:00+00:00,MDRTG010_27824.pdf,2023.0,False,False,Other
MDRTG010,3701,6353.0,27825,DREF Operation Update,Togo - Population Movement Savannah region (MDRTG010),MDRTG010du1,2023-08-14T00:00:00Z,https://go-api.ifrc.org/api/DownloadFile/85063/MDRTG010du1,TG,TGO: Population Movement 2023,2023-03-09 00:00:00+00:00,MDRTG010_27825.pdf,2023.0,False,False,Other
MDRTG010,3701,6353.0,27826,DREF Operation Update,Togo - Population Movement Savannah region (MDRTG010),MDRTG010ou2,2023-10-02T00:00:00Z,https://go-api.ifrc.org/api/DownloadFile/85352/MDRTG010ou2,TG,TGO: Population Movement 2023,2023-03-09 00:00:00+00:00,MDRTG010_27826.pdf,2023.0,False,False,Other
MDRTG010,3701,6353.0,27827,Emergency Appeal,Togo - Population Movement Savannah region (MDRTG010),MDRTG010ea,2023-12-04T00:00:00Z,https://go-api.ifrc.org/api/DownloadFile/86105/MDRTG010ea,TG,TGO: Population Movement 2023,2023-03-09 00:00:00+00:00,MDRTG010_27827.pdf,2023.0,False,False,Other
MDRTG010,3701,6353.0,27828,Operational strategy,Togo - Population Movement Savannah region (MDRTG010),MDRTG010_OS,2024-01-15T00:00:00Z,https://go-api.ifrc.org/api/DownloadFile/86668/MDRTG010_OS,TG,TGO: Population Movement 2023,2023-03-09 00:00:00+00:00,MDRTG010_27828.pdf,2023.0,False,False,Other
MDRTG010,3701,6353.0,27829,Operations Update,Togo - Population Movement Savannah region (MDRTG010),MDRTG010eu1,2024-04-15T00:00:00Z,https://go-api.ifrc.org/api/DownloadFile/87577/MDRTG010eu1,TG,TGO: Population Movement 2023,2023-03-09 00:00:00+00:00,MDRTG010_27829.pdf,2023.0,False,False,Other
MDRTG010,3701,6353.0,27830,Operations Update,Togo - Population Movement Savannah region (MDRTG010),MDRTG010ea_ou1 (1),2024-05-22T00:00:00Z,https://go-api.ifrc.org/api/DownloadFile/87657/MDRTG010ea_ou1-(1),TG,TGO: Population Movement 2023,2023-03-09 00:00:00+00:00,MDRTG010_27830.pdf,2023.0,False,False,Other
MDRTG010,3701,6353.0,27831,Contributions List,Togo - Population Movement Savannah region (MDRTG010),Donor Response,2023-03-09T00:00:00Z,https://www.ifrc.org/docs/appeals/Active/MDRTG010.pdf,TG,TGO: Population Movement 2023,2023-03-09 00:00:00+00:00,MDRTG010_27831.pdf,2023.0,False,False,Other
MDRTG010,3701,6353.0,27832,Operations Update,Togo - Population Movement Savannah region (MDRTG010),MDRTG010ou2,2025-02-03T00:00:00Z,https://go-api.ifrc.org/api/DownloadFile/90029/MDRTG010ou2,TG,TGO: Population Movement 2023,2023-03-09 00:00:00+00:00,MDRTG010_27832.pdf,2023.0,False,False,Other
MDRVU010,3700,6371.0,27833,DREF Operation,Vanuatu- Tropical Cyclone Judy and Kevin 2023 (MDRVU010),MDRVU010do,2023-03-09T00:00:00Z,https://go-api.ifrc.org/api/DownloadFile/83862/MDRVU010do,VU,Vanuatu Tropical Cyclone Judy and Kevin 2023,2023-03-08 00:00:00+00:00,MDRVU010_27833.pdf,2023.0,False,True,Other
MDRVU010,3700,6371.0,27834,DREF Operation Update,Vanuatu- Tropical Cyclone Judy and Kevin 2023 (MDRVU010),MDRVU010du1,2023-10-18T00:00:00Z,https://go-api.ifrc.org/api/DownloadFile/83887/MDRVU010du1,VU,Vanuatu Tropical Cyclone Judy and Kevin 2023,2023-03-08 00:00:00+00:00,MDRVU010_27834.pdf,2023.0,False,True,Other
MDRVU010,3700,6371.0,27835,DREF Operation Final Report,Vanuatu- Tropical Cyclone Judy and Kevin 2023 (MDRVU010),MDRVU010dfr,2024-07-01T00:00:00Z,https://go-api.ifrc.org/api/DownloadFile/83863/MDRVU010dfr,VU,Vanuatu Tropical Cyclone Judy and Kevin 2023,2023-03-08 00:00:00+00:00,MDRVU010_27835.pdf,2023.0,True,True,DREF (JSON)
MDRGA009,3699,6399.0,27836,DREF Operation,Gabon - Anticipatory actions for Marburg risk (MDRGA009),MDRGA009do,2023-03-09T00:00:00Z,https://go-api.ifrc.org/api/DownloadFile/83860/MDRGA009do,GA,GAB: Epidemic - 2023-02 - Marburg risk,2023-03-06 00:00:00+00:00,MDRGA009_27836.pdf,2023.0,False,True,Other
MDRGA009,3699,6399.0,27837,DREF Operation Update,Gabon - Anticipatory actions for Marburg risk (MDRGA009),MDRGA009du1,2023-06-30T00:00:00Z,https://go-api.ifrc.org/api/DownloadFile/84756/MDRGA009du1,GA,GAB: Epidemic - 2023-02 - Marburg risk,2023-03-06 00:00:00+00:00,MDRGA009_27837.pdf,2023.0,False,True,Other
MDRGA009,3699,6399.0,27838,DREF Operation Final Report,Gabon - Anticipatory actions for Marburg risk (MDRGA009),MDRGA009dfr,2024-08-14T00:00:00Z,https://go-api.ifrc.org/api/DownloadFile/83888/MDRGA009dfr,GA,GAB: Epidemic - 2023-02 - Marburg risk,2023-03-06 00:00:00+00:00,MDRGA009_27838.pdf,2023.0,True,True,DREF (JSON)
MDRCM033,3698,6400.0,27839,DREF Operation,Cameroon - Anticipatory action for Marburg (MDRCM033),MDRCM033do,2023-03-04T00:00:00Z,https://go-api.ifrc.org/api/DownloadFile/83809/MDRCM033do,CM,CMR: Epidemic - 2023-02 - Anticipatory action for Marburg,2023-03-01 00:00:00+00:00,MDRCM033_27839.pdf,2023.0,False,True,Other
MDRCM033,3698,6400.0,27840,DREF Operation Update,Cameroon - Anticipatory action for Marburg (MDRCM033),MDRCM033du1,2023-06-30T00:00:00Z,https://go-api.ifrc.org/api/DownloadFile/84729/MDRCM033du1,CM,CMR: Epidemic - 2023-02 - Anticipatory action for Marburg,2023-03-01 00:00:00+00:00,MDRCM033_27840.pdf,2023.0,False,True,Other
MDRCM033,3698,6400.0,27841,DREF Operation Final Report,Cameroon - Anticipatory action for Marburg (MDRCM033),MDRCM033dfr,2024-07-16T00:00:00Z,https://go-api.ifrc.org/api/DownloadFile/83810/MDRCM033dfr,CM,CMR: Epidemic - 2023-02 - Anticipatory action for Marburg,2023-03-01 00:00:00+00:00,MDRCM033_27841.pdf,2023.0,True,True,DREF (JSON)
MDRGQ003,3697,6350.0,27842,DREF Operation,Equatorial Guinea - Marburg Outbreak (MDRGQ003),MDRGQ003do,2023-03-01T00:00:00Z,https://go-api.ifrc.org/api/DownloadFile/83769/MDRGQ003do,GQ,GNQ: Épidémie - 2023-02 - Fièvre hemorragique virale,2023-02-26 00:00:00+00:00,MDRGQ003_27842.pdf,2023.0,False,False,Other
MDRGQ003,3697,6350.0,27843,Emergency Appeal,Equatorial Guinea - Marburg Outbreak (MDRGQ003),MDRGQ003ea,2023-03-27T00:00:00Z,https://go-api.ifrc.org/api/DownloadFile/84017/MDRGQ003ea,GQ,GNQ: Épidémie - 2023-02 - Fièvre hemorragique virale,2023-02-26 00:00:00+00:00,MDRGQ003_27843.pdf,2023.0,False,False,Other
MDRGQ003,3697,6350.0,27844,Emergency Appeal Revision,Equatorial Guinea - Marburg Outbreak (MDRGQ003),MDRGQ003_Revised OS,2024-01-02T00:00:00Z,https://go-api.ifrc.org/api/DownloadFile/86597/MDRGQ003_Revised-OS,GQ,GNQ: Épidémie - 2023-02 - Fièvre hemorragique virale,2023-02-26 00:00:00+00:00,MDRGQ003_27844.pdf,2023.0,False,False,Other
MDRGQ003,3697,6350.0,27845,Final Report,Equatorial Guinea - Marburg Outbreak (MDRGQ003),MDRGQ003efr,2025-12-17T00:00:00Z,https://go-api.ifrc.org/api/DownloadFile/94015/MDRGQ003efr,GQ,GNQ: Épidémie - 2023-02 - Fièvre hemorragique virale,2023-02-26 00:00:00+00:00,MDRGQ003_27845.pdf,2023.0,True,False,Emergency Appeal / Other
MDRZM019,3696,6362.0,27846,DREF Operation,Zambia - Flood in Southern Province (MDRZM019),MDRZM019do,2023-03-14T00:00:00Z,https://go-api.ifrc.org/api/DownloadFile/83754/MDRZM019do,ZM,ZMB: Flood,2023-01-24 00:00:00+00:00,MDRZM019_27846.pdf,2023.0,False,True,Other
MDRZM019,3696,6362.0,27847,DREF Operation Final Report,Zambia - Flood in Southern Province (MDRZM019),MDRZM019dfr,2023-12-19T00:00:00Z,https://go-api.ifrc.org/api/DownloadFile/85733/MDRZM019dfr,ZM,ZMB: Flood,2023-01-24 00:00:00+00:00,MDRZM019_27847.pdf,2023.0,True,True,DREF (JSON)
MDRMZ020,3695,6357.0,27848,DREF Operation,Mozambique - Floods (MDRMZ020),MDRMZ020do,2023-02-25T00:00:00Z,https://go-api.ifrc.org/api/DownloadFile/83734/MDRMZ020do,MZ,MOZ: Tropical Cyclone Freddy Response,2023-02-23 00:00:00+00:00,MDRMZ020_27848.pdf,2023.0,False,True,Other
MDRMZ020,3695,6357.0,27849,DREF Operation Update,Mozambique - Floods (MDRMZ020),MDRMZ020dU1,2023-03-27T00:00:00Z,https://go-api.ifrc.org/api/DownloadFile/84018/MDRMZ020dU1,MZ,MOZ: Tropical Cyclone Freddy Response,2023-02-23 00:00:00+00:00,MDRMZ020_27849.pdf,2023.0,False,True,Other
MDRMZ020,3695,6357.0,27850,DREF Operation Update,Mozambique - Floods (MDRMZ020),MDRMZ020du2,2023-08-31T00:00:00Z,https://go-api.ifrc.org/api/DownloadFile/85155/MDRMZ020du2,MZ,MOZ: Tropical Cyclone Freddy Response,2023-02-23 00:00:00+00:00,MDRMZ020_27850.pdf,2023.0,False,True,Other
MDRMZ020,3695,6357.0,27851,DREF Operation Final Report,Mozambique - Floods (MDRMZ020),MDRMZ020dfr,2025-05-28T00:00:00Z,https://go-api.ifrc.org/api/DownloadFile/83735/MDRMZ020dfr,MZ,MOZ: Tropical Cyclone Freddy Response,2023-02-23 00:00:00+00:00,MDRMZ020_27851.pdf,2023.0,True,True,DREF (JSON)
MDRMG020,3693,6358.0,27852,DREF Operation,Madagascar - Tropical Cyclone Freddy (MDRMG020),MDRMG020do,2023-02-23T00:00:00Z,https://go-api.ifrc.org/api/DownloadFile/83714/MDRMG020do,MG,MDG: Cyclone - 2023-02-21 - Freddy,2023-02-21 00:00:00+00:00,MDRMG020_27852.pdf,2023.0,False,True,Other
MDRMG020,3693,6358.0,27853,DREF Operation Update,Madagascar - Tropical Cyclone Freddy (MDRMG020),MDRMG020do..,2023-03-16T00:00:00Z,https://go-api.ifrc.org/api/DownloadFile/83721/MDRMG020do..,MG,MDG: Cyclone - 2023-02-21 - Freddy,2023-02-21 00:00:00+00:00,MDRMG020_27853.pdf,2023.0,False,True,Other
MDRMG020,3693,6358.0,27854,DREF Operation Update,Madagascar - Tropical Cyclone Freddy (MDRMG020),MDRMG020du2,2023-03-22T00:00:00Z,https://go-api.ifrc.org/api/DownloadFile/83980/MDRMG020du2,MG,MDG: Cyclone - 2023-02-21 - Freddy,2023-02-21 00:00:00+00:00,MDRMG020_27854.pdf,2023.0,False,True,Other
MDRMG020,3693,6358.0,27855,DREF Operation Update,Madagascar - Tropical Cyclone Freddy (MDRMG020),MDRMG020du3,2023-07-19T00:00:00Z,https://go-api.ifrc.org/api/DownloadFile/84868/MDRMG020du3,MG,MDG: Cyclone - 2023-02-21 - Freddy,2023-02-21 00:00:00+00:00,MDRMG020_27855.pdf,2023.0,False,True,Other
MDRMG020,3693,6358.0,27856,DREF Operation Final Report,Madagascar - Tropical Cyclone Freddy (MDRMG020),MDRMG020dfr,2024-04-04T00:00:00Z,https://go-api.ifrc.org/api/DownloadFile/83981/MDRMG020dfr,MG,MDG: Cyclone - 2023-02-21 - Freddy,2023-02-21 00:00:00+00:00,MDRMG020_27856.pdf,2023.0,True,True,DREF (JSON)
MDRLB013,3694,6359.0,27857,DREF Operation,Lebanon - Severe Weather (MDRLB013),MDRLB013do,2023-02-24T00:00:00Z,https://go-api.ifrc.org/api/DownloadFile/83723/MDRLB013do,LB,LBN: Other - 2023-01 - Lebanon Severe Weather (2023-02-06),2023-02-21 00:00:00+00:00,MDRLB013_27857.pdf,2023.0,False,True,Other
MDRLB013,3694,6359.0,27858,DREF Operation Final Report,Lebanon - Severe Weather (MDRLB013),MDRLB013fr,2023-10-03T00:00:00Z,https://go-api.ifrc.org/api/DownloadFile/83724/MDRLB013fr,LB,LBN: Other - 2023-01 - Lebanon Severe Weather (2023-02-06),2023-02-21 00:00:00+00:00,MDRLB013_27858.pdf,2023.0,True,True,DREF (JSON)
MDRPS014,3691,6351.0,27859,DREF Operation,"Palestine - Syria EQ 2023, PRCS-Syria Response (MDRPS014)",MDRPS014do,2023-02-17T00:00:00Z,https://go-api.ifrc.org/api/DownloadFile/83640/MDRPS014do,PS,"SYR: Earthquake - 2023-02 - Syria EQ 2023, PRCS-Syria Response",2023-02-17 00:00:00+00:00,MDRPS014_27859.pdf,2023.0,False,False,Other
MDRPS014,3691,6351.0,27860,DREF Operation Update,"Palestine - Syria EQ 2023, PRCS-Syria Response (MDRPS014)",MDRPS014ou1,2023-06-08T00:00:00Z,https://go-api.ifrc.org/api/DownloadFile/84576/MDRPS014ou1,PS,"SYR: Earthquake - 2023-02 - Syria EQ 2023, PRCS-Syria Response",2023-02-17 00:00:00+00:00,MDRPS014_27860.pdf,2023.0,False,False,Other
MDRSO015,3692,6363.0,27861,DREF Operation,Somalia - Population Movement (MDRSO015),MDRSO015do,2023-02-19T00:00:00Z,https://go-api.ifrc.org/api/DownloadFile/83657/MDRSO015do,SO,"SOM: Population Movement - 2023-02 - Laas Caanood, Sool Region",2023-02-17 00:00:00+00:00,MDRSO015_27861.pdf,2023.0,False,True,Other
MDRSO015,3692,6363.0,27862,DREF Operation Final Report,Somalia - Population Movement (MDRSO015),MDRSO015dfr,2023-11-29T00:00:00Z,https://go-api.ifrc.org/api/DownloadFile/83751/MDRSO015dfr,SO,"SOM: Population Movement - 2023-02 - Laas Caanood, Sool Region",2023-02-17 00:00:00+00:00,MDRSO015_27862.pdf,2023.0,True,True,DREF (JSON)
MDRKE055,3690,6365.0,27863,DREF/EAP Summary,Kenya - Drought (MDRKE055),MDRKE055_EAP,2023-02-19T00:00:00Z,https://go-api.ifrc.org/api/DownloadFile/83658/MDRKE055_EAP,KE,KEN: Drought - 2023-02,2023-02-16 00:00:00+00:00,MDRKE055_27863.pdf,2023.0,False,False,Other
MDRKE055,3690,6365.0,27864,DREF/EAP Update,Kenya - Drought (MDRKE055),MDRKE055 EAP Update 2.,2025-06-05T00:00:00Z,https://go-api.ifrc.org/api/DownloadFile/90708/MDRKE055-EAP-Update-2.,KE,KEN: Drought - 2023-02,2023-02-16 00:00:00+00:00,MDRKE055_27864.pdf,2023.0,False,False,Other
MDRKE055,3690,6365.0,27865,DREF/EAP Update,Kenya - Drought (MDRKE055),MDRKE055 EAP Update 1,2025-06-05T00:00:00Z,https://go-api.ifrc.org/api/DownloadFile/90707/MDRKE055-EAP-Update-1,KE,KEN: Drought - 2023-02,2023-02-16 00:00:00+00:00,MDRKE055_27865.pdf,2023.0,False,False,Other
MDRKE055,3690,6365.0,27866,DREF/EAP Activation,Kenya - Drought (MDRKE055),MDRKE055_EAP Activation,2025-09-16T00:00:00Z,https://go-api.ifrc.org/api/DownloadFile/92390/MDRKE055_EAP-Activation,KE,KEN: Drought - 2023-02,2023-02-16 00:00:00+00:00,MDRKE055_27866.pdf,2023.0,False,False,Other
MDRNA013,3689,6347.0,27867,DREF Operation,Namibia - Floods (MDRNA013),MDRNA013dfr,2023-02-18T00:00:00Z,https://go-api.ifrc.org/api/DownloadFile/83646/MDRNA013dfr,NA,NAM: Flood - 2023-01 - NAM:Flood-2023,2023-02-16 00:00:00+00:00,MDRNA013_27867.pdf,2023.0,False,True,Other
MDRNA013,3689,6347.0,27868,DREF Operation,Namibia - Floods (MDRNA013),DREF Operation,2023-02-18T00:00:00Z,https://go-api.ifrc.org/api/DownloadFile/83646/DREF-Operation,NA,NAM: Flood - 2023-01 - NAM:Flood-2023,2023-02-16 00:00:00+00:00,MDRNA013_27868.pdf,2023.0,False,True,Other
MDRNG036,3687,6364.0,27875,DREF Operation,Nigeria - Elections Readiness (MDRNG036),DREF Operation,2023-02-10T00:00:00Z,https://go-api.ifrc.org/api/DownloadFile/83553/DREF-Operation,NG,NGA: Nigeria - Anticipatory actions towards General Elections,2023-02-08 00:00:00+00:00,MDRNG036_27875.pdf,2023.0,False,True,Other
MDRNG036,3687,6364.0,27876,DREF Operation Final Report,Nigeria - Elections Readiness (MDRNG036),MDRNG036dfr,2024-01-10T00:00:00Z,https://go-api.ifrc.org/api/DownloadFile/83554/MDRNG036dfr,NG,NGA: Nigeria - Anticipatory actions towards General Elections,2023-02-08 00:00:00+00:00,MDRNG036_27876.pdf,2023.0,True,True,DREF (JSON)
MDRSY009,3686,6346.0,27877,Emergency Appeal,Syria - Earthquake (MDRSY009),MDRSY009-Syria EQ Emergency Appeal Feb 2023,2023-02-07T00:00:00Z,https://go-api.ifrc.org/api/DownloadFile/83492/MDRSY009-Syria-EQ-Emergency-Appeal-Feb-2023,SY,Syria: Earthquake - 2023-02,2023-02-06 00:00:00+00:00,MDRSY009_27877.pdf,2023.0,False,False,Other
MDRSY009,3686,6346.0,27878,Emergency Appeal Revision,Syria - Earthquake (MDRSY009),MDRSY009rea,2023-02-16T00:00:00Z,https://go-api.ifrc.org/api/DownloadFile/83631/MDRSY009rea,SY,Syria: Earthquake - 2023-02,2023-02-06 00:00:00+00:00,MDRSY009_27878.pdf,2023.0,False,False,Other
MDRSY009,3686,6346.0,27879,Operational strategy,Syria - Earthquake (MDRSY009),MDRSY009os,2023-03-12T00:00:00Z,https://go-api.ifrc.org/api/DownloadFile/83883/MDRSY009os,SY,Syria: Earthquake - 2023-02,2023-02-06 00:00:00+00:00,MDRSY009_27879.pdf,2023.0,False,False,Other
MDRSY009,3686,6346.0,27880,Operations Update,Syria - Earthquake (MDRSY009),MDRSY009 Operations Update 1,2023-04-20T00:00:00Z,https://go-api.ifrc.org/api/DownloadFile/84258/MDRSY009-Operations-Update-1,SY,Syria: Earthquake - 2023-02,2023-02-06 00:00:00+00:00,MDRSY009_27880.pdf,2023.0,False,False,Other
MDRSY009,3686,6346.0,27881,Operations Update,Syria - Earthquake (MDRSY009),MDRSY009OU2,2023-12-22T00:00:00Z,https://go-api.ifrc.org/api/DownloadFile/86543/MDRSY009OU2,SY,Syria: Earthquake - 2023-02,2023-02-06 00:00:00+00:00,MDRSY009_27881.pdf,2023.0,False,False,Other
MDRSY009,3686,6346.0,27882,Operations Update,Syria - Earthquake (MDRSY009),MDRSY009OU3,2024-05-16T00:00:00Z,https://go-api.ifrc.org/api/DownloadFile/87825/MDRSY009OU3,SY,Syria: Earthquake - 2023-02,2023-02-06 00:00:00+00:00,MDRSY009_27882.pdf,2023.0,False,False,Other
MDRSY009,3686,6346.0,27883,Operations Update,Syria - Earthquake (MDRSY009),MDRSY009OU4,2025-06-23T00:00:00Z,https://go-api.ifrc.org/api/DownloadFile/91460/MDRSY009OU4,SY,Syria: Earthquake - 2023-02,2023-02-06 00:00:00+00:00,MDRSY009_27883.pdf,2023.0,False,False,Other
MDRSY009,3686,6346.0,27884,Operations Update,Syria - Earthquake (MDRSY009),MDRSY009OU5,2026-02-18T00:00:00Z,https://go-api.ifrc.org/api/DownloadFile/91660/MDRSY009OU5,SY,Syria: Earthquake - 2023-02,2023-02-06 00:00:00+00:00,MDRSY009_27884.pdf,2023.0,False,False,Other
MDRTR004,3685,6345.0,27885,Emergency Appeal,Turkiye - Earthquake (MDRTR004),MDRTR004ea,2023-02-07T00:00:00Z,https://go-api.ifrc.org/api/DownloadFile/83491/MDRTR004ea,TR,Türkiye : Earthquake - 2023-02,2023-02-06 00:00:00+00:00,MDRTR004_27885.pdf,2023.0,False,False,Other
MDRTR004,3685,6345.0,27886,Emergency Appeal Revision,Turkiye - Earthquake (MDRTR004),MDRTR004rea,2023-02-16T00:00:00Z,https://go-api.ifrc.org/api/DownloadFile/83629/MDRTR004rea,TR,Türkiye : Earthquake - 2023-02,2023-02-06 00:00:00+00:00,MDRTR004_27886.pdf,2023.0,False,False,Other
MDRTR004,3685,6345.0,27887,Operational strategy,Turkiye - Earthquake (MDRTR004),MDRTR004os,2023-02-21T00:00:00Z,https://go-api.ifrc.org/api/DownloadFile/83680/MDRTR004os,TR,Türkiye : Earthquake - 2023-02,2023-02-06 00:00:00+00:00,MDRTR004_27887.pdf,2023.0,False,False,Other
MDRTR004,3685,6345.0,27888,Operations Update,Turkiye - Earthquake (MDRTR004),MDRTR004ou1,2023-03-13T00:00:00Z,https://go-api.ifrc.org/api/DownloadFile/83897/MDRTR004ou1,TR,Türkiye : Earthquake - 2023-02,2023-02-06 00:00:00+00:00,MDRTR004_27888.pdf,2023.0,False,False,Other
MDRTR004,3685,6345.0,27889,Operations Update,Turkiye - Earthquake (MDRTR004),MDRTR004ou2,2023-04-22T00:00:00Z,https://go-api.ifrc.org/api/DownloadFile/83898/MDRTR004ou2,TR,Türkiye : Earthquake - 2023-02,2023-02-06 00:00:00+00:00,MDRTR004_27889.pdf,2023.0,False,False,Other
MDRTR004,3685,6345.0,27890,Emergency Appeal Revision,Turkiye - Earthquake (MDRTR004),MDRTR004rea2,2023-06-02T00:00:00Z,https://go-api.ifrc.org/api/DownloadFile/84552/MDRTR004rea2,TR,Türkiye : Earthquake - 2023-02,2023-02-06 00:00:00+00:00,MDRTR004_27890.pdf,2023.0,False,False,Other
MDRTR004,3685,6345.0,27891,Operational strategy,Turkiye - Earthquake (MDRTR004),MDRTR004os2,2023-06-07T00:00:00Z,https://go-api.ifrc.org/api/DownloadFile/84575/MDRTR004os2,TR,Türkiye : Earthquake - 2023-02,2023-02-06 00:00:00+00:00,MDRTR004_27891.pdf,2023.0,False,False,Other
MDRTR004,3685,6345.0,27892,Operations Update,Turkiye - Earthquake (MDRTR004),MDRTR004ou3,2023-07-05T00:00:00Z,https://go-api.ifrc.org/api/DownloadFile/83899/MDRTR004ou3,TR,Türkiye : Earthquake - 2023-02,2023-02-06 00:00:00+00:00,MDRTR004_27892.pdf,2023.0,False,False,Other
MDRTR004,3685,6345.0,27893,6 month update,Turkiye - Earthquake (MDRTR004),MDRTR004ou4,2023-09-30T00:00:00Z,https://go-api.ifrc.org/api/DownloadFile/83900/MDRTR004ou4,TR,Türkiye : Earthquake - 2023-02,2023-02-06 00:00:00+00:00,MDRTR004_27893.pdf,2023.0,False,False,Other
MDRTR004,3685,6345.0,27894,Operations Update,Turkiye - Earthquake (MDRTR004),MDRTR004ou5,2024-02-02T00:00:00Z,https://go-api.ifrc.org/api/DownloadFile/83901/MDRTR004ou5,TR,Türkiye : Earthquake - 2023-02,2023-02-06 00:00:00+00:00,MDRTR004_27894.pdf,2023.0,False,False,Other
MDRTR004,3685,6345.0,27895,Operations Update,Turkiye - Earthquake (MDRTR004),MDRTR004ou6,2024-07-08T00:00:00Z,https://go-api.ifrc.org/api/DownloadFile/83902/MDRTR004ou6,TR,Türkiye : Earthquake - 2023-02,2023-02-06 00:00:00+00:00,MDRTR004_27895.pdf,2023.0,False,False,Other
MDRTR004,3685,6345.0,27896,Audited Financial Statement,Turkiye - Earthquake (MDRTR004),MDRTR004fs23,2024-08-19T00:00:00Z,https://go-api.ifrc.org/api/DownloadFile/88548/MDRTR004fs23,TR,Türkiye : Earthquake - 2023-02,2023-02-06 00:00:00+00:00,MDRTR004_27896.pdf,2023.0,False,False,Other
MDRTR004,3685,6345.0,27897,Audited Financial Statement,Turkiye - Earthquake (MDRTR004),MDRTR004afs24,2025-11-26T00:00:00Z,https://go-api.ifrc.org/api/DownloadFile/94387/MDRTR004afs24,TR,Türkiye : Earthquake - 2023-02,2023-02-06 00:00:00+00:00,MDRTR004_27897.pdf,2023.0,False,False,Other
MDRTR004,3685,6345.0,27898,6 month update,Turkiye - Earthquake (MDRTR004),6 month update,2023-09-30T00:00:00Z,https://adore.ifrc.org/Download.aspx?FileId=739447,TR,Türkiye : Earthquake - 2023-02,2023-02-06 00:00:00+00:00,MDRTR004_27898.pdf,2023.0,False,False,Other
MDRTR004,3685,6345.0,27899,Operations Update,Turkiye - Earthquake (MDRTR004),MDRTR004ou7,2024-12-06T00:00:00Z,https://go-api.ifrc.org/api/DownloadFile/83903/MDRTR004ou7,TR,Türkiye : Earthquake - 2023-02,2023-02-06 00:00:00+00:00,MDRTR004_27899.pdf,2023.0,False,False,Other
MDRTR004,3685,6345.0,27900,Final Report,Turkiye - Earthquake (MDRTR004),MDRTR004far,2025-11-03T00:00:00Z,https://go-api.ifrc.org/api/DownloadFile/83904/MDRTR004far,TR,Türkiye : Earthquake - 2023-02,2023-02-06 00:00:00+00:00,MDRTR004_27900.pdf,2023.0,True,False,Emergency Appeal / Other
MDRZM018,3684,6337.0,27901,DREF Operation,Zambia - Cholera Eastern Province (MDRZM018),DREF Operation,2023-02-03T00:00:00Z,https://go-api.ifrc.org/api/DownloadFile/83480/DREF-Operation,ZM,ZMB: Epidemic - 2023-01 - Cholera Epidemic,2023-02-02 00:00:00+00:00,MDRZM018_27901.pdf,2023.0,False,True,Other
MDRZM018,3684,6337.0,27902,DREF Operation Update,Zambia - Cholera Eastern Province (MDRZM018),MDRZM018do,2023-02-25T00:00:00Z,https://go-api.ifrc.org/api/DownloadFile/83733/MDRZM018do,ZM,ZMB: Epidemic - 2023-01 - Cholera Epidemic,2023-02-02 00:00:00+00:00,MDRZM018_27902.pdf,2023.0,False,True,Other
MDRZM018,3684,6337.0,27903,DREF Operation Final Report,Zambia - Cholera Eastern Province (MDRZM018),MDRZM018dfr,2024-03-13T00:00:00Z,https://go-api.ifrc.org/api/DownloadFile/83482/MDRZM018dfr,ZM,ZMB: Epidemic - 2023-01 - Cholera Epidemic,2023-02-02 00:00:00+00:00,MDRZM018_27903.pdf,2023.0,True,True,DREF (JSON)
MDRHN018,3682,6341.0,27904,DREF/EAP Summary,Honduras - Drought (MDRHN018),EAP2023HN02_EAPSummary,2023-03-08T00:00:00Z,https://go-api.ifrc.org/api/DownloadFile/83851/EAP2023HN02_EAPSummary,HN,HONDURAS: Drought,2023-02-01 00:00:00+00:00,MDRHN018_27904.pdf,2023.0,False,False,Other
MDRHN018,3682,6341.0,27905,Forecast-based Triggered Action,Honduras - Drought (MDRHN018),MDRHN018ea,2023-07-13T00:00:00Z,https://go-api.ifrc.org/api/DownloadFile/84832/MDRHN018ea,HN,HONDURAS: Drought,2023-02-01 00:00:00+00:00,MDRHN018_27905.pdf,2023.0,False,False,Other
MDRHN018,3682,6341.0,27906,DREF/EAP Final Report,Honduras - Drought (MDRHN018),MDRHN018.EAP2023HN02.fr,2024-02-27T00:00:00Z,https://go-api.ifrc.org/api/DownloadFile/84833/MDRHN018.EAP2023HN02.fr,HN,HONDURAS: Drought,2023-02-01 00:00:00+00:00,MDRHN018_27906.pdf,2023.0,True,False,Emergency Appeal / Other
MDRIR013,3683,6339.0,27907,DREF Operation,Iran - Earthquake Khoy West Azarbayejan EQ 2023 (MDRIR013),"DREF Iran - Khoy, West Azarbayejan EQ 2023",2023-02-03T00:00:00Z,"https://go-api.ifrc.org/api/DownloadFile/83481/DREF-Iran---Khoy,-West-Azarbayejan-EQ-2023",IR,IRN: Earthquake - 2023-01 - Safa EQ West Azarbayejan 2023,2023-02-01 00:00:00+00:00,MDRIR013_27907.pdf,2023.0,False,True,Other
MDRIR013,3683,6339.0,27908,DREF Operation Update,Iran - Earthquake Khoy West Azarbayejan EQ 2023 (MDRIR013),MDRIR013dou,2023-03-28T00:00:00Z,https://go-api.ifrc.org/api/DownloadFile/84025/MDRIR013dou,IR,IRN: Earthquake - 2023-01 - Safa EQ West Azarbayejan 2023,2023-02-01 00:00:00+00:00,MDRIR013_27908.pdf,2023.0,False,True,Other
MDRIR013,3683,6339.0,27909,DREF Operation Final Report,Iran - Earthquake Khoy West Azarbayejan EQ 2023 (MDRIR013),MDRIR013fr,2025-07-14T00:00:00Z,https://go-api.ifrc.org/api/DownloadFile/90588/MDRIR013fr,IR,IRN: Earthquake - 2023-01 - Safa EQ West Azarbayejan 2023,2023-02-01 00:00:00+00:00,MDRIR013_27909.pdf,2023.0,True,True,DREF (JSON)
MDRUY004,3681,6330.0,27910,DREF Operation,Uruguay - Drought (MDRUY004),MDRUY004do,2023-01-30T00:00:00Z,https://go-api.ifrc.org/api/DownloadFile/83430/MDRUY004do,UY,URUGUAY: Drought,2023-01-29 00:00:00+00:00,MDRUY004_27910.pdf,2023.0,False,True,Other
MDRUY004,3681,6330.0,27911,DREF Operation Update,Uruguay - Drought (MDRUY004),Operational Update Uruguay Droughts MDRUY004ou1,2023-04-17T00:00:00Z,https://go-api.ifrc.org/api/DownloadFile/84217/Operational-Update-Uruguay-Droughts-MDRUY004ou1,UY,URUGUAY: Drought,2023-01-29 00:00:00+00:00,MDRUY004_27911.pdf,2023.0,False,True,Other
MDRUY004,3681,6330.0,27912,DREF Operation Update,Uruguay - Drought (MDRUY004),MDRUY004ou2,2023-07-21T00:00:00Z,https://go-api.ifrc.org/api/DownloadFile/84891/MDRUY004ou2,UY,URUGUAY: Drought,2023-01-29 00:00:00+00:00,MDRUY004_27912.pdf,2023.0,False,True,Other
MDRUY004,3681,6330.0,27913,DREF Operation Final Report,Uruguay - Drought (MDRUY004),MDRUY004fr,2023-11-30T00:00:00Z,https://go-api.ifrc.org/api/DownloadFile/83431/MDRUY004fr,UY,URUGUAY: Drought,2023-01-29 00:00:00+00:00,MDRUY004_27913.pdf,2023.0,True,True,DREF (JSON)
MDRGW004,3680,6328.0,27914,DREF Operation,Guinea Bissau - Fire incident Menegue (MDRGW004),DREF Operation,2023-01-31T00:00:00Z,https://go-api.ifrc.org/api/DownloadFile/83441/DREF-Operation,GW,GNB: Fire - 2023-01 - Menegue Fire Incident,2023-01-29 00:00:00+00:00,MDRGW004_27914.pdf,2023.0,False,True,Other
MDRGW004,3680,6328.0,27915,DREF Operation Final Report,Guinea Bissau - Fire incident Menegue (MDRGW004),MDRGW004dfr,2024-06-25T00:00:00Z,https://go-api.ifrc.org/api/DownloadFile/83581/MDRGW004dfr,GW,GNB: Fire - 2023-01 - Menegue Fire Incident,2023-01-29 00:00:00+00:00,MDRGW004_27915.pdf,2023.0,True,True,DREF (JSON)
MDRZM017,3679,6362.0,27916,DREF/EAP Activation,Zambia - Flood (MDRZM017),MDRZM017 EAP Notification Zambia Floods,2023-01-26T00:00:00Z,https://go-api.ifrc.org/api/DownloadFile/83403/MDRZM017-EAP-Notification-Zambia-Floods,ZM,ZMB: Flood,2023-01-24 00:00:00+00:00,MDRZM017_27916.pdf,2023.0,False,False,Other
MDRZM017,3679,6362.0,27917,DREF/EAP Activation Report,Zambia - Flood (MDRZM017),EAP2020ZM01fr,2023-09-22T00:00:00Z,https://go-api.ifrc.org/api/DownloadFile/83446/EAP2020ZM01fr,ZM,ZMB: Flood,2023-01-24 00:00:00+00:00,MDRZM017_27917.pdf,2023.0,False,False,Other
MDRZM017,3679,6362.0,27918,DREF/EAP Final Report,Zambia - Flood (MDRZM017),EAP MDRZM017 FINAL,2025-06-05T00:00:00Z,https://go-api.ifrc.org/api/DownloadFile/91338/EAP-MDRZM017-FINAL,ZM,ZMB: Flood,2023-01-24 00:00:00+00:00,MDRZM017_27918.pdf,2023.0,True,False,Emergency Appeal / Other
MDRMZ019,3678,6316.0,27919,DREF Operation,Mozambique - Cholera Outbreak and Floods Readiness (MDRMZ019),DREF Operation,2023-01-31T00:00:00Z,https://go-api.ifrc.org/api/DownloadFile/83437/DREF-Operation,MZ,MOZ: Epidemic - 2022-12 - Cholera outbreak,2023-01-20 00:00:00+00:00,MDRMZ019_27919.pdf,2023.0,False,True,Other
MDRMZ019,3678,6316.0,27920,DREF Operation Final Report,Mozambique - Cholera Outbreak and Floods Readiness (MDRMZ019),MDRMZ019dfr,2025-04-09T00:00:00Z,https://go-api.ifrc.org/api/DownloadFile/83497/MDRMZ019dfr,MZ,MOZ: Epidemic - 2022-12 - Cholera outbreak,2023-01-20 00:00:00+00:00,MDRMZ019_27920.pdf,2023.0,True,True,DREF (JSON)
MDRMZ019,3678,6316.0,27921,DREF Operation Update,Mozambique - Cholera Outbreak and Floods Readiness (MDRMZ019),MDRMZ019du1,2023-07-02T00:00:00Z,https://go-api.ifrc.org/api/DownloadFile/84765/MDRMZ019du1,MZ,MOZ: Epidemic - 2022-12 - Cholera outbreak,2023-01-20 00:00:00+00:00,MDRMZ019_27921.pdf,2023.0,False,True,Other
MDRCG020,3677,6293.0,27922,DREF Operation,Republic of Congo - Floods (MDRCG020),DREF Operation,2023-01-20T00:00:00Z,https://go-api.ifrc.org/api/DownloadFile/83360/DREF-Operation,CG,COG: Flood - 2022-12 - Flood ,2023-01-10 00:00:00+00:00,MDRCG020_27922.pdf,2023.0,False,True,Other
MDRCG020,3677,6293.0,27923,DREF Operation Final Report,Republic of Congo - Floods (MDRCG020),MDRCG020fr,2024-01-05T00:00:00Z,https://go-api.ifrc.org/api/DownloadFile/83499/MDRCG020fr,CG,COG: Flood - 2022-12 - Flood ,2023-01-10 00:00:00+00:00,MDRCG020_27923.pdf,2023.0,True,True,DREF (JSON)
MDRSL014,3676,6307.0,27924,DREF Operation Final Report,Sierra Leone - Funkia Fire Incident (MDRSL014),MDRSL014dfr,2024-03-13T00:00:00Z,https://go-api.ifrc.org/api/DownloadFile/86767/MDRSL014dfr,SL,SLE: Fire - 2022-12 - Freetown Fire Incident ,2023-01-10 00:00:00+00:00,MDRSL014_27924.pdf,2023.0,True,True,DREF (JSON)
MDRSL014,3676,6307.0,27925,DREF Operation,Sierra Leone - Funkia Fire Incident (MDRSL014),DREF Operation,2023-01-12T00:00:00Z,https://go-api.ifrc.org/api/DownloadFile/R67970/DREF-Operation,SL,SLE: Fire - 2022-12 - Freetown Fire Incident ,2023-01-10 00:00:00+00:00,MDRSL014_27925.pdf,2023.0,False,True,Other
MDRKE054,3674,6304.0,27926,DREF Operation,Kenya - Cholera Outbreak (MDRKE054),DREF Operation,2023-01-16T00:00:00Z,https://go-api.ifrc.org/api/DownloadFile/83281/DREF-Operation,KE,KEN: Epidemic - 2022-10 - Cholera Outbreak,2023-01-07 00:00:00+00:00,MDRKE054_27926.pdf,2023.0,False,True,Other
MDRKE054,3674,6304.0,27927,DREF Operation Update,Kenya - Cholera Outbreak (MDRKE054),MDRKE054du1,2023-04-18T00:00:00Z,https://go-api.ifrc.org/api/DownloadFile/84226/MDRKE054du1,KE,KEN: Epidemic - 2022-10 - Cholera Outbreak,2023-01-07 00:00:00+00:00,MDRKE054_27927.pdf,2023.0,False,True,Other
MDRKE054,3674,6304.0,27928,DREF Operation Update,Kenya - Cholera Outbreak (MDRKE054),MDRKE054du2,2023-07-22T00:00:00Z,https://go-api.ifrc.org/api/DownloadFile/84893/MDRKE054du2,KE,KEN: Epidemic - 2022-10 - Cholera Outbreak,2023-01-07 00:00:00+00:00,MDRKE054_27928.pdf,2023.0,False,True,Other
MDRKE054,3674,6304.0,27929,DREF Operation Final Report,Kenya - Cholera Outbreak (MDRKE054),MDRKE054dfr,2024-07-10T00:00:00Z,https://go-api.ifrc.org/api/DownloadFile/84225/MDRKE054dfr,KE,KEN: Epidemic - 2022-10 - Cholera Outbreak,2023-01-07 00:00:00+00:00,MDRKE054_27929.pdf,2023.0,True,True,DREF (JSON)
MDRCL015,3675,6314.0,27930,DREF Operation Update,Chile - Fires (MDRCL015),MDRCL015ou1,2023-02-17T00:00:00Z,https://go-api.ifrc.org/api/DownloadFile/83642/MDRCL015ou1,CL,CHILE: Fires Viña del Mar,2022-12-31 00:00:00+00:00,MDRCL015_27930.pdf,2022.0,False,True,Other
MDRCL015,3675,6314.0,27931,DREF Operation Final Report,Chile - Fires (MDRCL015),MDRCL015fr,2023-08-29T00:00:00Z,https://go-api.ifrc.org/api/DownloadFile/83484/MDRCL015fr,CL,CHILE: Fires Viña del Mar,2022-12-31 00:00:00+00:00,MDRCL015_27931.pdf,2022.0,True,True,DREF (JSON)
MDRCL015,3675,6314.0,27932,DREF Operation,Chile - Fires (MDRCL015),MDRCL015do,2023-01-10T00:00:00Z,https://go-api.ifrc.org/api/DownloadFile/R67940/MDRCL015do,CL,CHILE: Fires Viña del Mar,2022-12-31 00:00:00+00:00,MDRCL015_27932.pdf,2022.0,False,True,Other
MDRLK016,3672,6324.0,27933,DREF Operation Update,Sri Lanka - Population Movement (MDRLK016),MDRLK016_OU1,2023-04-02T00:00:00Z,https://go-api.ifrc.org/api/DownloadFile/84086/MDRLK016_OU1,LK,Sri Lanka - Population Movement,2022-12-29 00:00:00+00:00,MDRLK016_27933.pdf,2022.0,False,True,Other
MDRLK016,3672,6324.0,27934,DREF Operation Final Report,Sri Lanka - Population Movement (MDRLK016),MDRLK016dfr,2023-07-31T00:00:00Z,https://go-api.ifrc.org/api/DownloadFile/67926/MDRLK016dfr,LK,Sri Lanka - Population Movement,2022-12-29 00:00:00+00:00,MDRLK016_27934.pdf,2022.0,True,True,DREF (JSON)
MDRLK016,3672,6324.0,27935,DREF Operation,Sri Lanka - Population Movement (MDRLK016),DREF Operation,2022-12-29T00:00:00Z,https://adore.ifrc.org/Download.aspx?FileId=620054,LK,Sri Lanka - Population Movement,2022-12-29 00:00:00+00:00,MDRLK016_27935.pdf,2022.0,False,True,Other
MDRCD039,3671,6298.0,27936,DREF Operation Update,DR Congo - Floods in Kinshasa (MDRCD039),MDRCD039du1,2023-04-28T00:00:00Z,https://go-api.ifrc.org/api/DownloadFile/84311/MDRCD039du1,CD,COD: Flood - 2022-12 - Floods in the city of Kinshasa ,2022-12-28 00:00:00+00:00,MDRCD039_27936.pdf,2022.0,False,True,Other
MDRCD039,3671,6298.0,27937,DREF Operation Final Report,DR Congo - Floods in Kinshasa (MDRCD039),MDRCD039dfr,2024-05-28T00:00:00Z,https://go-api.ifrc.org/api/DownloadFile/83498/MDRCD039dfr,CD,COD: Flood - 2022-12 - Floods in the city of Kinshasa ,2022-12-28 00:00:00+00:00,MDRCD039_27937.pdf,2022.0,True,True,DREF (JSON)
MDRCD039,3671,6298.0,27938,DREF Operation,DR Congo - Floods in Kinshasa (MDRCD039),MDRCD039do,2023-01-09T00:00:00Z,https://go-api.ifrc.org/api/DownloadFile/R67932/MDRCD039do,CD,COD: Flood - 2022-12 - Floods in the city of Kinshasa ,2022-12-28 00:00:00+00:00,MDRCD039_27938.pdf,2022.0,False,True,Other
MDRMY009,3665,6274.0,27939,DREF Operation Update,Malaysia - Floods (MDRMY009),MDRMY009OU1,2023-03-12T00:00:00Z,https://go-api.ifrc.org/api/DownloadFile/83884/MDRMY009OU1,MY,Malaysia Floods 2022 (East Coast Monsoon),2022-12-25 00:00:00+00:00,MDRMY009_27939.pdf,2022.0,False,True,Other
MDRMY009,3665,6274.0,27940,DREF Operation Final Report,Malaysia - Floods (MDRMY009),MDRMY009dfr,2023-09-29T00:00:00Z,https://go-api.ifrc.org/api/DownloadFile/67890/MDRMY009dfr,MY,Malaysia Floods 2022 (East Coast Monsoon),2022-12-25 00:00:00+00:00,MDRMY009_27940.pdf,2022.0,True,True,DREF (JSON)
MDRMY009,3665,6274.0,27941,DREF Operation,Malaysia - Floods (MDRMY009),DREF Operation,2022-12-27T00:00:00Z,https://adore.ifrc.org/Download.aspx?FileId=618975,MY,Malaysia Floods 2022 (East Coast Monsoon),2022-12-25 00:00:00+00:00,MDRMY009_27941.pdf,2022.0,False,True,Other
MDRZA013,3663,6295.0,27942,DREF Operation Update,South Africa - Floods (MDRZA013),MDRZA013do,2023-03-16T00:00:00Z,https://go-api.ifrc.org/api/DownloadFile/67892/MDRZA013do,ZA,ZAF: Flood - 2022-12 - Flash Floods in Gauteng and North West Province,2022-12-24 00:00:00+00:00,MDRZA013_27942.pdf,2022.0,False,True,Other
MDRZA013,3663,6295.0,27943,DREF Operation Final Report,South Africa - Floods (MDRZA013),MDRZA013dfr,2024-05-31T00:00:00Z,https://go-api.ifrc.org/api/DownloadFile/87059/MDRZA013dfr,ZA,ZAF: Flood - 2022-12 - Flash Floods in Gauteng and North West Province,2022-12-24 00:00:00+00:00,MDRZA013_27943.pdf,2022.0,True,True,DREF (JSON)
MDRZA013,3663,6295.0,27944,DREF Operation,South Africa - Floods (MDRZA013),DREF Operation,2022-12-27T00:00:00Z,https://adore.ifrc.org/Download.aspx?FileId=619037,ZA,ZAF: Flood - 2022-12 - Flash Floods in Gauteng and North West Province,2022-12-24 00:00:00+00:00,MDRZA013_27944.pdf,2022.0,False,True,Other
MDRBA014,3664,6291.0,27945,DREF Operation Final Report,Bosnia and Herzegovina - Floods (MDRBA014),MDRBA014dfr,2023-08-28T00:00:00Z,https://go-api.ifrc.org/api/DownloadFile/67894/MDRBA014dfr,BA,BIH: Flood - 2022-12 - Flood,2022-12-24 00:00:00+00:00,MDRBA014_27945.pdf,2022.0,True,True,DREF (JSON)
MDRBA014,3664,6291.0,27946,DREF Operation,Bosnia and Herzegovina - Floods (MDRBA014),DREF Operation,2022-12-27T00:00:00Z,https://adore.ifrc.org/Download.aspx?FileId=619045,BA,BIH: Flood - 2022-12 - Flood,2022-12-24 00:00:00+00:00,MDRBA014_27946.pdf,2022.0,False,True,Other
MDRLS006,3662,6470.0,27947,DREF/EAP Summary,Lesotho - Drought (EAP2022LS01) (MDRLS006),EAP Summary,2023-01-31T00:00:00Z,https://go-api.ifrc.org/api/DownloadFile/83434/EAP-Summary,LS,LSO-Drought(Anticipatory action),2022-12-21 00:00:00+00:00,MDRLS006_27947.pdf,2022.0,False,False,Other
MDRLS006,3662,6470.0,27948,DREF/EAP Update,Lesotho - Drought (EAP2022LS01) (MDRLS006),MDRLS006 EAP Update 1,2024-09-25T00:00:00Z,https://go-api.ifrc.org/api/DownloadFile/83527/MDRLS006-EAP-Update-1,LS,LSO-Drought(Anticipatory action),2022-12-21 00:00:00+00:00,MDRLS006_27948.pdf,2022.0,False,False,Other
MDRLS006,3662,6470.0,27949,DREF/EAP Update,Lesotho - Drought (EAP2022LS01) (MDRLS006),MDRLS006 EAP Update 2,2025-03-06T00:00:00Z,https://go-api.ifrc.org/api/DownloadFile/83528/MDRLS006-EAP-Update-2,LS,LSO-Drought(Anticipatory action),2022-12-21 00:00:00+00:00,MDRLS006_27949.pdf,2022.0,False,False,Other
MDRET029,3661,6426.0,27950,DREF Operation Update,Ethiopia - Tigray Crisis (MDRET029),MDRET029du1,2023-03-30T00:00:00Z,https://go-api.ifrc.org/api/DownloadFile/84067/MDRET029du1,ET,Ethiopia - Tigray Crisis,2022-12-15 00:00:00+00:00,MDRET029_27950.pdf,2022.0,False,True,Other
MDRET029,3661,6426.0,27951,DREF Operation Update,Ethiopia - Tigray Crisis (MDRET029),MDRET029du2,2023-08-25T00:00:00Z,https://go-api.ifrc.org/api/DownloadFile/85129/MDRET029du2,ET,Ethiopia - Tigray Crisis,2022-12-15 00:00:00+00:00,MDRET029_27951.pdf,2022.0,False,True,Other
MDRET029,3661,6426.0,27952,DREF Operation,Ethiopia - Tigray Crisis (MDRET029),DREF Operation,2022-12-19T00:00:00Z,https://adore.ifrc.org/Download.aspx?FileId=614481,ET,Ethiopia - Tigray Crisis,2022-12-15 00:00:00+00:00,MDRET029_27952.pdf,2022.0,False,True,Other
MDRET029,3661,6426.0,27953,DREF Operation Final Report,Ethiopia - Tigray Crisis (MDRET029),MDRET029dfr,2025-02-03T00:00:00Z,https://go-api.ifrc.org/api/DownloadFile/67822/MDRET029dfr,ET,Ethiopia - Tigray Crisis,2022-12-15 00:00:00+00:00,MDRET029_27953.pdf,2022.0,True,True,DREF (JSON)
MDRTJ033,3660,6312.0,27954,DREF/EAP Update,Tajikistan - Cold Wave (EAP2022TJ02) (MDRTJ033),MDRTJ033_Tajikistan Cold wave _ Operations Update No. 1,2025-05-16T00:00:00Z,https://go-api.ifrc.org/api/DownloadFile/91078/MDRTJ033_Tajikistan-Cold-wave-_-Operations-Update-No.-1,TJ,Tajikistan - Cold Wave (EAP2022TJ02),2022-12-13 00:00:00+00:00,MDRTJ033_27954.pdf,2022.0,False,False,Other
MDRTT002,3658,6281.0,27955,DREF Operation Final Report,Trinidad and Tobago - Floods (MDRTT002),MDRTT002fr,2024-03-04T00:00:00Z,https://go-api.ifrc.org/api/DownloadFile/67806/MDRTT002fr,TT,Trinidad and Tobago: Floods,2022-12-08 00:00:00+00:00,MDRTT002_27955.pdf,2022.0,True,True,DREF (JSON)
MDRTT002,3658,6281.0,27956,DREF Operation,Trinidad and Tobago - Floods (MDRTT002),DREF Operation,2022-12-09T00:00:00Z,https://adore.ifrc.org/Download.aspx?FileId=609358,TT,Trinidad and Tobago: Floods,2022-12-08 00:00:00+00:00,MDRTT002_27956.pdf,2022.0,False,True,Other
MDRCO022,3659,6297.0,27957,DREF Operation Update,Colombia - Floods (MDRCO022),MDRCO022ou1,2023-03-02T00:00:00Z,https://go-api.ifrc.org/api/DownloadFile/83783/MDRCO022ou1,CO,COLOMBIA: Floods - Cauca 2022,2022-12-08 00:00:00+00:00,MDRCO022_27957.pdf,2022.0,False,True,Other
MDRCO022,3659,6297.0,27958,DREF Operation Final Report,Colombia - Floods (MDRCO022),MDRCO022fr,2024-01-05T00:00:00Z,https://go-api.ifrc.org/api/DownloadFile/67805/MDRCO022fr,CO,COLOMBIA: Floods - Cauca 2022,2022-12-08 00:00:00+00:00,MDRCO022_27958.pdf,2022.0,True,True,DREF (JSON)
MDRCO022,3659,6297.0,27959,DREF Operation,Colombia - Floods (MDRCO022),DREF Operation,2022-12-09T00:00:00Z,https://adore.ifrc.org/Download.aspx?FileId=609384,CO,COLOMBIA: Floods - Cauca 2022,2022-12-08 00:00:00+00:00,MDRCO022_27959.pdf,2022.0,False,True,Other
MDRMN017,3657,6269.0,27960,DREF Operation Update,Mongolia - Cold Wave 2022 (MDRMN017),MDRMN017OU1,2023-03-08T00:00:00Z,https://go-api.ifrc.org/api/DownloadFile/83842/MDRMN017OU1,MN,MNG: Cold Wave - 2023-01 - Dzud,2022-12-07 00:00:00+00:00,MDRMN017_27960.pdf,2022.0,False,True,Other
MDRMN017,3657,6269.0,27961,DREF Operation Final Report,Mongolia - Cold Wave 2022 (MDRMN017),MDRMN017dfr,2023-09-29T00:00:00Z,https://go-api.ifrc.org/api/DownloadFile/67791/MDRMN017dfr,MN,MNG: Cold Wave - 2023-01 - Dzud,2022-12-07 00:00:00+00:00,MDRMN017_27961.pdf,2022.0,True,True,DREF (JSON)
MDRMN017,3657,6269.0,27962,DREF Operation,Mongolia - Cold Wave 2022 (MDRMN017),DREF Operation,2022-12-08T00:00:00Z,https://adore.ifrc.org/Download.aspx?FileId=608676,MN,MNG: Cold Wave - 2023-01 - Dzud,2022-12-07 00:00:00+00:00,MDRMN017_27962.pdf,2022.0,False,True,Other
MDRCM032,3656,6250.0,27963,DREF Operation Update,Cameroon - Cholera and Monkeypox (MDRCM032),MDRCM032du1,2023-05-20T00:00:00Z,https://go-api.ifrc.org/api/DownloadFile/84465/MDRCM032du1,CM,CMR: Epidemic- 2022-10 - Epidemics (Monkeypox and cholera) and floods,2022-11-30 00:00:00+00:00,MDRCM032_27963.pdf,2022.0,False,True,Other
MDRCM032,3656,6250.0,27964,DREF Operation Final Report,Cameroon - Cholera and Monkeypox (MDRCM032),MDRCM032fr,2023-11-27T00:00:00Z,https://go-api.ifrc.org/api/DownloadFile/67785/MDRCM032fr,CM,CMR: Epidemic- 2022-10 - Epidemics (Monkeypox and cholera) and floods,2022-11-30 00:00:00+00:00,MDRCM032_27964.pdf,2022.0,True,True,DREF (JSON)
MDRCM032,3656,6250.0,27965,DREF Operation,Cameroon - Cholera and Monkeypox (MDRCM032),DREF Operation,2022-12-07T00:00:00Z,https://adore.ifrc.org/Download.aspx?FileId=607823,CM,CMR: Epidemic- 2022-10 - Epidemics (Monkeypox and cholera) and floods,2022-11-30 00:00:00+00:00,MDRCM032_27965.pdf,2022.0,False,True,Other
MDRID025,3655,6272.0,27966,DREF Operation Final Report,Indonesia - Cianjur Earthquake (MDRID025),MDRID025dfr,2023-12-07T00:00:00Z,https://go-api.ifrc.org/api/DownloadFile/67756/MDRID025dfr,ID,"Indonesia: 5.6 M Earthquake in Cianjur, West Java",2022-11-28 00:00:00+00:00,MDRID025_27966.pdf,2022.0,True,True,DREF (JSON)
MDRID025,3655,6272.0,27967,DREF Operation,Indonesia - Cianjur Earthquake (MDRID025),DREF Operation,2022-11-29T00:00:00Z,https://adore.ifrc.org/Download.aspx?FileId=604354,ID,"Indonesia: 5.6 M Earthquake in Cianjur, West Java",2022-11-28 00:00:00+00:00,MDRID025_27967.pdf,2022.0,False,True,Other
MDRDJ006,3654,6125.0,27968,DREF/EAP Activation,Djibouti - Floods (EAP2022DJ01) (MDRDJ006),MDRDJ006,2023-11-15T00:00:00Z,https://go-api.ifrc.org/api/DownloadFile/85819/MDRDJ006,DJ,DJI: Rain/Flash Flood - 2022-08 - Djibouti flood,2022-11-23 00:00:00+00:00,MDRDJ006_27968.pdf,2022.0,False,False,Other
MDRSZ003,3653,6265.0,27969,DREF Operation Update,Eswatini - Storm Surge (MDRSZ003),DREF Operation update,2023-01-31T00:00:00Z,https://go-api.ifrc.org/api/DownloadFile/83435/DREF-Operation-update,SZ,SWZ: Other - 2022-11 - Hail storm,2022-11-21 00:00:00+00:00,MDRSZ003_27969.pdf,2022.0,False,True,Other
MDRSZ003,3653,6265.0,27970,DREF Operation Final Report,Eswatini - Storm Surge (MDRSZ003),MDRSZ003dfr,2023-09-22T00:00:00Z,https://go-api.ifrc.org/api/DownloadFile/67725/MDRSZ003dfr,SZ,SWZ: Other - 2022-11 - Hail storm,2022-11-21 00:00:00+00:00,MDRSZ003_27970.pdf,2022.0,True,True,DREF (JSON)
MDRSZ003,3653,6265.0,27971,DREF Operation,Eswatini - Storm Surge (MDRSZ003),DREF Operation,2022-11-22T00:00:00Z,https://adore.ifrc.org/Download.aspx?FileId=600383,SZ,SWZ: Other - 2022-11 - Hail storm,2022-11-21 00:00:00+00:00,MDRSZ003_27971.pdf,2022.0,False,True,Other
MDRLC005,3652,6260.0,27972,DREF Operation Final Report,Saint Lucia - Flash Floods (MDRLC005),MDRLC005fr,2023-11-01T00:00:00Z,https://go-api.ifrc.org/api/DownloadFile/67718/MDRLC005fr,LC,SAINT LUCIA: Flash Floods,2022-11-18 00:00:00+00:00,MDRLC005_27972.pdf,2022.0,True,True,DREF (JSON)
MDRLC005,3652,6260.0,27973,DREF Operation,Saint Lucia - Flash Floods (MDRLC005),DREF Operation,2022-11-19T00:00:00Z,https://adore.ifrc.org/Download.aspx?FileId=599482,LC,SAINT LUCIA: Flash Floods,2022-11-18 00:00:00+00:00,MDRLC005_27973.pdf,2022.0,False,True,Other
MDRNP013,3651,6262.0,27974,DREF Operation Final Report,Nepal - Far Western Earthquake Response (MDRNP013),MDRNP013dfr,2023-08-31T00:00:00Z,https://go-api.ifrc.org/api/DownloadFile/67716/MDRNP013dfr,NP,NPL: Earthquake - 2022-11 - Nepal: Doti Earthquake 2022,2022-11-17 00:00:00+00:00,MDRNP013_27974.pdf,2022.0,True,True,DREF (JSON)
MDRNP013,3651,6262.0,27975,DREF Operation,Nepal - Far Western Earthquake Response (MDRNP013),DREF Operation,2022-11-18T00:00:00Z,https://adore.ifrc.org/Download.aspx?FileId=599270,NP,NPL: Earthquake - 2022-11 - Nepal: Doti Earthquake 2022,2022-11-17 00:00:00+00:00,MDRNP013_27975.pdf,2022.0,False,True,Other
MDRPA017,3650,6267.0,27976,DREF Operation Update,Panama - Floods (MDRPA017),MDRPA017ou1,2023-02-24T00:00:00Z,https://go-api.ifrc.org/api/DownloadFile/83728/MDRPA017ou1,PA,PAN: Flood - 2022-11 - Floods ,2022-11-17 00:00:00+00:00,MDRPA017_27976.pdf,2022.0,False,True,Other
MDRPA017,3650,6267.0,27977,DREF Operation Final Report,Panama - Floods (MDRPA017),MDRPA017fr,2023-08-18T00:00:00Z,https://go-api.ifrc.org/api/DownloadFile/67704/MDRPA017fr,PA,PAN: Flood - 2022-11 - Floods ,2022-11-17 00:00:00+00:00,MDRPA017_27977.pdf,2022.0,True,True,DREF (JSON)
MDRPA017,3650,6267.0,27978,DREF Operation,Panama - Floods (MDRPA017),DREF Operation,2022-11-17T00:00:00Z,https://adore.ifrc.org/Download.aspx?FileId=598903,PA,PAN: Flood - 2022-11 - Floods ,2022-11-17 00:00:00+00:00,MDRPA017_27978.pdf,2022.0,False,True,Other
MDRBI019,3649,6957.0,27979,DREF Operation Update,Burundi - Anticipatory Actions EVD Outbreak (MDRBI019),MDRBI019du1,2023-03-01T00:00:00Z,https://go-api.ifrc.org/api/DownloadFile/83650/MDRBI019du1,BI,Burundi - Anticipatory Actions EVD Outbreak,2022-11-16 00:00:00+00:00,MDRBI019_27979.pdf,2022.0,False,True,Other
MDRBI019,3649,6957.0,27980,DREF Operation Final Report,Burundi - Anticipatory Actions EVD Outbreak (MDRBI019),MDRBI019dfr,2023-08-02T00:00:00Z,https://go-api.ifrc.org/api/DownloadFile/67706/MDRBI019dfr,BI,Burundi - Anticipatory Actions EVD Outbreak,2022-11-16 00:00:00+00:00,MDRBI019_27980.pdf,2022.0,True,True,DREF (JSON)
MDRBI019,3649,6957.0,27981,DREF Operation,Burundi - Anticipatory Actions EVD Outbreak (MDRBI019),DREF Operation,2022-11-18T00:00:00Z,https://adore.ifrc.org/Download.aspx?FileId=598976,BI,Burundi - Anticipatory Actions EVD Outbreak,2022-11-16 00:00:00+00:00,MDRBI019_27981.pdf,2022.0,False,True,Other
MDRPH050,3648,6239.0,27982,DREF Operation Final Report,Philippines - Severe Tropical Storm Paeng 2022 (MDRPH050),MDRPH050dfr,2023-09-29T00:00:00Z,https://go-api.ifrc.org/api/DownloadFile/67669/MDRPH050dfr,PH,"PHL: Cyclone - 2022-10 - Tropical Storm Paeng ""Nalgae""",2022-10-28 00:00:00+00:00,MDRPH050_27982.pdf,2022.0,True,True,DREF (JSON)
MDRPH050,3648,6239.0,27983,DREF Operation,Philippines - Severe Tropical Storm Paeng 2022 (MDRPH050),DREF Operation,2022-11-15T00:00:00Z,https://adore.ifrc.org/Download.aspx?FileId=597231,PH,"PHL: Cyclone - 2022-10 - Tropical Storm Paeng ""Nalgae""",2022-10-28 00:00:00+00:00,MDRPH050_27983.pdf,2022.0,False,True,Other
MDRTZ032,3646,6266.0,27984,DREF Operation Update,Tanzania - Anticipatory Actions EVD Outbreak (MDRTZ032),MDRTZ032du1,2023-03-23T00:00:00Z,https://go-api.ifrc.org/api/DownloadFile/83995/MDRTZ032du1,TZ,TZA: Epidemic 2022-11 Tanzania-Anticipatory Actions EVD Outbreak,2022-11-09 00:00:00+00:00,MDRTZ032_27984.pdf,2022.0,False,True,Other
MDRTZ032,3646,6266.0,27985,DREF Operation Final Report,Tanzania - Anticipatory Actions EVD Outbreak (MDRTZ032),MDRTZ032dfr,2023-12-08T00:00:00Z,https://go-api.ifrc.org/api/DownloadFile/67651/MDRTZ032dfr,TZ,TZA: Epidemic 2022-11 Tanzania-Anticipatory Actions EVD Outbreak,2022-11-09 00:00:00+00:00,MDRTZ032_27985.pdf,2022.0,True,True,DREF (JSON)
MDRTZ032,3646,6266.0,27986,DREF Operation,Tanzania - Anticipatory Actions EVD Outbreak (MDRTZ032),DREF Operation,2022-11-10T00:00:00Z,https://adore.ifrc.org/Download.aspx?FileId=595454,TZ,TZA: Epidemic 2022-11 Tanzania-Anticipatory Actions EVD Outbreak,2022-11-09 00:00:00+00:00,MDRTZ032_27986.pdf,2022.0,False,True,Other
MDRBZ007,3647,6248.0,27987,DREF Operation Update,Belize - Tropical Storm Lisa (MDRBZ007),MDRBZ007ou1,2023-01-20T00:00:00Z,https://go-api.ifrc.org/api/DownloadFile/83358/MDRBZ007ou1,BZ,BELIZE: Tropical Storm Lisa,2022-11-09 00:00:00+00:00,MDRBZ007_27987.pdf,2022.0,False,True,Other
MDRBZ007,3647,6248.0,27988,DREF Operation Final Report,Belize - Tropical Storm Lisa (MDRBZ007),MDRBZ007fr,2023-09-13T00:00:00Z,https://go-api.ifrc.org/api/DownloadFile/67653/MDRBZ007fr,BZ,BELIZE: Tropical Storm Lisa,2022-11-09 00:00:00+00:00,MDRBZ007_27988.pdf,2022.0,True,True,DREF (JSON)
MDRBZ007,3647,6248.0,27989,DREF Operation,Belize - Tropical Storm Lisa (MDRBZ007),DREF Operation,2022-11-10T00:00:00Z,https://adore.ifrc.org/Download.aspx?FileId=595709,BZ,BELIZE: Tropical Storm Lisa,2022-11-09 00:00:00+00:00,MDRBZ007_27989.pdf,2022.0,False,True,Other
MDRLB012,3645,6235.0,27990,DREF Operation Final Report,Lebanon - Cholera Outbreak (MDRLB012),MDRLB012fr,2024-01-15T00:00:00Z,https://go-api.ifrc.org/api/DownloadFile/67638/MDRLB012fr,LB,LBN: Epidemic - 2022-10 - Cholera Outbreak Response,2022-11-04 00:00:00+00:00,MDRLB012_27990.pdf,2022.0,True,True,DREF (JSON)
MDRLB012,3645,6235.0,27991,DREF Operation,Lebanon - Cholera Outbreak (MDRLB012),DREF Operation,2022-11-07T00:00:00Z,https://adore.ifrc.org/Download.aspx?FileId=593956,LB,LBN: Epidemic - 2022-10 - Cholera Outbreak Response,2022-11-04 00:00:00+00:00,MDRLB012_27991.pdf,2022.0,False,True,Other
MDRTG009,3644,6241.0,27992,DREF Operation Update,Togo - Floods (MDRTG009),DREF Operation Update,2023-01-26T00:00:00Z,https://go-api.ifrc.org/api/DownloadFile/83413/DREF-Operation-Update,TG,TGO: Flood - 2022-10 - TGO:Flood - 2022-10,2022-11-01 00:00:00+00:00,MDRTG009_27992.pdf,2022.0,False,True,Other
MDRTG009,3644,6241.0,27993,DREF Operation Final Report,Togo - Floods (MDRTG009),MDRTG009dfr,2024-07-11T00:00:00Z,https://go-api.ifrc.org/api/DownloadFile/67649/MDRTG009dfr,TG,TGO: Flood - 2022-10 - TGO:Flood - 2022-10,2022-11-01 00:00:00+00:00,MDRTG009_27993.pdf,2022.0,True,True,DREF (JSON)
MDRTG009,3644,6241.0,27994,DREF Operation,Togo - Floods (MDRTG009),DREF Operation,2022-11-09T00:00:00Z,https://adore.ifrc.org/Download.aspx?FileId=595152,TG,TGO: Flood - 2022-10 - TGO:Flood - 2022-10,2022-11-01 00:00:00+00:00,MDRTG009_27994.pdf,2022.0,False,True,Other
MDRPH049,3643,6239.0,27995,DREF/EAP Update,Philippines - Typhoons (EAP2019PH01) (MDRPH049),MDRPH049EAPOU1,2023-03-08T00:00:00Z,https://go-api.ifrc.org/api/DownloadFile/83849/MDRPH049EAPOU1,PH,"PHL: Cyclone - 2022-10 - Tropical Storm Paeng ""Nalgae""",2022-10-28 00:00:00+00:00,MDRPH049_27995.pdf,2022.0,False,False,Other
MDRPH049,3643,6239.0,27996,DREF/EAP Final Report,Philippines - Typhoons (EAP2019PH01) (MDRPH049),MDRPH049eapfr,2024-01-18T00:00:00Z,https://go-api.ifrc.org/api/DownloadFile/67581/MDRPH049eapfr,PH,"PHL: Cyclone - 2022-10 - Tropical Storm Paeng ""Nalgae""",2022-10-28 00:00:00+00:00,MDRPH049_27996.pdf,2022.0,True,False,Emergency Appeal / Other
MDRPH049,3643,6239.0,27997,Forecast-based Triggered Action,Philippines - Typhoons (EAP2019PH01) (MDRPH049),Forecast-based Triggered Action,2022-10-29T00:00:00Z,https://adore.ifrc.org/Download.aspx?FileId=590819,PH,"PHL: Cyclone - 2022-10 - Tropical Storm Paeng ""Nalgae""",2022-10-28 00:00:00+00:00,MDRPH049_27997.pdf,2022.0,False,False,Other
MDRKZ012,3642,6270.0,27998,DREF/EAP Summary,Kazakhstan - Cold Wave (MDRKZ012),EAP2021KZ01_MDRKZ012,2023-02-11T00:00:00Z,https://go-api.ifrc.org/api/DownloadFile/83557/EAP2021KZ01_MDRKZ012,KZ,Kazakhstan - EAP2022KZ01 - Cold Wave,2022-10-27 00:00:00+00:00,MDRKZ012_27998.pdf,2022.0,False,False,Other
MDRKZ012,3642,6270.0,27999,DREF/EAP Final Report,Kazakhstan - Cold Wave (MDRKZ012),MDRKZ012_Kazakhstan_final,2025-04-14T00:00:00Z,https://go-api.ifrc.org/api/DownloadFile/85122/MDRKZ012_Kazakhstan_final,KZ,Kazakhstan - EAP2022KZ01 - Cold Wave,2022-10-27 00:00:00+00:00,MDRKZ012_27999.pdf,2022.0,True,False,Emergency Appeal / Other
MDRKZ012,3642,6270.0,28000,DREF/EAP Activation,Kazakhstan - Cold Wave (MDRKZ012),MDRKZ012seapa,2023-12-11T00:00:00Z,https://go-api.ifrc.org/api/DownloadFile/86218/MDRKZ012seapa,KZ,Kazakhstan - EAP2022KZ01 - Cold Wave,2022-10-27 00:00:00+00:00,MDRKZ012_28000.pdf,2022.0,False,False,Other
MDRVN021,3641,6228.0,28001,DREF Operation Final Report,Vietnam - Monsoon Storms & Floods 2022 (MDRVN021),MDRVN021dfr,2023-07-31T00:00:00Z,https://go-api.ifrc.org/api/DownloadFile/67570/MDRVN021dfr,VN,VNM: Flood - 2022-10 - Monsoon storms and floods,2022-10-26 00:00:00+00:00,MDRVN021_28001.pdf,2022.0,True,True,DREF (JSON)
MDRVN021,3641,6228.0,28002,DREF Operation,Vietnam - Monsoon Storms & Floods 2022 (MDRVN021),DREF Operation,2022-10-27T00:00:00Z,https://adore.ifrc.org/Download.aspx?FileId=590136,VN,VNM: Flood - 2022-10 - Monsoon storms and floods,2022-10-26 00:00:00+00:00,MDRVN021_28002.pdf,2022.0,False,True,Other
MDRCR021,3639,6238.0,28003,DREF Operation Update,Costa Rica - Floods (MDRCR021),MDRCR021ou1,2023-01-13T00:00:00Z,https://go-api.ifrc.org/api/DownloadFile/83248/MDRCR021ou1,CR,COSTA RICA: Floods,2022-10-25 00:00:00+00:00,MDRCR021_28003.pdf,2022.0,False,False,Other
MDRCR021,3639,6238.0,28004,DREF Operation Final Report,Costa Rica - Floods (MDRCR021),MDRCR021fr,2023-06-22T00:00:00Z,https://go-api.ifrc.org/api/DownloadFile/67557/MDRCR021fr,CR,COSTA RICA: Floods,2022-10-25 00:00:00+00:00,MDRCR021_28004.pdf,2022.0,True,False,DREF (Missing from JSON)
MDRCR021,3639,6238.0,28005,DREF Operation,Costa Rica - Floods (MDRCR021),DREF Operation,2022-10-25T00:00:00Z,https://adore.ifrc.org/Download.aspx?FileId=589582,CR,COSTA RICA: Floods,2022-10-25 00:00:00+00:00,MDRCR021_28005.pdf,2022.0,False,False,Other
MDRSV015,3640,6237.0,28006,DREF Operation Update,El Salvador - Tropical Storm Julia (MDRSV015),MDRSV015ou1,2023-01-19T00:00:00Z,https://go-api.ifrc.org/api/DownloadFile/83347/MDRSV015ou1,SV,EL SALVADOR: Tropical Storm Julia,2022-10-25 00:00:00+00:00,MDRSV015_28006.pdf,2022.0,False,False,Other
MDRSV015,3640,6237.0,28007,DREF Operation Final Report,El Salvador - Tropical Storm Julia (MDRSV015),MDRSV015fr,2023-06-24T00:00:00Z,https://go-api.ifrc.org/api/DownloadFile/67559/MDRSV015fr,SV,EL SALVADOR: Tropical Storm Julia,2022-10-25 00:00:00+00:00,MDRSV015_28007.pdf,2022.0,True,False,DREF (Missing from JSON)
MDRSV015,3640,6237.0,28008,DREF Operation,El Salvador - Tropical Storm Julia (MDRSV015),DREF Operation,2022-10-25T00:00:00Z,https://adore.ifrc.org/Download.aspx?FileId=589583,SV,EL SALVADOR: Tropical Storm Julia,2022-10-25 00:00:00+00:00,MDRSV015_28008.pdf,2022.0,False,False,Other
MDRGT019,3637,6236.0,28009,DREF Operation Update,Guatemala - Tropical Storm Julia (MDRGT019),MDRGT019ou1,2023-02-24T00:00:00Z,https://go-api.ifrc.org/api/DownloadFile/83732/MDRGT019ou1,GT,GUATEMALA: Tropical Storm Julia,2022-10-21 00:00:00+00:00,MDRGT019_28009.pdf,2022.0,False,False,Other
MDRGT019,3637,6236.0,28010,DREF Operation Final Report,Guatemala - Tropical Storm Julia (MDRGT019),MDRGT019fr,2023-10-02T00:00:00Z,https://go-api.ifrc.org/api/DownloadFile/67551/MDRGT019fr,GT,GUATEMALA: Tropical Storm Julia,2022-10-21 00:00:00+00:00,MDRGT019_28010.pdf,2022.0,True,False,DREF (Missing from JSON)
MDRGT019,3637,6236.0,28011,DREF Operation,Guatemala - Tropical Storm Julia (MDRGT019),DREF Operation,2022-10-21T00:00:00Z,https://adore.ifrc.org/Download.aspx?FileId=588468,GT,GUATEMALA: Tropical Storm Julia,2022-10-21 00:00:00+00:00,MDRGT019_28011.pdf,2022.0,False,False,Other
MDRCF029,3636,6257.0,28012,DREF Operation Update,Central African Rep - Floods (MDRCF029),MDRCF029ou1,2023-04-12T00:00:00Z,https://go-api.ifrc.org/api/DownloadFile/84142/MDRCF029ou1,CF,CAF: Floods 2022,2022-10-20 00:00:00+00:00,MDRCF029_28012.pdf,2022.0,False,True,Other
MDRCF029,3636,6257.0,28013,DREF Operation,Central African Rep - Floods (MDRCF029),DREF Operation,2022-10-25T00:00:00Z,https://adore.ifrc.org/Download.aspx?FileId=589529,CF,CAF: Floods 2022,2022-10-20 00:00:00+00:00,MDRCF029_28013.pdf,2022.0,False,True,Other
MDRCF029,3636,6257.0,28014,DREF Operation Final Report,Central African Rep - Floods (MDRCF029),MDRCF029dfr,2025-07-15T00:00:00Z,https://go-api.ifrc.org/api/DownloadFile/89299/MDRCF029dfr,CF,CAF: Floods 2022,2022-10-20 00:00:00+00:00,MDRCF029_28014.pdf,2022.0,True,True,DREF (JSON)
MDRVE007,3638,5940.0,28015,DREF Operation Update,Venezuela - Floods (MDRVE007),MDRVE007ou1,2023-02-27T00:00:00Z,https://go-api.ifrc.org/api/DownloadFile/83763/MDRVE007ou1,VE,VENEZUELA: Floods,2022-06-21 00:00:00+00:00,MDRVE007_28015.pdf,2022.0,False,False,Other
MDRVE007,3638,5940.0,28016,DREF Operation Final Report,Venezuela - Floods (MDRVE007),MDRVE007fr,2023-08-28T00:00:00Z,https://go-api.ifrc.org/api/DownloadFile/67549/MDRVE007fr,VE,VENEZUELA: Floods,2022-06-21 00:00:00+00:00,MDRVE007_28016.pdf,2022.0,True,False,DREF (Missing from JSON)
MDRVE007,3638,5940.0,28017,DREF Operation,Venezuela - Floods (MDRVE007),DREF Operation,2022-10-21T00:00:00Z,https://adore.ifrc.org/Download.aspx?FileId=588464,VE,VENEZUELA: Floods,2022-06-21 00:00:00+00:00,MDRVE007_28017.pdf,2022.0,False,False,Other
MDRTH002,3635,6218.0,28018,DREF Operation Update,Thailand - Monsoon Floods 2022 (MDRTH002),MDRTH002du1,2023-01-14T00:00:00Z,https://go-api.ifrc.org/api/DownloadFile/83249/MDRTH002du1,TH,THA: Flood - 2022-10 - Monsoon Floods 2022,2022-10-18 00:00:00+00:00,MDRTH002_28018.pdf,2022.0,False,True,Other
MDRTH002,3635,6218.0,28019,DREF Operation Update,Thailand - Monsoon Floods 2022 (MDRTH002),MDRTH002OU2,2023-03-12T00:00:00Z,https://go-api.ifrc.org/api/DownloadFile/83885/MDRTH002OU2,TH,THA: Flood - 2022-10 - Monsoon Floods 2022,2022-10-18 00:00:00+00:00,MDRTH002_28019.pdf,2022.0,False,True,Other
MDRTH002,3635,6218.0,28020,DREF Operation Final Report,Thailand - Monsoon Floods 2022 (MDRTH002),MDRTH002dfr,2023-07-31T00:00:00Z,https://go-api.ifrc.org/api/DownloadFile/67521/MDRTH002dfr,TH,THA: Flood - 2022-10 - Monsoon Floods 2022,2022-10-18 00:00:00+00:00,MDRTH002_28020.pdf,2022.0,True,True,DREF (JSON)
MDRTH002,3635,6218.0,28021,DREF Operation,Thailand - Monsoon Floods 2022 (MDRTH002),DREF Operation,2022-10-19T00:00:00Z,https://adore.ifrc.org/Download.aspx?FileId=587189,TH,THA: Flood - 2022-10 - Monsoon Floods 2022,2022-10-18 00:00:00+00:00,MDRTH002_28021.pdf,2022.0,False,True,Other
MDRBJ017,3633,6193.0,28022,DREF Operation Update,Benin - Floods (MDRBJ017),MDRBJ017ou1,2023-04-12T00:00:00Z,https://go-api.ifrc.org/api/DownloadFile/84137/MDRBJ017ou1,BJ,BEN: Flood - 2022-08 - BEN: Flood 2022,2022-10-17 00:00:00+00:00,MDRBJ017_28022.pdf,2022.0,False,True,Other
MDRBJ017,3633,6193.0,28023,DREF Operation Final Report,Benin - Floods (MDRBJ017),MDRBJ017dfr,2023-10-31T00:00:00Z,https://go-api.ifrc.org/api/DownloadFile/67591/MDRBJ017dfr,BJ,BEN: Flood - 2022-08 - BEN: Flood 2022,2022-10-17 00:00:00+00:00,MDRBJ017_28023.pdf,2022.0,True,True,DREF (JSON)
MDRBJ017,3633,6193.0,28024,DREF Operation,Benin - Floods (MDRBJ017),DREF Operation,2022-10-28T00:00:00Z,https://adore.ifrc.org/Download.aspx?FileId=590607,BJ,BEN: Flood - 2022-08 - BEN: Flood 2022,2022-10-17 00:00:00+00:00,MDRBJ017_28024.pdf,2022.0,False,True,Other
MDRIR012,3634,6199.0,28025,DREF Operation Update,Iran - Azarbayejan EQ 2022 (MDRIR012),MDRIR012dou1,2023-02-27T00:00:00Z,https://go-api.ifrc.org/api/DownloadFile/83752/MDRIR012dou1,IR,IRN: Earthquake - 2022-10 - West Azerbaijan-The Town of Khoy,2022-10-17 00:00:00+00:00,MDRIR012_28025.pdf,2022.0,False,True,Other
MDRIR012,3634,6199.0,28026,DREF Operation Final Report,Iran - Azarbayejan EQ 2022 (MDRIR012),MDRIR012fr,2023-12-20T00:00:00Z,https://go-api.ifrc.org/api/DownloadFile/R67949/MDRIR012fr,IR,IRN: Earthquake - 2022-10 - West Azerbaijan-The Town of Khoy,2022-10-17 00:00:00+00:00,MDRIR012_28026.pdf,2022.0,True,True,DREF (JSON)
MDRSS011,3632,6256.0,28029,DREF Operation Final Report,South Sudan - Anticipatory Actions EVD Outbreak (MDRSS011),MDRSS011dfr,2024-02-07T00:00:00Z,https://go-api.ifrc.org/api/DownloadFile/67504/MDRSS011dfr,SS,SSD: Anticipatory Actions for EVD Outbreak,2022-10-13 00:00:00+00:00,MDRSS011_28029.pdf,2022.0,True,True,DREF (JSON)
MDRSS011,3632,6256.0,28030,DREF Operation,South Sudan - Anticipatory Actions EVD Outbreak (MDRSS011),DREF Operation,2022-10-14T00:00:00Z,https://adore.ifrc.org/Download.aspx?FileId=585520,SS,SSD: Anticipatory Actions for EVD Outbreak,2022-10-13 00:00:00+00:00,MDRSS011_28030.pdf,2022.0,False,True,Other
MDRST002,3630,6171.0,28031,DREF Operation Update,Sao Tome And Principe - Worsening Dengue Outbreak (MDRST002),MDRST002du1,2023-03-30T00:00:00Z,https://go-api.ifrc.org/api/DownloadFile/84066/MDRST002du1,ST,STP: Epidemic - 2022-04 - Dengue epidemic in Sao Tome,2022-10-11 00:00:00+00:00,MDRST002_28031.pdf,2022.0,False,True,Other
MDRST002,3630,6171.0,28032,DREF Operation Final Report,Sao Tome And Principe - Worsening Dengue Outbreak (MDRST002),MDRST002dfr,2024-01-10T00:00:00Z,https://go-api.ifrc.org/api/DownloadFile/84065/MDRST002dfr,ST,STP: Epidemic - 2022-04 - Dengue epidemic in Sao Tome,2022-10-11 00:00:00+00:00,MDRST002_28032.pdf,2022.0,True,True,DREF (JSON)
MDRST002,3630,6171.0,28033,DREF Operation,Sao Tome And Principe - Worsening Dengue Outbreak (MDRST002),DREF Operation,2022-10-19T00:00:00Z,https://adore.ifrc.org/Download.aspx?FileId=587177,ST,STP: Epidemic - 2022-04 - Dengue epidemic in Sao Tome,2022-10-11 00:00:00+00:00,MDRST002_28033.pdf,2022.0,False,True,Other
MDRHN017,3628,6223.0,28034,DREF/EAP Final Report,Honduras - Tropical Storm (MDRHN017),MDRHN017.EAP2022HN01.fr,2023-05-04T00:00:00Z,https://go-api.ifrc.org/api/DownloadFile/67527/MDRHN017.EAP2022HN01.fr,HN,HONDURAS: Tropical Storm Julia,2022-10-09 00:00:00+00:00,MDRHN017_28034.pdf,2022.0,True,False,Emergency Appeal / Other
MDRHN017,3628,6223.0,28035,Forecast-based Triggered Action,Honduras - Tropical Storm (MDRHN017),Forecast-based Triggered Action,2022-10-20T00:00:00Z,https://adore.ifrc.org/Download.aspx?FileId=587852,HN,HONDURAS: Tropical Storm Julia,2022-10-09 00:00:00+00:00,MDRHN017_28035.pdf,2022.0,False,False,Other
MDRKE052,3629,6258.0,28036,DREF Operation Update,Kenya - Anticip. Actions EVD Outbreak (MDRKE052),DREF Operation Update,2023-01-31T00:00:00Z,https://go-api.ifrc.org/api/DownloadFile/83440/DREF-Operation-Update,KE,KEN: Anticipatory Actions - EVD Outbreak,2022-10-08 00:00:00+00:00,MDRKE052_28036.pdf,2022.0,False,True,Other
MDRKE052,3629,6258.0,28037,DREF Operation Update,Kenya - Anticip. Actions EVD Outbreak (MDRKE052),MDRKE052du2,2023-05-03T00:00:00Z,https://go-api.ifrc.org/api/DownloadFile/84318/MDRKE052du2,KE,KEN: Anticipatory Actions - EVD Outbreak,2022-10-08 00:00:00+00:00,MDRKE052_28037.pdf,2022.0,False,True,Other
MDRKE052,3629,6258.0,28038,DREF Operation Update,Kenya - Anticip. Actions EVD Outbreak (MDRKE052),MDRKE052du3,2023-07-08T00:00:00Z,https://go-api.ifrc.org/api/DownloadFile/84802/MDRKE052du3,KE,KEN: Anticipatory Actions - EVD Outbreak,2022-10-08 00:00:00+00:00,MDRKE052_28038.pdf,2022.0,False,True,Other
MDRKE052,3629,6258.0,28039,DREF Operation Final Report,Kenya - Anticip. Actions EVD Outbreak (MDRKE052),MDRKE052dfr,2024-07-04T00:00:00Z,https://go-api.ifrc.org/api/DownloadFile/67480/MDRKE052dfr,KE,KEN: Anticipatory Actions - EVD Outbreak,2022-10-08 00:00:00+00:00,MDRKE052_28039.pdf,2022.0,True,True,DREF (JSON)
MDRKE052,3629,6258.0,28040,DREF Operation,Kenya - Anticip. Actions EVD Outbreak (MDRKE052),DREF Operation,2022-10-11T00:00:00Z,https://adore.ifrc.org/Download.aspx?FileId=583986,KE,KEN: Anticipatory Actions - EVD Outbreak,2022-10-08 00:00:00+00:00,MDRKE052_28040.pdf,2022.0,False,True,Other
MDRGT018,3631,6215.0,28041,DREF/EAP Final Report,Guatemala - Tropical Cyclone Julia (MDRGT018),Guatemala_EAP Final Activation Report_MDRGT018,2023-06-26T00:00:00Z,https://go-api.ifrc.org/api/DownloadFile/67526/Guatemala_EAP-Final-Activation-Report_MDRGT018,GT,GUATEMALA: Tropical Storm Julia (EAP),2022-10-08 00:00:00+00:00,MDRGT018_28041.pdf,2022.0,True,False,Emergency Appeal / Other
MDRGT018,3631,6215.0,28042,Forecast-based Triggered Action,Guatemala - Tropical Cyclone Julia (MDRGT018),Forecast-based Triggered Action,2022-10-20T00:00:00Z,https://adore.ifrc.org/Download.aspx?FileId=587853,GT,GUATEMALA: Tropical Storm Julia (EAP),2022-10-08 00:00:00+00:00,MDRGT018_28042.pdf,2022.0,False,False,Other
MDRCU008,3626,6202.0,28043,6 month update,Cuba - Hurricane Ian (MDRCU008),MDRCU008ou3,2023-07-27T00:00:00Z,https://go-api.ifrc.org/api/DownloadFile/67634/MDRCU008ou3,CU,CUBA: Hurricane Ian,2022-10-06 00:00:00+00:00,MDRCU008_28043.pdf,2022.0,False,False,Other
MDRCU008,3626,6202.0,28044,6 month update,Cuba - Hurricane Ian (MDRCU008),6 month update,2023-07-27T00:00:00Z,https://adore.ifrc.org/Download.aspx?FileId=710070,CU,CUBA: Hurricane Ian,2022-10-06 00:00:00+00:00,MDRCU008_28044.pdf,2022.0,False,False,Other
MDRCU008,3626,6202.0,28045,Final Report,Cuba - Hurricane Ian (MDRCU008),MDRCU008fr,2024-04-19T00:00:00Z,https://go-api.ifrc.org/api/DownloadFile/67636/MDRCU008fr,CU,CUBA: Hurricane Ian,2022-10-06 00:00:00+00:00,MDRCU008_28045.pdf,2022.0,True,False,Emergency Appeal / Other
MDRCU008,3626,6202.0,28046,Operational strategy,Cuba - Hurricane Ian (MDRCU008),Operational Strategy,2022-11-02T00:00:00Z,https://adore.ifrc.org/Download.aspx?FileId=592662,CU,CUBA: Hurricane Ian,2022-10-06 00:00:00+00:00,MDRCU008_28046.pdf,2022.0,False,False,Other
MDRCU008,3626,6202.0,28047,Audited Financial Statement,Cuba - Hurricane Ian (MDRCU008),MDRCU008afs23,2025-11-26T00:00:00Z,https://go-api.ifrc.org/api/DownloadFile/94385/MDRCU008afs23,CU,CUBA: Hurricane Ian,2022-10-06 00:00:00+00:00,MDRCU008_28047.pdf,2022.0,False,False,Other
MDRCU008,3626,6202.0,28048,Operations Update,Cuba - Hurricane Ian (MDRCU008),Operations Update,2022-12-21T00:00:00Z,https://adore.ifrc.org/Download.aspx?FileId=616594,CU,CUBA: Hurricane Ian,2022-10-06 00:00:00+00:00,MDRCU008_28048.pdf,2022.0,False,False,Other
MDRCU008,3626,6202.0,28049,Operations Update,Cuba - Hurricane Ian (MDRCU008),Operations Update,2022-11-19T00:00:00Z,https://adore.ifrc.org/Download.aspx?FileId=599491,CU,CUBA: Hurricane Ian,2022-10-06 00:00:00+00:00,MDRCU008_28049.pdf,2022.0,False,False,Other
MDRPH048,3625,6186.0,28050,DREF Operation Final Report,Philippines - Super Typhoon Karding 2022 (MDRPH048),MDRPH048dfr,2023-07-31T00:00:00Z,https://go-api.ifrc.org/api/DownloadFile/67464/MDRPH048dfr,PH,"PHL: Cyclone - 2022-09 - Karding ""Noru""",2022-10-06 00:00:00+00:00,MDRPH048_28050.pdf,2022.0,True,True,DREF (JSON)
MDRPH048,3625,6186.0,28051,DREF Operation,Philippines - Super Typhoon Karding 2022 (MDRPH048),DREF Operation,2022-10-07T00:00:00Z,https://adore.ifrc.org/Download.aspx?FileId=582919,PH,"PHL: Cyclone - 2022-09 - Karding ""Noru""",2022-10-06 00:00:00+00:00,MDRPH048_28051.pdf,2022.0,False,True,Other
MDRET028,3623,6200.0,28052,DREF Operation Update,Ethiopia - Cholera Outbreak (MDRET028),MDRET028do,2023-02-26T00:00:00Z,https://go-api.ifrc.org/api/DownloadFile/83741/MDRET028do,ET,Ethiopia : Cholera Outbreak,2022-10-04 00:00:00+00:00,MDRET028_28052.pdf,2022.0,False,True,Other
MDRET028,3623,6200.0,28053,DREF Operation Final Report,Ethiopia - Cholera Outbreak (MDRET028),MDRET028dfr,2024-01-29T00:00:00Z,https://go-api.ifrc.org/api/DownloadFile/67440/MDRET028dfr,ET,Ethiopia : Cholera Outbreak,2022-10-04 00:00:00+00:00,MDRET028_28053.pdf,2022.0,True,True,DREF (JSON)
MDRET028,3623,6200.0,28054,DREF Operation,Ethiopia - Cholera Outbreak (MDRET028),DREF Operation,2022-10-04T00:00:00Z,https://adore.ifrc.org/Download.aspx?FileId=581561,ET,Ethiopia : Cholera Outbreak,2022-10-04 00:00:00+00:00,MDRET028_28054.pdf,2022.0,False,True,Other
MDRAM010,3622,6165.0,28055,DREF Operation Final Report,Armenia - Population Movement (MDRAM010),MDRAM010dfr,2023-06-12T00:00:00Z,https://go-api.ifrc.org/api/DownloadFile/67643/MDRAM010dfr,AM,ARM: Population Movement - 2022-09 - Military Escalation,2022-10-03 00:00:00+00:00,MDRAM010_28055.pdf,2022.0,True,False,DREF (Missing from JSON)
MDRAM010,3622,6165.0,28056,DREF Operation,Armenia - Population Movement (MDRAM010),DREF Operation,2022-10-07T00:00:00Z,https://adore.ifrc.org/Download.aspx?FileId=582925,AM,ARM: Population Movement - 2022-09 - Military Escalation,2022-10-03 00:00:00+00:00,MDRAM010_28056.pdf,2022.0,False,False,Other
MDRTJ032,3621,6178.0,28057,DREF Operation Final Report,Tajikistan - Kyrgyzstan Border Conflict (MDRTJ032),MDRTJ032dfr,2023-06-08T00:00:00Z,https://go-api.ifrc.org/api/DownloadFile/67644/MDRTJ032dfr,TJ,TJK: Other - 2022-09 - Border conflict Tajikistan-Kyrgyzstan,2022-10-01 00:00:00+00:00,MDRTJ032_28057.pdf,2022.0,True,True,DREF (JSON)
MDRTJ032,3621,6178.0,28058,DREF Operation,Tajikistan - Kyrgyzstan Border Conflict (MDRTJ032),DREF Operation,2022-10-03T00:00:00Z,https://adore.ifrc.org/Download.aspx?FileId=580839,TJ,TJK: Other - 2022-09 - Border conflict Tajikistan-Kyrgyzstan,2022-10-01 00:00:00+00:00,MDRTJ032_28058.pdf,2022.0,False,True,Other
MDRHN016,3620,6184.0,28059,DREF Operation Final Report,Honduras - Floods (MDRHN016),MDRHN016fr,2023-04-28T00:00:00Z,https://go-api.ifrc.org/api/DownloadFile/67444/MDRHN016fr,HN,HND: Flood - 2022-09 - Heavy Rains,2022-09-30 00:00:00+00:00,MDRHN016_28059.pdf,2022.0,True,False,DREF (Missing from JSON)
MDRHN016,3620,6184.0,28060,DREF Operation,Honduras - Floods (MDRHN016),DREF Operation,2022-10-05T00:00:00Z,https://adore.ifrc.org/Download.aspx?FileId=582099,HN,HND: Flood - 2022-09 - Heavy Rains,2022-09-30 00:00:00+00:00,MDRHN016_28060.pdf,2022.0,False,False,Other
MDRKG015,3619,6162.0,28061,DREF Operation Final Report,Kyrgyzstan - Border Conflict (MDRKG015),MDRKG015dfr,2023-06-08T00:00:00Z,https://go-api.ifrc.org/api/DownloadFile/67645/MDRKG015dfr,KG,KGZ: Other - 2022-09 - Transborder conflict,2022-09-29 00:00:00+00:00,MDRKG015_28061.pdf,2022.0,True,False,DREF (Missing from JSON)
MDRKG015,3619,6162.0,28062,DREF Operation,Kyrgyzstan - Border Conflict (MDRKG015),DREF Operation,2022-09-30T00:00:00Z,https://adore.ifrc.org/Download.aspx?FileId=580530,KG,KGZ: Other - 2022-09 - Transborder conflict,2022-09-29 00:00:00+00:00,MDRKG015_28062.pdf,2022.0,False,False,Other
MDRSY008,3618,6166.0,28063,DREF Operation Final Report,Syria - Cholera Outbreak (MDRSY008),MDRSY008dfr,2025-05-02T00:00:00Z,https://go-api.ifrc.org/api/DownloadFile/90587/MDRSY008dfr,SY,SYR: Epidemic - 2022-09 - outbreak - Cholera,2022-09-28 00:00:00+00:00,MDRSY008_28063.pdf,2022.0,True,False,DREF (Missing from JSON)
MDRSY008,3618,6166.0,28064,DREF Operation,Syria - Cholera Outbreak (MDRSY008),DREF Operation,2022-09-29T00:00:00Z,https://adore.ifrc.org/Download.aspx?FileId=579307,SY,SYR: Epidemic - 2022-09 - outbreak - Cholera,2022-09-28 00:00:00+00:00,MDRSY008_28064.pdf,2022.0,False,False,Other
MDRUG047,3615,6187.0,28065,DREF Operation,Uganda - Ebola Virus Disease Outbreak (MDRUG047),DREF Operation,2022-09-23T00:00:00Z,https://adore.ifrc.org/Download.aspx?FileId=577630,UG,UGANDA - Ebola Virus Disease Outbreak - 2022,2022-09-23 00:00:00+00:00,MDRUG047_28065.pdf,2022.0,False,False,Other
MDRUG047,3615,6187.0,28066,Operations Update,Uganda - Ebola Virus Disease Outbreak (MDRUG047),Operations Update,2022-11-30T00:00:00Z,https://adore.ifrc.org/Download.aspx?FileId=604618,UG,UGANDA - Ebola Virus Disease Outbreak - 2022,2022-09-23 00:00:00+00:00,MDRUG047_28066.pdf,2022.0,False,False,Other
MDRUG047,3615,6187.0,28067,6 month update,Uganda - Ebola Virus Disease Outbreak (MDRUG047),MDRUG0476m,2023-06-16T00:00:00Z,https://go-api.ifrc.org/api/DownloadFile/67566/MDRUG0476m,UG,UGANDA - Ebola Virus Disease Outbreak - 2022,2022-09-23 00:00:00+00:00,MDRUG047_28067.pdf,2022.0,False,False,Other
MDRUG047,3615,6187.0,28068,Operations Update,Uganda - Ebola Virus Disease Outbreak (MDRUG047),MDRUG047eu4,2023-10-02T00:00:00Z,https://go-api.ifrc.org/api/DownloadFile/85362/MDRUG047eu4,UG,UGANDA - Ebola Virus Disease Outbreak - 2022,2022-09-23 00:00:00+00:00,MDRUG047_28068.pdf,2022.0,False,False,Other
MDRUG047,3615,6187.0,28069,Final Report,Uganda - Ebola Virus Disease Outbreak (MDRUG047),MDRUG047efr,2025-05-22T00:00:00Z,https://go-api.ifrc.org/api/DownloadFile/67567/MDRUG047efr,UG,UGANDA - Ebola Virus Disease Outbreak - 2022,2022-09-23 00:00:00+00:00,MDRUG047_28069.pdf,2022.0,True,False,Emergency Appeal / Other
MDRUG047,3615,6187.0,28070,6 month update,Uganda - Ebola Virus Disease Outbreak (MDRUG047),6 month update,2023-06-16T00:00:00Z,https://adore.ifrc.org/Download.aspx?FileId=692148,UG,UGANDA - Ebola Virus Disease Outbreak - 2022,2022-09-23 00:00:00+00:00,MDRUG047_28070.pdf,2022.0,False,False,Other
MDRUG047,3615,6187.0,28071,Operational strategy,Uganda - Ebola Virus Disease Outbreak (MDRUG047),Operational Strategy,2022-10-21T00:00:00Z,https://adore.ifrc.org/Download.aspx?FileId=588366,UG,UGANDA - Ebola Virus Disease Outbreak - 2022,2022-09-23 00:00:00+00:00,MDRUG047_28071.pdf,2022.0,False,False,Other
MDRUG047,3615,6187.0,28072,Operations Update,Uganda - Ebola Virus Disease Outbreak (MDRUG047),Operation update,2023-01-12T00:00:00Z,https://go-api.ifrc.org/api/DownloadFile/67565/Operation-update,UG,UGANDA - Ebola Virus Disease Outbreak - 2022,2022-09-23 00:00:00+00:00,MDRUG047_28072.pdf,2022.0,False,False,Other
MDRDO014,3617,6177.0,28073,DREF Operation Final Report,Dominican Republic - Hurricane Fiona (MDRDO014),MDRDO014fr,2023-08-29T00:00:00Z,https://go-api.ifrc.org/api/DownloadFile/67382/MDRDO014fr,DO,Dominican Republic: Hurricane Fiona,2022-09-23 00:00:00+00:00,MDRDO014_28073.pdf,2022.0,True,False,DREF (Missing from JSON)
MDRDO014,3617,6177.0,28074,DREF Operation,Dominican Republic - Hurricane Fiona (MDRDO014),DREF Operation,2022-09-26T00:00:00Z,https://adore.ifrc.org/Download.aspx?FileId=578153,DO,Dominican Republic: Hurricane Fiona,2022-09-23 00:00:00+00:00,MDRDO014_28074.pdf,2022.0,False,False,Other
MDRCG019,3616,6160.0,28075,DREF Operation Update,Republic of Congo - Pop. Movement from DRC (MDRCG019),MDRCG019du1,2023-03-27T00:00:00Z,https://go-api.ifrc.org/api/DownloadFile/84016/MDRCG019du1,CG,COG: Déplacement de population - 2022-09 - Mouvement de la Population de la RDC en République du Congo,2022-09-23 00:00:00+00:00,MDRCG019_28075.pdf,2022.0,False,False,Other
MDRCG019,3616,6160.0,28076,DREF Operation Final Report,Republic of Congo - Pop. Movement from DRC (MDRCG019),MDRCG019dfr,2023-07-13T00:00:00Z,https://go-api.ifrc.org/api/DownloadFile/67422/MDRCG019dfr,CG,COG: Déplacement de population - 2022-09 - Mouvement de la Population de la RDC en République du Congo,2022-09-23 00:00:00+00:00,MDRCG019_28076.pdf,2022.0,True,False,DREF (Missing from JSON)
MDRCG019,3616,6160.0,28077,DREF Operation,Republic of Congo - Pop. Movement from DRC (MDRCG019),DREF Operation,2022-09-28T00:00:00Z,https://adore.ifrc.org/Download.aspx?FileId=578806,CG,COG: Déplacement de population - 2022-09 - Mouvement de la Population de la RDC en République du Congo,2022-09-23 00:00:00+00:00,MDRCG019_28077.pdf,2022.0,False,False,Other
MDRKM009,3613,6958.0,28078,DREF Operation Update,Comoros - Karthala Volcano Eruption Alert (MDRKM009),DREF Operation Update,2023-01-30T00:00:00Z,https://go-api.ifrc.org/api/DownloadFile/83429/DREF-Operation-Update,KM,Comoros - Karthala Volcano Eruption Alert,2022-09-21 00:00:00+00:00,MDRKM009_28078.pdf,2022.0,False,False,Other
MDRKM009,3613,6958.0,28079,DREF Operation Final Report,Comoros - Karthala Volcano Eruption Alert (MDRKM009),MDRKM009dfr,2023-09-12T00:00:00Z,https://go-api.ifrc.org/api/DownloadFile/67386/MDRKM009dfr,KM,Comoros - Karthala Volcano Eruption Alert,2022-09-21 00:00:00+00:00,MDRKM009_28079.pdf,2022.0,True,False,DREF (Missing from JSON)
MDRKM009,3613,6958.0,28080,DREF Operation,Comoros - Karthala Volcano Eruption Alert (MDRKM009),DREF Operation,2022-09-26T00:00:00Z,https://adore.ifrc.org/Download.aspx?FileId=578185,KM,Comoros - Karthala Volcano Eruption Alert,2022-09-21 00:00:00+00:00,MDRKM009_28080.pdf,2022.0,False,False,Other
MDRBG003,3614,6154.0,28081,DREF Operation Final Report,Bulgaria - Floods (MDRBG003),MDRBG003dfr,2023-08-04T00:00:00Z,https://go-api.ifrc.org/api/DownloadFile/67646/MDRBG003dfr,BG,BGR: Flood - 2022-09 - Plovdiv Floods,2022-09-21 00:00:00+00:00,MDRBG003_28081.pdf,2022.0,True,False,DREF (Missing from JSON)
MDRBG003,3614,6154.0,28082,DREF Operation,Bulgaria - Floods (MDRBG003),DREF Operation,2022-09-23T00:00:00Z,https://adore.ifrc.org/Download.aspx?FileId=577607,BG,BGR: Flood - 2022-09 - Plovdiv Floods,2022-09-21 00:00:00+00:00,MDRBG003_28082.pdf,2022.0,False,False,Other
MDRMW017,3612,5881.0,28083,Final Report,Malawi - Cholera (MDRMW017),MDRMW017f1,2025-03-24T00:00:00Z,https://go-api.ifrc.org/api/DownloadFile/83376/MDRMW017f1,MW,Malawi - Cholera Outbreak,2022-09-15 00:00:00+00:00,MDRMW017_28083.pdf,2022.0,True,False,Emergency Appeal / Other
MDRMW017,3612,5881.0,28084,Final Report,Malawi - Cholera (MDRMW017),MDRMW017efr,2025-03-24T00:00:00Z,https://go-api.ifrc.org/api/DownloadFile/83376/MDRMW017efr,MW,Malawi - Cholera Outbreak,2022-09-15 00:00:00+00:00,MDRMW017_28084.pdf,2022.0,True,False,Emergency Appeal / Other
MDRMW017,3612,5881.0,28085,Emergency Appeal,Malawi - Cholera (MDRMW017),Emergency Appeal,2023-01-24T00:00:00Z,https://go-api.ifrc.org/api/DownloadFile/83375/Emergency-Appeal,MW,Malawi - Cholera Outbreak,2022-09-15 00:00:00+00:00,MDRMW017_28085.pdf,2022.0,False,False,Other
MDRMW017,3612,5881.0,28086,Operational strategy,Malawi - Cholera (MDRMW017),MDRMW017_OS,2023-03-04T00:00:00Z,https://go-api.ifrc.org/api/DownloadFile/83811/MDRMW017_OS,MW,Malawi - Cholera Outbreak,2022-09-15 00:00:00+00:00,MDRMW017_28086.pdf,2022.0,False,False,Other
MDRMW017,3612,5881.0,28087,Operations Update,Malawi - Cholera (MDRMW017),MDRMW017eu1,2023-04-11T00:00:00Z,https://go-api.ifrc.org/api/DownloadFile/83812/MDRMW017eu1,MW,Malawi - Cholera Outbreak,2022-09-15 00:00:00+00:00,MDRMW017_28087.pdf,2022.0,False,False,Other
MDRMW017,3612,5881.0,28088,Operations Update,Malawi - Cholera (MDRMW017),MDRMW017eu2,2023-05-15T00:00:00Z,https://go-api.ifrc.org/api/DownloadFile/83813/MDRMW017eu2,MW,Malawi - Cholera Outbreak,2022-09-15 00:00:00+00:00,MDRMW017_28088.pdf,2022.0,False,False,Other
MDRMW017,3612,5881.0,28089,6 month update,Malawi - Cholera (MDRMW017),MDRMW017 6m,2023-11-20T00:00:00Z,https://go-api.ifrc.org/api/DownloadFile/83814/MDRMW017-6m,MW,Malawi - Cholera Outbreak,2022-09-15 00:00:00+00:00,MDRMW017_28089.pdf,2022.0,False,False,Other
MDRMW017,3612,5881.0,28090,DREF Operation,Malawi - Cholera (MDRMW017),DREF Operation,2022-09-17T00:00:00Z,https://adore.ifrc.org/Download.aspx?FileId=575153,MW,Malawi - Cholera Outbreak,2022-09-15 00:00:00+00:00,MDRMW017_28090.pdf,2022.0,False,False,Other
MDRMW017,3612,5881.0,28091,6 month update,Malawi - Cholera (MDRMW017),6 month update,2023-11-20T00:00:00Z,https://adore.ifrc.org/Download.aspx?FileId=761992,MW,Malawi - Cholera Outbreak,2022-09-15 00:00:00+00:00,MDRMW017_28091.pdf,2022.0,False,False,Other
MDRSL013,3611,6142.0,28092,DREF Operation Update,Sierra Leone - Floods (MDRSL013),MDRSL013ou1,2023-02-02T00:00:00Z,https://go-api.ifrc.org/api/DownloadFile/83475/MDRSL013ou1,SL,"Sierra Leone-Freetown Floods August 28, 2022",2022-09-14 00:00:00+00:00,MDRSL013_28092.pdf,2022.0,False,False,Other
MDRSL013,3611,6142.0,28093,DREF Operation Final Report,Sierra Leone - Floods (MDRSL013),MDRSL013dfr,2024-03-14T00:00:00Z,https://go-api.ifrc.org/api/DownloadFile/87255/MDRSL013dfr,SL,"Sierra Leone-Freetown Floods August 28, 2022",2022-09-14 00:00:00+00:00,MDRSL013_28093.pdf,2022.0,True,False,DREF (Missing from JSON)
MDRSL013,3611,6142.0,28094,DREF Operation,Sierra Leone - Floods (MDRSL013),DREF Operation,2022-09-19T00:00:00Z,https://adore.ifrc.org/Download.aspx?FileId=575545,SL,"Sierra Leone-Freetown Floods August 28, 2022",2022-09-14 00:00:00+00:00,MDRSL013_28094.pdf,2022.0,False,False,Other
MDRGN014,3610,7297.0,28095,DREF Operation,Guinea - Floods in Kankan (MDRGN014),DREF Operation,2022-09-16T00:00:00Z,https://adore.ifrc.org/Download.aspx?FileId=575117,GN,Guinea: 2022 Kankan floods,2022-09-14 00:00:00+00:00,MDRGN014_28095.pdf,2022.0,False,False,Other
MDRGN014,3610,7297.0,28096,DREF Operation Final Report,Guinea - Floods in Kankan (MDRGN014),MDRGN014dfr,2024-06-11T00:00:00Z,https://go-api.ifrc.org/api/DownloadFile/86768/MDRGN014dfr,GN,Guinea: 2022 Kankan floods,2022-09-14 00:00:00+00:00,MDRGN014_28096.pdf,2022.0,True,False,DREF (Missing from JSON)
MDRZW018,3609,6013.0,28097,DREF Operation Update,Zimbabwe - Measles (MDRZW018),DREF Operation Update,2023-01-31T00:00:00Z,https://go-api.ifrc.org/api/DownloadFile/83439/DREF-Operation-Update,ZW,ZWE: Epidemic - 2022-06 - Measles outbreak and polio risk in Zimbabwe,2022-09-11 00:00:00+00:00,MDRZW018_28097.pdf,2022.0,False,False,Other
MDRZW018,3609,6013.0,28098,DREF Operation Final Report,Zimbabwe - Measles (MDRZW018),MDRZW018dfr,2023-09-18T00:00:00Z,https://go-api.ifrc.org/api/DownloadFile/67313/MDRZW018dfr,ZW,ZWE: Epidemic - 2022-06 - Measles outbreak and polio risk in Zimbabwe,2022-09-11 00:00:00+00:00,MDRZW018_28098.pdf,2022.0,True,False,DREF (Missing from JSON)
MDRZW018,3609,6013.0,28099,DREF Operation,Zimbabwe - Measles (MDRZW018),MXXXX000 report,2022-09-14T00:00:00Z,https://go-api.ifrc.org/api/DownloadFile/67312/MXXXX000-report,ZW,ZWE: Epidemic - 2022-06 - Measles outbreak and polio risk in Zimbabwe,2022-09-11 00:00:00+00:00,MDRZW018_28099.pdf,2022.0,False,False,Other
MDRCD038,3608,6159.0,28100,DREF Operation Final Report,DR Congo - EVD 15th Outbreak (MDRCD038),MDRCD038dfr,2023-07-06T00:00:00Z,https://go-api.ifrc.org/api/DownloadFile/67341/MDRCD038dfr,CD,DRC - 15th Ebola Outbreak,2022-09-07 00:00:00+00:00,MDRCD038_28100.pdf,2022.0,True,False,DREF (Missing from JSON)
MDRCD038,3608,6159.0,28101,DREF Operation,DR Congo - EVD 15th Outbreak (MDRCD038),DREF Operation,2022-09-19T00:00:00Z,https://adore.ifrc.org/Download.aspx?FileId=575792,CD,DRC - 15th Ebola Outbreak,2022-09-07 00:00:00+00:00,MDRCD038_28101.pdf,2022.0,False,False,Other
MDRPG011,3606,6140.0,28102,DREF Operation Final Report,Papua New Guinea - Civil Unrest (MDRPG011),MDRPG011dfr,2023-06-30T00:00:00Z,https://go-api.ifrc.org/api/DownloadFile/67241/MDRPG011dfr,PG,PNG: Civil Unrest - 2022-05 - Civil Unrest,2022-09-02 00:00:00+00:00,MDRPG011_28102.pdf,2022.0,True,False,DREF (Missing from JSON)
MDRPG011,3606,6140.0,28103,DREF Operation,Papua New Guinea - Civil Unrest (MDRPG011),DREF Operation,2022-09-03T00:00:00Z,https://adore.ifrc.org/Download.aspx?FileId=570009,PG,PNG: Civil Unrest - 2022-05 - Civil Unrest,2022-09-02 00:00:00+00:00,MDRPG011_28103.pdf,2022.0,False,False,Other
MDRDZ008,3607,6136.0,28107,DREF Operation Update,Algeria - Forest Wildfires (MDRDZ008),MDRDZ008DU,2023-03-28T00:00:00Z,https://go-api.ifrc.org/api/DownloadFile/84021/MDRDZ008DU,DZ,DZA: Fire - 2022-08 - Wildfire,2022-09-02 00:00:00+00:00,MDRDZ008_28107.pdf,2022.0,False,False,Other
MDRDZ008,3607,6136.0,28108,DREF Operation Final Report,Algeria - Forest Wildfires (MDRDZ008),MDRDZ008fr,2023-11-10T00:00:00Z,https://go-api.ifrc.org/api/DownloadFile/R67948/MDRDZ008fr,DZ,DZA: Fire - 2022-08 - Wildfire,2022-09-02 00:00:00+00:00,MDRDZ008_28108.pdf,2022.0,True,False,DREF (Missing from JSON)
MDRDZ008,3607,6136.0,28109,DREF Operation,Algeria - Forest Wildfires (MDRDZ008),DREF Operation,2022-09-05T00:00:00Z,https://adore.ifrc.org/Download.aspx?FileId=570252,DZ,DZA: Fire - 2022-08 - Wildfire,2022-09-02 00:00:00+00:00,MDRDZ008_28109.pdf,2022.0,False,False,Other
MDRSN019,3604,6123.0,28110,DREF Operation Update,"Senegal - Floods in Dakar, Matam, Thies (MDRSN019)",MDRSN019ou_1,2023-02-02T00:00:00Z,https://go-api.ifrc.org/api/DownloadFile/83474/MDRSN019ou_1,SN,SEN: Flood - 2022-08 - SEN: Flood - 2022-08,2022-09-01 00:00:00+00:00,MDRSN019_28110.pdf,2022.0,False,False,Other
MDRSN019,3604,6123.0,28111,DREF Operation Final Report,"Senegal - Floods in Dakar, Matam, Thies (MDRSN019)",MDRSN019dfr,2023-11-02T00:00:00Z,https://go-api.ifrc.org/api/DownloadFile/67290/MDRSN019dfr,SN,SEN: Flood - 2022-08 - SEN: Flood - 2022-08,2022-09-01 00:00:00+00:00,MDRSN019_28111.pdf,2022.0,True,False,DREF (Missing from JSON)
MDRSN019,3604,6123.0,28112,DREF Operation,"Senegal - Floods in Dakar, Matam, Thies (MDRSN019)",DREF Operation,2022-09-12T00:00:00Z,https://adore.ifrc.org/Download.aspx?FileId=573031,SN,SEN: Flood - 2022-08 - SEN: Flood - 2022-08,2022-09-01 00:00:00+00:00,MDRSN019_28112.pdf,2022.0,False,False,Other
MDRAM009,3602,6127.0,28115,DREF Operation Final Report,Armenia - Massive Explosion in Yerevan (MDRAM009),MDRAM009dfr,2023-04-14T00:00:00Z,https://go-api.ifrc.org/api/DownloadFile/67265/MDRAM009dfr,AM,ARM: Complex Emergency - 2022-08 - Fire and Explosion,2022-08-30 00:00:00+00:00,MDRAM009_28115.pdf,2022.0,True,False,DREF (Missing from JSON)
MDRAM009,3602,6127.0,28116,DREF Operation,Armenia - Massive Explosion in Yerevan (MDRAM009),DREF Operation,2022-09-03T00:00:00Z,https://adore.ifrc.org/Download.aspx?FileId=570008,AM,ARM: Complex Emergency - 2022-08 - Fire and Explosion,2022-08-30 00:00:00+00:00,MDRAM009_28116.pdf,2022.0,False,False,Other
MDRLA008,3601,6130.0,28117,DREF Operation Final Report,Laos - Floods (MDRLA008),MDRLA008dfr,2023-05-30T00:00:00Z,https://go-api.ifrc.org/api/DownloadFile/67186/MDRLA008dfr,LA,LAO: Floods (August 2022),2022-08-24 00:00:00+00:00,MDRLA008_28117.pdf,2022.0,True,False,DREF (Missing from JSON)
MDRLA008,3601,6130.0,28118,DREF Operation,Laos - Floods (MDRLA008),DREF Operation,2022-08-25T00:00:00Z,https://adore.ifrc.org/Download.aspx?FileId=566287,LA,LAO: Floods (August 2022),2022-08-24 00:00:00+00:00,MDRLA008_28118.pdf,2022.0,False,False,Other
MDRSL012,3600,6183.0,28119,DREF Operation Final Report,Sierra Leone - Civil Unrest (MDRSL012),MDRSL012dfr,2023-12-18T00:00:00Z,https://go-api.ifrc.org/api/DownloadFile/67209/MDRSL012dfr,SL,Sierra Leone - Civil Unrest,2022-08-23 00:00:00+00:00,MDRSL012_28119.pdf,2022.0,True,False,DREF (Missing from JSON)
MDRSL012,3600,6183.0,28120,DREF Operation,Sierra Leone - Civil Unrest (MDRSL012),DREF Operation,2022-08-25T00:00:00Z,https://adore.ifrc.org/Download.aspx?FileId=566517,SL,Sierra Leone - Civil Unrest,2022-08-23 00:00:00+00:00,MDRSL012_28120.pdf,2022.0,False,False,Other
MDRMR014,3599,6097.0,28121,DREF Operation Update,Mauritania - Floods (MDRMR014),DREF Operation Update,2023-02-17T00:00:00Z,https://go-api.ifrc.org/api/DownloadFile/83639/DREF-Operation-Update,MR,MRT: Inondation - 2022-07 - Inondation dans plusieurs régions en Mauritanie,2022-08-19 00:00:00+00:00,MDRMR014_28121.pdf,2022.0,False,False,Other
MDRMR014,3599,6097.0,28122,DREF Operation Final Report,Mauritania - Floods (MDRMR014),MDRMR014dfr,2024-05-14T00:00:00Z,https://go-api.ifrc.org/api/DownloadFile/67176/MDRMR014dfr,MR,MRT: Inondation - 2022-07 - Inondation dans plusieurs régions en Mauritanie,2022-08-19 00:00:00+00:00,MDRMR014_28122.pdf,2022.0,True,False,DREF (Missing from JSON)
MDRMR014,3599,6097.0,28123,DREF Operation,Mauritania - Floods (MDRMR014),DREF Operation,2022-08-23T00:00:00Z,https://adore.ifrc.org/Download.aspx?FileId=565616,MR,MRT: Inondation - 2022-07 - Inondation dans plusieurs régions en Mauritanie,2022-08-19 00:00:00+00:00,MDRMR014_28123.pdf,2022.0,False,False,Other
MDRTD021,3598,6118.0,28124,Operational strategy,Chad - Floods (MDRTD021),MDRTD021_OS,2023-03-09T00:00:00Z,https://go-api.ifrc.org/api/DownloadFile/83861/MDRTD021_OS,TD,TCD: Flood - 2022-08 - Torrential rains and floods in N'Djamena and provinces,2022-08-18 00:00:00+00:00,MDRTD021_28124.pdf,2022.0,False,False,Other
MDRTD021,3598,6118.0,28125,DREF Operation,Chad - Floods (MDRTD021),DREF Operation,2022-09-12T00:00:00Z,https://adore.ifrc.org/Download.aspx?FileId=573264,TD,TCD: Flood - 2022-08 - Torrential rains and floods in N'Djamena and provinces,2022-08-18 00:00:00+00:00,MDRTD021_28125.pdf,2022.0,False,False,Other
MDRTD021,3598,6118.0,28126,Emergency Appeal,Chad - Floods (MDRTD021),MDRTD021ea,2023-07-19T00:00:00Z,https://go-api.ifrc.org/api/DownloadFile/84866/MDRTD021ea,TD,TCD: Flood - 2022-08 - Torrential rains and floods in N'Djamena and provinces,2022-08-18 00:00:00+00:00,MDRTD021_28126.pdf,2022.0,False,False,Other
MDRTD021,3598,6118.0,28127,Operational strategy,Chad - Floods (MDRTD021),MDRTD021os,2023-07-19T00:00:00Z,https://go-api.ifrc.org/api/DownloadFile/84867/MDRTD021os,TD,TCD: Flood - 2022-08 - Torrential rains and floods in N'Djamena and provinces,2022-08-18 00:00:00+00:00,MDRTD021_28127.pdf,2022.0,False,False,Other
MDRTD021,3598,6118.0,28128,Operations Update,Chad - Floods (MDRTD021),MDRTD021eu1,2023-10-31T00:00:00Z,https://go-api.ifrc.org/api/DownloadFile/83867/MDRTD021eu1,TD,TCD: Flood - 2022-08 - Torrential rains and floods in N'Djamena and provinces,2022-08-18 00:00:00+00:00,MDRTD021_28128.pdf,2022.0,False,False,Other
MDRTD021,3598,6118.0,28129,Final Report,Chad - Floods (MDRTD021),MDRTD021efr,2025-11-07T00:00:00Z,https://go-api.ifrc.org/api/DownloadFile/83868/MDRTD021efr,TD,TCD: Flood - 2022-08 - Torrential rains and floods in N'Djamena and provinces,2022-08-18 00:00:00+00:00,MDRTD021_28129.pdf,2022.0,True,False,Emergency Appeal / Other
MDRLK015,3597,6108.0,28130,DREF Operation Update,Sri Lanka - Extreme Weather (MDRLK015),MDRLK015OU2,2023-02-26T00:00:00Z,https://go-api.ifrc.org/api/DownloadFile/83736/MDRLK015OU2,LK,Sri Lanka: Extreme Weather,2022-08-17 00:00:00+00:00,MDRLK015_28130.pdf,2022.0,False,False,Other
MDRLK015,3597,6108.0,28131,DREF Operation Final Report,Sri Lanka - Extreme Weather (MDRLK015),MDRLK015_dfr,2023-06-30T00:00:00Z,https://go-api.ifrc.org/api/DownloadFile/67150/MDRLK015_dfr,LK,Sri Lanka: Extreme Weather,2022-08-17 00:00:00+00:00,MDRLK015_28131.pdf,2022.0,True,False,DREF (Missing from JSON)
MDRLK015,3597,6108.0,28132,DREF Operation,Sri Lanka - Extreme Weather (MDRLK015),DREF Operation,2022-08-19T00:00:00Z,https://adore.ifrc.org/Download.aspx?FileId=564393,LK,Sri Lanka: Extreme Weather,2022-08-17 00:00:00+00:00,MDRLK015_28132.pdf,2022.0,False,False,Other
MDRUG046,3596,6141.0,28133,DREF Operation Final Report,Uganda - Flash Floods and Landslides (MDRUG046),MDRUG046dfr,2023-06-21T00:00:00Z,https://go-api.ifrc.org/api/DownloadFile/67133/MDRUG046dfr,UG,Uganda : Floods 2022,2022-08-15 00:00:00+00:00,MDRUG046_28133.pdf,2022.0,True,False,DREF (Missing from JSON)
MDRUG046,3596,6141.0,28134,DREF Operation,Uganda - Flash Floods and Landslides (MDRUG046),DREF Operation,2022-08-15T00:00:00Z,https://adore.ifrc.org/Download.aspx?FileId=562739,UG,Uganda : Floods 2022,2022-08-15 00:00:00+00:00,MDRUG046_28134.pdf,2022.0,False,False,Other
MDRIR011,3595,6095.0,28135,DREF Operation Final Report,Iran - Central/Southern Floods (MDRIR011),MDRIR011fr,2023-12-28T00:00:00Z,https://go-api.ifrc.org/api/DownloadFile/67142/MDRIR011fr,IR,IRN: Flood - IRAN: 25 provinces inundated by flood (23-07-2022),2022-08-11 00:00:00+00:00,MDRIR011_28135.pdf,2022.0,True,False,DREF (Missing from JSON)
MDRIR011,3595,6095.0,28136,DREF Operation,Iran - Central/Southern Floods (MDRIR011),DREF Operation,2022-08-12T00:00:00Z,https://adore.ifrc.org/Download.aspx?FileId=563015,IR,IRN: Flood - IRAN: 25 provinces inundated by flood (23-07-2022),2022-08-11 00:00:00+00:00,MDRIR011_28136.pdf,2022.0,False,False,Other
MDRIR011,3595,6095.0,28137,DREF Operation Update,Iran - Central/Southern Floods (MDRIR011),MDRIR011du1,2023-01-09T00:00:00Z,https://go-api.ifrc.org/api/DownloadFile/R67934/MDRIR011du1,IR,IRN: Flood - IRAN: 25 provinces inundated by flood (23-07-2022),2022-08-11 00:00:00+00:00,MDRIR011_28137.pdf,2022.0,False,False,Other
MDRMN016,3594,6106.0,28138,DREF Operation Final Report,Mongolia - Flash Floods (MDRMN016),MDRMN016dfr,2023-02-28T00:00:00Z,https://go-api.ifrc.org/api/DownloadFile/67103/MDRMN016dfr,MN,MNG: Flash flood (July 2022),2022-08-08 00:00:00+00:00,MDRMN016_28138.pdf,2022.0,True,False,DREF (Missing from JSON)
MDRMN016,3594,6106.0,28139,DREF Operation,Mongolia - Flash Floods (MDRMN016),DREF Operation,2022-08-08T00:00:00Z,https://adore.ifrc.org/Download.aspx?FileId=560350,MN,MNG: Flash flood (July 2022),2022-08-08 00:00:00+00:00,MDRMN016_28139.pdf,2022.0,False,False,Other
MDRGM016,3593,6959.0,28140,DREF Operation Final Report,Gambia - Flash Floods (MDRGM016),MDRGM016dfr,2024-01-15T00:00:00Z,https://go-api.ifrc.org/api/DownloadFile/67106/MDRGM016dfr,GM,Gambia - Flash Floods,2022-08-05 00:00:00+00:00,MDRGM016_28140.pdf,2022.0,True,False,DREF (Missing from JSON)
MDRGM016,3593,6959.0,28141,DREF Operation,Gambia - Flash Floods (MDRGM016),DREF Operation,2022-08-08T00:00:00Z,https://adore.ifrc.org/Download.aspx?FileId=560391,GM,Gambia - Flash Floods,2022-08-05 00:00:00+00:00,MDRGM016_28141.pdf,2022.0,False,False,Other
MDRPH047,3592,6091.0,28142,DREF Operation Final Report,Philippines - Tayum Abra Earthquake (MDRPH047),MDRPH047 DREF Final Report,2023-03-31T00:00:00Z,https://go-api.ifrc.org/api/DownloadFile/67065/MDRPH047-DREF-Final-Report,PH,"Philippines: Tayum, Abra Earthquake",2022-08-02 00:00:00+00:00,MDRPH047_28142.pdf,2022.0,True,False,DREF (Missing from JSON)
MDRPH047,3592,6091.0,28143,DREF Operation,Philippines - Tayum Abra Earthquake (MDRPH047),DREF Operation,2022-08-03T00:00:00Z,https://adore.ifrc.org/Download.aspx?FileId=558352,PH,"Philippines: Tayum, Abra Earthquake",2022-08-02 00:00:00+00:00,MDRPH047_28143.pdf,2022.0,False,False,Other
MDRGR004,3591,6077.0,28144,DREF Operation Final Report,Greece - Wildfires (MDRGR004),MDRGR004dfr,2023-08-04T00:00:00Z,https://go-api.ifrc.org/api/DownloadFile/67264/MDRGR004dfr,GR,"GRC: Fire - 2022-07 - Wildfire/Rethimno, Crete, Greece",2022-07-30 00:00:00+00:00,MDRGR004_28144.pdf,2022.0,True,False,DREF (Missing from JSON)
MDRGR004,3591,6077.0,28145,DREF Operation,Greece - Wildfires (MDRGR004),DREF Operation,2022-08-02T00:00:00Z,https://adore.ifrc.org/Download.aspx?FileId=558050,GR,"GRC: Fire - 2022-07 - Wildfire/Rethimno, Crete, Greece",2022-07-30 00:00:00+00:00,MDRGR004_28145.pdf,2022.0,False,False,Other
MDR43008,3589,6010.0,28146,6 month update,Central America & Mexico - Migration Crisis (MDR43008),EA Migration Crisis Update No3,2023-04-18T00:00:00Z,https://go-api.ifrc.org/api/DownloadFile/67247/EA-Migration-Crisis-Update-No3,PA,Migration: Mexico & Central America 2022,2022-07-29 00:00:00+00:00,MDR43008_28146.pdf,2022.0,False,False,Other
MDR43008,3589,6010.0,28147,Operations Update,Central America & Mexico - Migration Crisis (MDR43008),MDR43008ou4,2023-07-25T00:00:00Z,https://go-api.ifrc.org/api/DownloadFile/84901/MDR43008ou4,PA,Migration: Mexico & Central America 2022,2022-07-29 00:00:00+00:00,MDR43008_28147.pdf,2022.0,False,False,Other
MDR43008,3589,6010.0,28148,Operations Update,Central America & Mexico - Migration Crisis (MDR43008),MDR43008ou5,2023-09-29T00:00:00Z,https://go-api.ifrc.org/api/DownloadFile/85340/MDR43008ou5,PA,Migration: Mexico & Central America 2022,2022-07-29 00:00:00+00:00,MDR43008_28148.pdf,2022.0,False,False,Other
MDR43008,3589,6010.0,28149,12 month update,Central America & Mexico - Migration Crisis (MDR43008),MDR43008ou6,2023-10-18T00:00:00Z,https://go-api.ifrc.org/api/DownloadFile/84902/MDR43008ou6,PA,Migration: Mexico & Central America 2022,2022-07-29 00:00:00+00:00,MDR43008_28149.pdf,2022.0,False,False,Other
MDR43008,3589,6010.0,28150,Operational strategy,Central America & Mexico - Migration Crisis (MDR43008),Operational Strategy,2022-09-02T00:00:00Z,https://adore.ifrc.org/Download.aspx?FileId=569999,PA,Migration: Mexico & Central America 2022,2022-07-29 00:00:00+00:00,MDR43008_28150.pdf,2022.0,False,False,Other
MDR43008,3589,6010.0,28151,Operational strategy,Central America & Mexico - Migration Crisis (MDR43008),Operational Strategy,2022-09-02T00:00:00Z,https://adore.ifrc.org/Download.aspx?FileId=570000,PA,Migration: Mexico & Central America 2022,2022-07-29 00:00:00+00:00,MDR43008_28151.pdf,2022.0,False,False,Other
MDR43008,3589,6010.0,28152,12 month update,Central America & Mexico - Migration Crisis (MDR43008),12 month update,2023-10-18T00:00:00Z,https://adore.ifrc.org/Download.aspx?FileId=748783,PA,Migration: Mexico & Central America 2022,2022-07-29 00:00:00+00:00,MDR43008_28152.pdf,2022.0,False,False,Other
MDR43008,3589,6010.0,28153,Final Report,Central America & Mexico - Migration Crisis (MDR43008),MDR43008fr,2024-05-15T00:00:00Z,https://go-api.ifrc.org/api/DownloadFile/67248/MDR43008fr,PA,Migration: Mexico & Central America 2022,2022-07-29 00:00:00+00:00,MDR43008_28153.pdf,2022.0,True,False,Emergency Appeal / Other
MDR43008,3589,6010.0,28154,Operational strategy,Central America & Mexico - Migration Crisis (MDR43008),Operational Strategy,2022-08-26T00:00:00Z,https://adore.ifrc.org/Download.aspx?FileId=567068,PA,Migration: Mexico & Central America 2022,2022-07-29 00:00:00+00:00,MDR43008_28154.pdf,2022.0,False,False,Other
MDR43008,3589,6010.0,28155,Operational strategy,Central America & Mexico - Migration Crisis (MDR43008),Operational Strategy,2022-08-26T00:00:00Z,https://adore.ifrc.org/Download.aspx?FileId=567069,PA,Migration: Mexico & Central America 2022,2022-07-29 00:00:00+00:00,MDR43008_28155.pdf,2022.0,False,False,Other
MDR43008,3589,6010.0,28156,Operations Update,Central America & Mexico - Migration Crisis (MDR43008),Operations Update,2022-10-07T00:00:00Z,https://adore.ifrc.org/Download.aspx?FileId=582993,PA,Migration: Mexico & Central America 2022,2022-07-29 00:00:00+00:00,MDR43008_28156.pdf,2022.0,False,False,Other
MDR43008,3589,6010.0,28157,Operational strategy,Central America & Mexico - Migration Crisis (MDR43008),Operational Strategy,2022-08-26T00:00:00Z,https://adore.ifrc.org/Download.aspx?FileId=567067,PA,Migration: Mexico & Central America 2022,2022-07-29 00:00:00+00:00,MDR43008_28157.pdf,2022.0,False,False,Other
MDR43008,3589,6010.0,28158,Operational strategy,Central America & Mexico - Migration Crisis (MDR43008),Operational Strategy,2022-08-26T00:00:00Z,https://adore.ifrc.org/Download.aspx?FileId=567070,PA,Migration: Mexico & Central America 2022,2022-07-29 00:00:00+00:00,MDR43008_28158.pdf,2022.0,False,False,Other
MDR43008,3589,6010.0,28159,6 month update,Central America & Mexico - Migration Crisis (MDR43008),6 month update,2023-04-18T00:00:00Z,https://adore.ifrc.org/Download.aspx?FileId=666845,PA,Migration: Mexico & Central America 2022,2022-07-29 00:00:00+00:00,MDR43008_28159.pdf,2022.0,False,False,Other
MDR43008,3589,6010.0,28160,Operational strategy,Central America & Mexico - Migration Crisis (MDR43008),Operational Strategy,2022-09-02T00:00:00Z,https://adore.ifrc.org/Download.aspx?FileId=569998,PA,Migration: Mexico & Central America 2022,2022-07-29 00:00:00+00:00,MDR43008_28160.pdf,2022.0,False,False,Other
MDR43008,3589,6010.0,28161,Operations Update,Central America & Mexico - Migration Crisis (MDR43008),Operations Update,2022-09-15T00:00:00Z,https://adore.ifrc.org/Download.aspx?FileId=574789,PA,Migration: Mexico & Central America 2022,2022-07-29 00:00:00+00:00,MDR43008_28161.pdf,2022.0,False,False,Other
MDRYE011,3590,6089.0,28162,DREF Operation Final Report,Yemen - Floods (MDRYE011),MDRYE011dfr,2023-05-29T00:00:00Z,https://go-api.ifrc.org/api/DownloadFile/67143/MDRYE011dfr,YE,YEM: Flood - 2022-07 - Heavy rains in Yemen led to deaths and damage,2022-07-29 00:00:00+00:00,MDRYE011_28162.pdf,2022.0,True,False,DREF (Missing from JSON)
MDRYE011,3590,6089.0,28163,DREF Operation,Yemen - Floods (MDRYE011),DREF Operation,2022-08-03T00:00:00Z,https://adore.ifrc.org/Download.aspx?FileId=558578,YE,YEM: Flood - 2022-07 - Heavy rains in Yemen led to deaths and damage,2022-07-29 00:00:00+00:00,MDRYE011_28163.pdf,2022.0,False,False,Other
MDRNG034,3588,6234.0,28164,Operations Update,Nigeria - Floods (MDRNG034),MDRNG034eu2,2023-05-01T00:00:00Z,https://go-api.ifrc.org/api/DownloadFile/67913/MDRNG034eu2,NG,Nigeria : Floods - 2022,2022-07-28 00:00:00+00:00,MDRNG034_28164.pdf,2022.0,False,False,Other
MDRNG034,3588,6234.0,28165,6 month update,Nigeria - Floods (MDRNG034),MDRNG0346m,2023-09-26T00:00:00Z,https://go-api.ifrc.org/api/DownloadFile/67914/MDRNG0346m,NG,Nigeria : Floods - 2022,2022-07-28 00:00:00+00:00,MDRNG034_28165.pdf,2022.0,False,False,Other
MDRNG034,3588,6234.0,28166,Operations Update,Nigeria - Floods (MDRNG034),Operations Update,2022-09-09T00:00:00Z,https://adore.ifrc.org/Download.aspx?FileId=572237,NG,Nigeria : Floods - 2022,2022-07-28 00:00:00+00:00,MDRNG034_28166.pdf,2022.0,False,False,Other
MDRNG034,3588,6234.0,28167,6 month update,Nigeria - Floods (MDRNG034),6 month update,2023-09-26T00:00:00Z,https://adore.ifrc.org/Download.aspx?FileId=736471,NG,Nigeria : Floods - 2022,2022-07-28 00:00:00+00:00,MDRNG034_28167.pdf,2022.0,False,False,Other
MDRNG034,3588,6234.0,28168,Audited Financial Statement,Nigeria - Floods (MDRNG034),MDRNG034afs23,2025-11-26T00:00:00Z,https://go-api.ifrc.org/api/DownloadFile/94384/MDRNG034afs23,NG,Nigeria : Floods - 2022,2022-07-28 00:00:00+00:00,MDRNG034_28168.pdf,2022.0,False,False,Other
MDRNG034,3588,6234.0,28169,Operational strategy,Nigeria - Floods (MDRNG034),Operational Strategy,2022-12-13T00:00:00Z,https://adore.ifrc.org/Download.aspx?FileId=610565,NG,Nigeria : Floods - 2022,2022-07-28 00:00:00+00:00,MDRNG034_28169.pdf,2022.0,False,False,Other
MDRNG034,3588,6234.0,28170,DREF Operation,Nigeria - Floods (MDRNG034),DREF Operation,2022-07-31T00:00:00Z,https://adore.ifrc.org/Download.aspx?FileId=557170,NG,Nigeria : Floods - 2022,2022-07-28 00:00:00+00:00,MDRNG034_28170.pdf,2022.0,False,False,Other
MDRNG034,3588,6234.0,28171,Final Report,Nigeria - Floods (MDRNG034),MDRNG034eafr,2025-11-06T00:00:00Z,https://go-api.ifrc.org/api/DownloadFile/67915/MDRNG034eafr,NG,Nigeria : Floods - 2022,2022-07-28 00:00:00+00:00,MDRNG034_28171.pdf,2022.0,True,False,Emergency Appeal / Other
MDRPA016,3587,6067.0,28172,DREF Operation Final Report,Panama - Civil Unrest (MDRPA016),MDRPA016fr,2023-03-15T00:00:00Z,https://go-api.ifrc.org/api/DownloadFile/67009/MDRPA016fr,PA,Panama: Civil Unrest,2022-07-24 00:00:00+00:00,MDRPA016_28172.pdf,2022.0,True,False,DREF (Missing from JSON)
MDRPA016,3587,6067.0,28173,DREF Operation,Panama - Civil Unrest (MDRPA016),DREF Operation,2022-07-25T00:00:00Z,https://adore.ifrc.org/Download.aspx?FileId=554921,PA,Panama: Civil Unrest,2022-07-24 00:00:00+00:00,MDRPA016_28173.pdf,2022.0,False,False,Other
MDRPK023,3586,6061.0,28174,Final Report,Pakistan - Monsoon Floods (MDRPK023),MDRPK023ea.fnr,2025-03-31T00:00:00Z,https://go-api.ifrc.org/api/DownloadFile/87446/MDRPK023ea.fnr,PK,Pakistan: Monsoon Floods,2022-07-23 00:00:00+00:00,MDRPK023_28174.pdf,2022.0,True,False,Emergency Appeal / Other
MDRPK023,3586,6061.0,28175,6 month update,Pakistan - Monsoon Floods (MDRPK023),MDRPK023_OU4,2023-04-10T00:00:00Z,https://go-api.ifrc.org/api/DownloadFile/67261/MDRPK023_OU4,PK,Pakistan: Monsoon Floods,2022-07-23 00:00:00+00:00,MDRPK023_28175.pdf,2022.0,False,False,Other
MDRPK023,3586,6061.0,28176,12 month update,Pakistan - Monsoon Floods (MDRPK023),MDRPK023OU5,2023-10-23T00:00:00Z,https://go-api.ifrc.org/api/DownloadFile/67262/MDRPK023OU5,PK,Pakistan: Monsoon Floods,2022-07-23 00:00:00+00:00,MDRPK023_28176.pdf,2022.0,False,False,Other
MDRPK023,3586,6061.0,28177,Operations Update,Pakistan - Monsoon Floods (MDRPK023),MDRPK023_OU6,2024-02-02T00:00:00Z,https://go-api.ifrc.org/api/DownloadFile/67258/MDRPK023_OU6,PK,Pakistan: Monsoon Floods,2022-07-23 00:00:00+00:00,MDRPK023_28177.pdf,2022.0,False,False,Other
MDRPK023,3586,6061.0,28178,Operations Update,Pakistan - Monsoon Floods (MDRPK023),Operations Update,2022-12-21T00:00:00Z,https://adore.ifrc.org/Download.aspx?FileId=616476,PK,Pakistan: Monsoon Floods,2022-07-23 00:00:00+00:00,MDRPK023_28178.pdf,2022.0,False,False,Other
MDRPK023,3586,6061.0,28179,Operational strategy,Pakistan - Monsoon Floods (MDRPK023),Operational Strategy,2022-09-06T00:00:00Z,https://adore.ifrc.org/Download.aspx?FileId=570989,PK,Pakistan: Monsoon Floods,2022-07-23 00:00:00+00:00,MDRPK023_28179.pdf,2022.0,False,False,Other
MDRPK023,3586,6061.0,28180,6 month update,Pakistan - Monsoon Floods (MDRPK023),6 month update,2023-04-10T00:00:00Z,https://adore.ifrc.org/Download.aspx?FileId=663493,PK,Pakistan: Monsoon Floods,2022-07-23 00:00:00+00:00,MDRPK023_28180.pdf,2022.0,False,False,Other
MDRPK023,3586,6061.0,28181,Operational strategy,Pakistan - Monsoon Floods (MDRPK023),Operational Strategy,2022-10-18T00:00:00Z,https://adore.ifrc.org/Download.aspx?FileId=586468,PK,Pakistan: Monsoon Floods,2022-07-23 00:00:00+00:00,MDRPK023_28181.pdf,2022.0,False,False,Other
MDRPK023,3586,6061.0,28182,Operations Update,Pakistan - Monsoon Floods (MDRPK023),Operations Update,2022-09-14T00:00:00Z,https://adore.ifrc.org/Download.aspx?FileId=573933,PK,Pakistan: Monsoon Floods,2022-07-23 00:00:00+00:00,MDRPK023_28182.pdf,2022.0,False,False,Other
MDRPK023,3586,6061.0,28183,12 month update,Pakistan - Monsoon Floods (MDRPK023),12 month update,2023-10-23T00:00:00Z,https://adore.ifrc.org/Download.aspx?FileId=749971,PK,Pakistan: Monsoon Floods,2022-07-23 00:00:00+00:00,MDRPK023_28183.pdf,2022.0,False,False,Other
MDRPK023,3586,6061.0,28184,Operations Update,Pakistan - Monsoon Floods (MDRPK023),Operations Update,2022-10-04T00:00:00Z,https://adore.ifrc.org/Download.aspx?FileId=581049,PK,Pakistan: Monsoon Floods,2022-07-23 00:00:00+00:00,MDRPK023_28184.pdf,2022.0,False,False,Other
MDRPK023,3586,6061.0,28185,DREF Operation,Pakistan - Monsoon Floods (MDRPK023),DREF Operation,2022-07-25T00:00:00Z,https://adore.ifrc.org/Download.aspx?FileId=554500,PK,Pakistan: Monsoon Floods,2022-07-23 00:00:00+00:00,MDRPK023_28185.pdf,2022.0,False,False,Other
MDRCO021,3584,6062.0,28186,DREF Operation Final Report,Colombia - Floods (MDRCO021),MDRCO021fr,2023-09-13T00:00:00Z,https://go-api.ifrc.org/api/DownloadFile/66974/MDRCO021fr,CO,COLOMBIA: Floods,2022-07-19 00:00:00+00:00,MDRCO021_28186.pdf,2022.0,True,False,DREF (Missing from JSON)
MDRCO021,3584,6062.0,28187,DREF Operation,Colombia - Floods (MDRCO021),DREF Operation,2022-07-19T00:00:00Z,https://adore.ifrc.org/Download.aspx?FileId=552001,CO,COLOMBIA: Floods,2022-07-19 00:00:00+00:00,MDRCO021_28187.pdf,2022.0,False,False,Other
MDRAF011,3583,6075.0,28188,DREF Operation Final Report,Afghanistan - 2022 July Floods (MDRAF011),MDRAF011_DREF Final report,2023-04-29T00:00:00Z,https://go-api.ifrc.org/api/DownloadFile/66962/MDRAF011_DREF-Final-report,AF,Afghanistan - Flash Floods (July 2022),2022-07-18 00:00:00+00:00,MDRAF011_28188.pdf,2022.0,True,False,DREF (Missing from JSON)
MDRAF011,3583,6075.0,28189,DREF Operation,Afghanistan - 2022 July Floods (MDRAF011),DREF Operation,2022-07-19T00:00:00Z,https://adore.ifrc.org/Download.aspx?FileId=551633,AF,Afghanistan - Flash Floods (July 2022),2022-07-18 00:00:00+00:00,MDRAF011_28189.pdf,2022.0,False,False,Other
MDRKG014,3585,6082.0,28190,DREF/EAP Final Report,Kyrgyzstan - Heat wave (MDRKG014),MDRKG014eapfr,2023-03-02T00:00:00Z,https://go-api.ifrc.org/api/DownloadFile/66995/MDRKG014eapfr,KG,Kyrgyzstan - Heat wave,2022-07-18 00:00:00+00:00,MDRKG014_28190.pdf,2022.0,True,False,Emergency Appeal / Other
MDRKG014,3585,6082.0,28191,Forecast-based Triggered Action,Kyrgyzstan - Heat wave (MDRKG014),Forecast-based Triggered Action,2022-07-20T00:00:00Z,https://adore.ifrc.org/Download.aspx?FileId=552580,KG,Kyrgyzstan - Heat wave,2022-07-18 00:00:00+00:00,MDRKG014_28191.pdf,2022.0,False,False,Other
MDRID024,3582,6063.0,28192,DREF Operation Final Report,Indonesia - Foot and Mouth Disease Outbreak (MDRID024),MDRID024dfr,2023-05-26T00:00:00Z,https://go-api.ifrc.org/api/DownloadFile/66948/MDRID024dfr,ID,Indonesia - Foot and Mouth Disease Outbreak,2022-07-11 00:00:00+00:00,MDRID024_28192.pdf,2022.0,True,False,DREF (Missing from JSON)
MDRID024,3582,6063.0,28193,DREF Operation,Indonesia - Foot and Mouth Disease Outbreak (MDRID024),DREF Operation,2022-07-13T00:00:00Z,https://adore.ifrc.org/Download.aspx?FileId=549630,ID,Indonesia - Foot and Mouth Disease Outbreak,2022-07-11 00:00:00+00:00,MDRID024_28193.pdf,2022.0,False,False,Other
MDRIR010,3581,6053.0,28194,DREF Operation Final Report,Iran - Hormozgan Earthquake 2022 (MDRIR010),MDRIR010fr,2023-12-28T00:00:00Z,https://go-api.ifrc.org/api/DownloadFile/67144/MDRIR010fr,IR,IRN: Earthquake - 2022-07 - hormozgan earhquake ,2022-07-11 00:00:00+00:00,MDRIR010_28194.pdf,2022.0,True,False,DREF (Missing from JSON)
MDRIR010,3581,6053.0,28195,DREF Operation,Iran - Hormozgan Earthquake 2022 (MDRIR010),DREF Operation,2022-07-11T00:00:00Z,https://adore.ifrc.org/Download.aspx?FileId=549148,IR,IRN: Earthquake - 2022-07 - hormozgan earhquake ,2022-07-11 00:00:00+00:00,MDRIR010_28195.pdf,2022.0,False,False,Other
MDRGE016,3578,6038.0,28196,DREF Operation Final Report,Georgia - Floods (MDRGE016),MDRGE016dfr,2023-06-09T00:00:00Z,https://go-api.ifrc.org/api/DownloadFile/67263/MDRGE016dfr,GE,GEO: Flood - 2022-06 - heavy rains and strong wind,2022-07-08 00:00:00+00:00,MDRGE016_28196.pdf,2022.0,True,False,DREF (Missing from JSON)
MDRGE016,3578,6038.0,28197,DREF Operation,Georgia - Floods (MDRGE016),DREF Operation,2022-07-11T00:00:00Z,https://adore.ifrc.org/Download.aspx?FileId=549047,GE,GEO: Flood - 2022-06 - heavy rains and strong wind,2022-07-08 00:00:00+00:00,MDRGE016_28197.pdf,2022.0,False,False,Other
MDRNP012,3580,6078.0,28198,DREF Operation Final Report,Nepal - Acute Watery Diarrhea (MDRNP012),MDRNP012dfr,2023-01-31T00:00:00Z,https://go-api.ifrc.org/api/DownloadFile/66941/MDRNP012dfr,NP,Nepal - Acute Watery Diarrhea,2022-07-08 00:00:00+00:00,MDRNP012_28198.pdf,2022.0,True,False,DREF (Missing from JSON)
MDRNP012,3580,6078.0,28199,DREF Operation,Nepal - Acute Watery Diarrhea (MDRNP012),DREF Operation,2022-07-08T00:00:00Z,https://adore.ifrc.org/Download.aspx?FileId=549106,NP,Nepal - Acute Watery Diarrhea,2022-07-08 00:00:00+00:00,MDRNP012_28199.pdf,2022.0,False,False,Other
MDRNP012,3580,6078.0,28200,DREF Operation,Nepal - Acute Watery Diarrhea (MDRNP012),DREF Operation,2022-07-08T00:00:00Z,https://adore.ifrc.org/Download.aspx?FileId=632927,NP,Nepal - Acute Watery Diarrhea,2022-07-08 00:00:00+00:00,MDRNP012_28200.pdf,2022.0,False,False,Other
MDRIN027,3579,6079.0,28201,DREF Operation Final Report,India - Assam Floods (MDRIN027),MDRIN027_Final Report_published,2023-04-28T00:00:00Z,https://go-api.ifrc.org/api/DownloadFile/66931/MDRIN027_Final-Report_published,IN,India - Assam Floods,2022-07-07 00:00:00+00:00,MDRIN027_28201.pdf,2022.0,True,False,DREF (Missing from JSON)
MDRIN027,3579,6079.0,28202,DREF Operation,India - Assam Floods (MDRIN027),DREF Operation,2022-07-10T00:00:00Z,https://adore.ifrc.org/Download.aspx?FileId=548786,IN,India - Assam Floods,2022-07-07 00:00:00+00:00,MDRIN027_28202.pdf,2022.0,False,False,Other
MDRCD037,3577,6068.0,28203,DREF Operation,DR Congo - Hunger Crisis (MDRCD037),DREF Operation,2022-07-08T00:00:00Z,https://adore.ifrc.org/Download.aspx?FileId=548684,CD,DRC -  Hunger Crisis,2022-07-07 00:00:00+00:00,MDRCD037_28203.pdf,2022.0,False,False,Other
MDRIQ015,3576,6037.0,28204,DREF Operation Final Report,Iraq - Cholera Outbreak (MDRIQ015),MDRIQ015fr,2023-12-01T00:00:00Z,https://go-api.ifrc.org/api/DownloadFile/67138/MDRIQ015fr,IQ,IRQ: Other - 2022-06 - The response of the Iraqi Red Crescent Society to the outbreak of cholera,2022-07-06 00:00:00+00:00,MDRIQ015_28204.pdf,2022.0,True,False,DREF (Missing from JSON)
MDRIQ015,3576,6037.0,28205,DREF Operation,Iraq - Cholera Outbreak (MDRIQ015),DREF Operation,2022-07-06T00:00:00Z,https://adore.ifrc.org/Download.aspx?FileId=547507,IQ,IRQ: Other - 2022-06 - The response of the Iraqi Red Crescent Society to the outbreak of cholera,2022-07-06 00:00:00+00:00,MDRIQ015_28205.pdf,2022.0,False,False,Other
MDRCI015,3575,6033.0,28206,Final Report,Côte d'Ivoire - Floods (MDRCI015),MDRCI015dfr,2023-10-03T00:00:00Z,https://go-api.ifrc.org/api/DownloadFile/66951/MDRCI015dfr,CI,Côte d'Ivoire - Floods - 2022,2022-07-04 00:00:00+00:00,MDRCI015_28206.pdf,2022.0,True,False,Emergency Appeal / Other
MDRCI015,3575,6033.0,28207,DREF Operation,Côte d'Ivoire - Floods (MDRCI015),DREF Operation,2022-07-13T00:00:00Z,https://adore.ifrc.org/Download.aspx?FileId=550169,CI,Côte d'Ivoire - Floods - 2022,2022-07-04 00:00:00+00:00,MDRCI015_28207.pdf,2022.0,False,False,Other
MDREC020,3574,6018.0,28208,DREF Operation Final Report,Ecuador - Civil Unrest (MDREC020),MDREC020fr,2023-03-24T00:00:00Z,https://go-api.ifrc.org/api/DownloadFile/66900/MDREC020fr,EC,Ecuador: Civil Unrest,2022-07-02 00:00:00+00:00,MDREC020_28208.pdf,2022.0,True,False,DREF (Missing from JSON)
MDREC020,3574,6018.0,28209,DREF Operation,Ecuador - Civil Unrest (MDREC020),DREF Operation,2022-07-04T00:00:00Z,https://adore.ifrc.org/Download.aspx?FileId=546544,EC,Ecuador: Civil Unrest,2022-07-02 00:00:00+00:00,MDREC020_28209.pdf,2022.0,False,False,Other
MDRMR013,3573,6057.0,28210,DREF Operation Final Report,Mauritania - Hunger Crisis (MDRMR013),MDRMR013dfr,2023-07-28T00:00:00Z,https://go-api.ifrc.org/api/DownloadFile/67119/MDRMR013dfr,MR,Mauritania -  Hunger Crisis,2022-07-01 00:00:00+00:00,MDRMR013_28210.pdf,2022.0,True,False,DREF (Missing from JSON)
MDRMR013,3573,6057.0,28211,DREF Operation,Mauritania - Hunger Crisis (MDRMR013),DREF Operation,2022-07-05T00:00:00Z,https://adore.ifrc.org/Download.aspx?FileId=547041,MR,Mauritania -  Hunger Crisis,2022-07-01 00:00:00+00:00,MDRMR013_28211.pdf,2022.0,False,False,Other
MDRDJ005,3572,6056.0,28212,DREF Operation Update,Djibouti - Hunger Crisis (MDRDJ005),MDRDJ005du2,2023-03-10T00:00:00Z,https://go-api.ifrc.org/api/DownloadFile/67485/MDRDJ005du2,DJ,Djbouti - Hunger Crisis,2022-06-29 00:00:00+00:00,MDRDJ005_28212.pdf,2022.0,False,False,Other
MDRDJ005,3572,6056.0,28213,DREF Operation,Djibouti - Hunger Crisis (MDRDJ005),DREF Operation,2022-07-01T00:00:00Z,https://adore.ifrc.org/Download.aspx?FileId=545759,DJ,Djbouti - Hunger Crisis,2022-06-29 00:00:00+00:00,MDRDJ005_28213.pdf,2022.0,False,False,Other
MDRML016,3571,6058.0,28214,DREF Operation,Mali - Hunger Crisis (MDRML016),DREF Operation,2022-07-07T00:00:00Z,https://adore.ifrc.org/Download.aspx?FileId=548227,ML,Mali -  Hunger Crisis,2022-06-27 00:00:00+00:00,MDRML016_28214.pdf,2022.0,False,False,Other
MDRVE006,3570,5940.0,28216,DREF Operation Final Report,Venezuela - Floods (MDRVE006),MDRVE006fr,2023-04-05T00:00:00Z,https://go-api.ifrc.org/api/DownloadFile/84310/MDRVE006fr,VE,VENEZUELA: Floods,2022-06-21 00:00:00+00:00,MDRVE006_28216.pdf,2022.0,True,False,DREF (Missing from JSON)
MDRVE006,3570,5940.0,28217,DREF Operation,Venezuela - Floods (MDRVE006),DREF Operation,2022-06-22T00:00:00Z,https://adore.ifrc.org/Download.aspx?FileId=542481,VE,VENEZUELA: Floods,2022-06-21 00:00:00+00:00,MDRVE006_28217.pdf,2022.0,False,False,Other
MDRNI012,3569,6021.0,28218,DREF Operation Final Report,Nicaragua - Prep. actions for Tropical Cyclones (MDRNI012),MDRNI012fr,2023-04-06T00:00:00Z,https://go-api.ifrc.org/api/DownloadFile/66768/MDRNI012fr,NI,NICARAGUA: Preparatory actions for Tropical Storms,2022-06-13 00:00:00+00:00,MDRNI012_28218.pdf,2022.0,True,False,DREF (Missing from JSON)
MDRNI012,3569,6021.0,28219,DREF Operation,Nicaragua - Prep. actions for Tropical Cyclones (MDRNI012),DREF Operation,2022-06-14T00:00:00Z,https://adore.ifrc.org/Download.aspx?FileId=539693,NI,NICARAGUA: Preparatory actions for Tropical Storms,2022-06-13 00:00:00+00:00,MDRNI012_28219.pdf,2022.0,False,False,Other
MDRCO020,3568,6006.0,28220,DREF Operation Final Report,Colombia - Election Preparedness (MDRCO020),MDRCO020fr,2023-04-19T00:00:00Z,https://go-api.ifrc.org/api/DownloadFile/66733/MDRCO020fr,CO,COLOMBIA: Elecciones Presidenciales 2022,2022-06-03 00:00:00+00:00,MDRCO020_28220.pdf,2022.0,True,False,DREF (Missing from JSON)
MDRCO020,3568,6006.0,28221,DREF Operation,Colombia - Election Preparedness (MDRCO020),DREF Operation,2022-06-07T00:00:00Z,https://adore.ifrc.org/Download.aspx?FileId=536988,CO,COLOMBIA: Elecciones Presidenciales 2022,2022-06-03 00:00:00+00:00,MDRCO020_28221.pdf,2022.0,False,False,Other
MDRCU007,3567,5999.0,28222,DREF Operation Final Report,Cuba - Population Movement (MDRCU007),MDRCU007fr,2023-01-30T00:00:00Z,https://go-api.ifrc.org/api/DownloadFile/83432/MDRCU007fr,CU,CUBA: Population Movement,2022-06-01 00:00:00+00:00,MDRCU007_28222.pdf,2022.0,True,False,DREF (Missing from JSON)
MDRBF017,3566,5943.0,28223,Operations Update,Burkina Faso - Hunger Crisis (MDRBF017),Operations Update,2022-09-08T00:00:00Z,https://adore.ifrc.org/Download.aspx?FileId=571911,BF,Burkina Faso - Food Insecurity,2022-05-26 00:00:00+00:00,MDRBF017_28223.pdf,2022.0,False,False,Other
MDRBF017,3566,5943.0,28224,DREF Operation,Burkina Faso - Hunger Crisis (MDRBF017),DREF Operation,2022-06-04T00:00:00Z,https://adore.ifrc.org/Download.aspx?FileId=535763,BF,Burkina Faso - Food Insecurity,2022-05-26 00:00:00+00:00,MDRBF017_28224.pdf,2022.0,False,False,Other
MDRBD028,3565,5983.0,28225,6 month update,Bangladesh - Flash Flood (MDRBD028),MDRBD028OU2rev,2023-01-31T00:00:00Z,https://go-api.ifrc.org/api/DownloadFile/66927/MDRBD028OU2rev,BD,Bangladesh - Flash Flood 2022,2022-05-25 00:00:00+00:00,MDRBD028_28225.pdf,2022.0,False,False,Other
MDRBD028,3565,5983.0,28226,Final Report,Bangladesh - Flash Flood (MDRBD028),MDRBD028efr,2023-09-30T00:00:00Z,https://go-api.ifrc.org/api/DownloadFile/66664/MDRBD028efr,BD,Bangladesh - Flash Flood 2022,2022-05-25 00:00:00+00:00,MDRBD028_28226.pdf,2022.0,True,False,Emergency Appeal / Other
MDRBD028,3565,5983.0,28227,Operational strategy,Bangladesh - Flash Flood (MDRBD028),Operational Strategy,2022-07-09T00:00:00Z,https://adore.ifrc.org/Download.aspx?FileId=548785,BD,Bangladesh - Flash Flood 2022,2022-05-25 00:00:00+00:00,MDRBD028_28227.pdf,2022.0,False,False,Other
MDRBD028,3565,5983.0,28228,6 month update,Bangladesh - Flash Flood (MDRBD028),6 month update,2023-01-31T00:00:00Z,https://adore.ifrc.org/Download.aspx?FileId=633427,BD,Bangladesh - Flash Flood 2022,2022-05-25 00:00:00+00:00,MDRBD028_28228.pdf,2022.0,False,False,Other
MDRBD028,3565,5983.0,28229,Operations Update,Bangladesh - Flash Flood (MDRBD028),Operations Update,2022-07-29T00:00:00Z,https://adore.ifrc.org/Download.aspx?FileId=557007,BD,Bangladesh - Flash Flood 2022,2022-05-25 00:00:00+00:00,MDRBD028_28229.pdf,2022.0,False,False,Other
MDRBD028,3565,5983.0,28230,DREF Operation,Bangladesh - Flash Flood (MDRBD028),DREF Operation,2022-05-25T00:00:00Z,https://adore.ifrc.org/Download.aspx?FileId=532123,BD,Bangladesh - Flash Flood 2022,2022-05-25 00:00:00+00:00,MDRBD028_28230.pdf,2022.0,False,False,Other
MDRSO014,3564,6512.0,28231,DREF Operation Final Report,Somalia - Rain and Windstorms (MDRSO014),MDRSO014dfr,2023-03-02T00:00:00Z,https://go-api.ifrc.org/api/DownloadFile/66648/MDRSO014dfr,SO,SOM: Rain and Windstorms in North Galkacyo(2022),2022-05-20 00:00:00+00:00,MDRSO014_28231.pdf,2022.0,True,False,DREF (Missing from JSON)
MDRSO014,3564,6512.0,28232,DREF Operation,Somalia - Rain and Windstorms (MDRSO014),DREF Operation,2022-05-21T00:00:00Z,https://adore.ifrc.org/Download.aspx?FileId=530637,SO,SOM: Rain and Windstorms in North Galkacyo(2022),2022-05-20 00:00:00+00:00,MDRSO014_28232.pdf,2022.0,False,False,Other
MDRTZ031,3563,5870.0,28233,DREF Operation Final Report,Tanzania - Cholera Outbreak (MDRTZ031),MDRTZ031dfr,2023-01-25T00:00:00Z,https://go-api.ifrc.org/api/DownloadFile/66629/MDRTZ031dfr,TZ,CHOLERA OUTBREAK SOUTH WESTERN OF TANZANIA,2022-05-18 00:00:00+00:00,MDRTZ031_28233.pdf,2022.0,True,False,DREF (Missing from JSON)
MDRTZ031,3563,5870.0,28234,DREF Operation,Tanzania - Cholera Outbreak (MDRTZ031),DREF Operation,2022-05-19T00:00:00Z,https://adore.ifrc.org/Download.aspx?FileId=530033,TZ,CHOLERA OUTBREAK SOUTH WESTERN OF TANZANIA,2022-05-18 00:00:00+00:00,MDRTZ031_28234.pdf,2022.0,False,False,Other
MDRKE051,3562,5990.0,28235,DREF Operation Final Report,Kenya - Anticip. Actions towards General Elections (MDRKE051),MDRKE051dfr,2023-02-08T00:00:00Z,https://go-api.ifrc.org/api/DownloadFile/66589/MDRKE051dfr,KE,KEN: 2022-05 - Anticipatory actions towards General Elections,2022-05-12 00:00:00+00:00,MDRKE051_28235.pdf,2022.0,True,False,DREF (Missing from JSON)
MDRKE051,3562,5990.0,28236,DREF Operation Final Report,Kenya - Anticip. Actions towards General Elections (MDRKE051),DREF Operation Final Report,2023-02-08T00:00:00Z,https://go-api.ifrc.org/api/DownloadFile/66589/DREF-Operation-Final-Report,KE,KEN: 2022-05 - Anticipatory actions towards General Elections,2022-05-12 00:00:00+00:00,MDRKE051_28236.pdf,2022.0,True,False,DREF (Missing from JSON)
MDRKE051,3562,5990.0,28237,DREF Operation,Kenya - Anticip. Actions towards General Elections (MDRKE051),DREF Operation,2022-05-13T00:00:00Z,https://adore.ifrc.org/Download.aspx?FileId=527889,KE,KEN: 2022-05 - Anticipatory actions towards General Elections,2022-05-12 00:00:00+00:00,MDRKE051_28237.pdf,2022.0,False,False,Other
MDRLR006,3561,5927.0,28238,DREF Operation Final Report,Liberia - Measles Outbreak (MDRLR006),DREF Operation Final Report,2023-04-05T00:00:00Z,https://go-api.ifrc.org/api/DownloadFile/66568/DREF-Operation-Final-Report,LR,LBR: Epidemic - 2022-04 - Measles Outbreak in Liberia,2022-05-07 00:00:00+00:00,MDRLR006_28238.pdf,2022.0,True,False,DREF (Missing from JSON)
MDRLR006,3561,5927.0,28239,DREF Operation,Liberia - Measles Outbreak (MDRLR006),DREF Operation,2022-05-10T00:00:00Z,https://adore.ifrc.org/Download.aspx?FileId=526546,LR,LBR: Epidemic - 2022-04 - Measles Outbreak in Liberia,2022-05-07 00:00:00+00:00,MDRLR006_28239.pdf,2022.0,False,False,Other
MDRLB011,3560,5991.0,28240,DREF Operation,Lebanon - Elections Preparedness (MDRLB011),DREF Operation,2022-05-06T00:00:00Z,https://adore.ifrc.org/Download.aspx?FileId=525613,LB,LBN: 2022-05 - Election Preparedness,2022-05-05 00:00:00+00:00,MDRLB011_28240.pdf,2022.0,False,False,Other
MDRCD036,3559,5930.0,28241,DREF Operation,DR Congo - EVD 14th Outbreak (MDRCD036),DREF Operation,2022-05-03T00:00:00Z,https://adore.ifrc.org/Download.aspx?FileId=524492,CD,DRC - 14th Ebola Virus Disease Outbreak,2022-04-28 00:00:00+00:00,MDRCD036_28241.pdf,2022.0,False,False,Other
MDRCD036,3559,5930.0,28242,DREF Operation Final Report,DR Congo - EVD 14th Outbreak (MDRCD036),Final Report,2023-01-10T00:00:00Z,https://go-api.ifrc.org/api/DownloadFile/66548/Final-Report,CD,DRC - 14th Ebola Virus Disease Outbreak,2022-04-28 00:00:00+00:00,MDRCD036_28242.pdf,2022.0,True,False,DREF (Missing from JSON)
MDRCD035,3557,5907.0,28243,DREF Operation Final Report,DR Congo - Plague Outbreak Ituri (MDRCD035),DREF Operation Final Report,2023-02-16T00:00:00Z,https://go-api.ifrc.org/api/DownloadFile/66492/DREF-Operation-Final-Report,CD,COD: Epidemic - 2022-04 - Épiderme de peste,2022-04-22 00:00:00+00:00,MDRCD035_28243.pdf,2022.0,True,False,DREF (Missing from JSON)
MDRCD035,3557,5907.0,28244,DREF Operation Final Report,DR Congo - Plague Outbreak Ituri (MDRCD035),MDRCD035dfr,2023-02-16T00:00:00Z,https://go-api.ifrc.org/api/DownloadFile/66492/MDRCD035dfr,CD,COD: Epidemic - 2022-04 - Épiderme de peste,2022-04-22 00:00:00+00:00,MDRCD035_28244.pdf,2022.0,True,False,DREF (Missing from JSON)
MDRCD035,3557,5907.0,28245,DREF Operation,DR Congo - Plague Outbreak Ituri (MDRCD035),DREF Operation,2022-04-28T00:00:00Z,https://adore.ifrc.org/Download.aspx?FileId=522450,CD,COD: Epidemic - 2022-04 - Épiderme de peste,2022-04-22 00:00:00+00:00,MDRCD035_28245.pdf,2022.0,False,False,Other
MDRZM016,3558,5910.0,28246,DREF Operation Final Report,Zambia - Cholera Outbreak in Lusaka (MDRZM016),MDRZM016f1,2023-04-12T00:00:00Z,https://go-api.ifrc.org/api/DownloadFile/66469/MDRZM016f1,ZM,ZMB: COVID-19,2022-04-22 00:00:00+00:00,MDRZM016_28246.pdf,2022.0,True,False,DREF (Missing from JSON)
MDRZM016,3558,5910.0,28247,DREF Operation,Zambia - Cholera Outbreak in Lusaka (MDRZM016),DREF Operation,2022-04-25T00:00:00Z,https://adore.ifrc.org/Download.aspx?FileId=520553,ZM,ZMB: COVID-19,2022-04-22 00:00:00+00:00,MDRZM016_28247.pdf,2022.0,False,False,Other
MDRZA012,3555,5913.0,28248,Operations Update,South Africa - Floods and Landslides (MDRZA012),MDRZA012eu1,2023-10-31T00:00:00Z,https://go-api.ifrc.org/api/DownloadFile/85642/MDRZA012eu1,ZA,ZAF: Flood - 2022-04 - South Africa Floods in KwaZulu Natal,2022-04-19 00:00:00+00:00,MDRZA012_28248.pdf,2022.0,False,False,Other
MDRZA012,3555,5913.0,28249,Final Report,South Africa - Floods and Landslides (MDRZA012),MDRZA012efr,2025-04-30T00:00:00Z,https://go-api.ifrc.org/api/DownloadFile/66994/MDRZA012efr,ZA,ZAF: Flood - 2022-04 - South Africa Floods in KwaZulu Natal,2022-04-19 00:00:00+00:00,MDRZA012_28249.pdf,2022.0,True,False,Emergency Appeal / Other
MDRZA012,3555,5913.0,28250,Operational strategy,South Africa - Floods and Landslides (MDRZA012),Operational Strategy,2022-06-13T00:00:00Z,https://adore.ifrc.org/Download.aspx?FileId=538789,ZA,ZAF: Flood - 2022-04 - South Africa Floods in KwaZulu Natal,2022-04-19 00:00:00+00:00,MDRZA012_28250.pdf,2022.0,False,False,Other
MDRZA012,3555,5913.0,28251,DREF Operation,South Africa - Floods and Landslides (MDRZA012),DREF Operation,2022-04-20T00:00:00Z,https://adore.ifrc.org/Download.aspx?FileId=519198,ZA,ZAF: Flood - 2022-04 - South Africa Floods in KwaZulu Natal,2022-04-19 00:00:00+00:00,MDRZA012_28251.pdf,2022.0,False,False,Other
MDRLK014,3552,5919.0,28252,Operational strategy,Sri Lanka - Complex Emergency (MDRLK014),MDRLK014ROS1,2023-01-18T00:00:00Z,https://go-api.ifrc.org/api/DownloadFile/83333/MDRLK014ROS1,LK,Sri Lanka: Complex Emergency,2022-04-16 00:00:00+00:00,MDRLK014_28252.pdf,2022.0,False,False,Other
MDRLK014,3552,5919.0,28253,Operations Update,Sri Lanka - Complex Emergency (MDRLK014),MDRLK014_OU3,2023-03-24T00:00:00Z,https://go-api.ifrc.org/api/DownloadFile/84003/MDRLK014_OU3,LK,Sri Lanka: Complex Emergency,2022-04-16 00:00:00+00:00,MDRLK014_28253.pdf,2022.0,False,False,Other
MDRLK014,3552,5919.0,28254,12 month update,Sri Lanka - Complex Emergency (MDRLK014),MDRLK014_OU4,2023-07-18T00:00:00Z,https://go-api.ifrc.org/api/DownloadFile/83905/MDRLK014_OU4,LK,Sri Lanka: Complex Emergency,2022-04-16 00:00:00+00:00,MDRLK014_28254.pdf,2022.0,False,False,Other
MDRLK014,3552,5919.0,28255,6 month update,Sri Lanka - Complex Emergency (MDRLK014),6 month update,2022-12-27T00:00:00Z,https://adore.ifrc.org/Download.aspx?FileId=619141,LK,Sri Lanka: Complex Emergency,2022-04-16 00:00:00+00:00,MDRLK014_28255.pdf,2022.0,False,False,Other
MDRLK014,3552,5919.0,28256,Final Report,Sri Lanka - Complex Emergency (MDRLK014),MDRLK014efr,2026-01-29T00:00:00Z,https://go-api.ifrc.org/api/DownloadFile/94232/MDRLK014efr,LK,Sri Lanka: Complex Emergency,2022-04-16 00:00:00+00:00,MDRLK014_28256.pdf,2022.0,True,False,Emergency Appeal / Other
MDRLK014,3552,5919.0,28257,Operations Update,Sri Lanka - Complex Emergency (MDRLK014),Operations Update,2022-08-10T00:00:00Z,https://adore.ifrc.org/Download.aspx?FileId=561327,LK,Sri Lanka: Complex Emergency,2022-04-16 00:00:00+00:00,MDRLK014_28257.pdf,2022.0,False,False,Other
MDRLK014,3552,5919.0,28258,DREF Operation,Sri Lanka - Complex Emergency (MDRLK014),DREF Operation,2022-04-19T00:00:00Z,https://adore.ifrc.org/Download.aspx?FileId=518825,LK,Sri Lanka: Complex Emergency,2022-04-16 00:00:00+00:00,MDRLK014_28258.pdf,2022.0,False,False,Other
MDRLK014,3552,5919.0,28259,Operational strategy,Sri Lanka - Complex Emergency (MDRLK014),Operational Strategy,2022-06-30T00:00:00Z,https://adore.ifrc.org/Download.aspx?FileId=545223,LK,Sri Lanka: Complex Emergency,2022-04-16 00:00:00+00:00,MDRLK014_28259.pdf,2022.0,False,False,Other
MDRLK014,3552,5919.0,28260,12 month update,Sri Lanka - Complex Emergency (MDRLK014),12 month update,2023-07-18T00:00:00Z,https://adore.ifrc.org/Download.aspx?FileId=704198,LK,Sri Lanka: Complex Emergency,2022-04-16 00:00:00+00:00,MDRLK014_28260.pdf,2022.0,False,False,Other
MDRLK014,3552,5919.0,28261,Emergency Appeal,Sri Lanka - Complex Emergency (MDRLK014),MDRLK014ea,2022-06-08T00:00:00Z,https://go-api.ifrc.org/api/DownloadFile/66721/MDRLK014ea,LK,Sri Lanka: Complex Emergency,2022-04-16 00:00:00+00:00,MDRLK014_28261.pdf,2022.0,False,False,Other
MDRCV003,3554,5855.0,28262,DREF Operation,Cape Verde - Drought (MDRCV003),DREF Operation,2022-04-26T00:00:00Z,https://adore.ifrc.org/Download.aspx?FileId=521357,CV,CABO VERDE / SAHEL : DROUGHT 2020/2021,2022-04-16 00:00:00+00:00,MDRCV003_28262.pdf,2022.0,False,False,Other
MDRCV003,3554,5855.0,28263,DREF Operation Final Report,Cape Verde - Drought (MDRCV003),MDRCV003dfr,2025-02-11T00:00:00Z,https://go-api.ifrc.org/api/DownloadFile/66666/MDRCV003dfr,CV,CABO VERDE / SAHEL : DROUGHT 2020/2021,2022-04-16 00:00:00+00:00,MDRCV003_28263.pdf,2022.0,True,False,DREF (Missing from JSON)
MDRPH046,3553,5920.0,28264,DREF Operation Final Report,Philippines - Tropical Storm Agaton (MDRPH046),MDRPH046dfr,2023-01-31T00:00:00Z,https://go-api.ifrc.org/api/DownloadFile/66434/MDRPH046dfr,PH,Philippines - Tropical Storm Agaton (Megi),2022-04-16 00:00:00+00:00,MDRPH046_28264.pdf,2022.0,True,False,DREF (Missing from JSON)
MDRPH046,3553,5920.0,28265,DREF Operation,Philippines - Tropical Storm Agaton (MDRPH046),DREF Operation,2022-04-19T00:00:00Z,https://adore.ifrc.org/Download.aspx?FileId=632978,PH,Philippines - Tropical Storm Agaton (Megi),2022-04-16 00:00:00+00:00,MDRPH046_28265.pdf,2022.0,False,False,Other
MDRPH046,3553,5920.0,28266,DREF Operation,Philippines - Tropical Storm Agaton (MDRPH046),DREF Operation,2022-04-19T00:00:00Z,https://adore.ifrc.org/Download.aspx?FileId=518837,PH,Philippines - Tropical Storm Agaton (Megi),2022-04-16 00:00:00+00:00,MDRPH046_28266.pdf,2022.0,False,False,Other
MDRUG045,3551,5906.0,28267,Operations Update,Uganda - Population Movement from DRC (MDRUG045),Operations Update,2022-09-07T00:00:00Z,https://adore.ifrc.org/Download.aspx?FileId=572494,UG,UGA: Population Movement - 2022-04 - Uganda - Western Region: Refugee Influx 04/2022,2022-04-12 00:00:00+00:00,MDRUG045_28267.pdf,2022.0,False,False,Other
MDRUG045,3551,5906.0,28268,Operations Update,Uganda - Population Movement from DRC (MDRUG045),Operations Update,2022-08-18T00:00:00Z,https://adore.ifrc.org/Download.aspx?FileId=563871,UG,UGA: Population Movement - 2022-04 - Uganda - Western Region: Refugee Influx 04/2022,2022-04-12 00:00:00+00:00,MDRUG045_28268.pdf,2022.0,False,False,Other
MDRUG045,3551,5906.0,28269,DREF Operation,Uganda - Population Movement from DRC (MDRUG045),DREF Operation,2022-04-13T00:00:00Z,https://adore.ifrc.org/Download.aspx?FileId=517622,UG,UGA: Population Movement - 2022-04 - Uganda - Western Region: Refugee Influx 04/2022,2022-04-12 00:00:00+00:00,MDRUG045_28269.pdf,2022.0,False,False,Other
MDRUG045,3551,5906.0,28270,Operational strategy,Uganda - Population Movement from DRC (MDRUG045),Operational Strategy,2022-07-27T00:00:00Z,https://adore.ifrc.org/Download.aspx?FileId=555706,UG,UGA: Population Movement - 2022-04 - Uganda - Western Region: Refugee Influx 04/2022,2022-04-12 00:00:00+00:00,MDRUG045_28270.pdf,2022.0,False,False,Other
MDRUG045,3551,5906.0,28271,Final Report,Uganda - Population Movement from DRC (MDRUG045),MDRUG045efr,2025-03-17T00:00:00Z,https://go-api.ifrc.org/api/DownloadFile/67016/MDRUG045efr,UG,UGA: Population Movement - 2022-04 - Uganda - Western Region: Refugee Influx 04/2022,2022-04-12 00:00:00+00:00,MDRUG045_28271.pdf,2022.0,True,False,Emergency Appeal / Other
MDREC019,3550,5894.0,28272,DREF Operation Final Report,Ecuador - Esmeralda Earthquake 6.0 (MDREC019),MDREC019fr,2023-03-28T00:00:00Z,https://go-api.ifrc.org/api/DownloadFile/66414/MDREC019fr,EC,ECU: Terremoto - 2022-03 - Sismo Esmeralas - Ecuador 2022-03,2022-04-07 00:00:00+00:00,MDREC019_28272.pdf,2022.0,True,False,DREF (Missing from JSON)
MDREC019,3550,5894.0,28273,DREF Operation,Ecuador - Esmeralda Earthquake 6.0 (MDREC019),DREF Operation,2022-04-12T00:00:00Z,https://adore.ifrc.org/Download.aspx?FileId=517350,EC,ECU: Terremoto - 2022-03 - Sismo Esmeralas - Ecuador 2022-03,2022-04-07 00:00:00+00:00,MDREC019_28273.pdf,2022.0,False,False,Other
MDRSO013,3549,5903.0,28274,DREF Operation Final Report,Somalia - Urban fire incident (MDRSO013),DREF Operation Final Report,2023-02-03T00:00:00Z,https://go-api.ifrc.org/api/DownloadFile/66390/DREF-Operation-Final-Report,SO,SOM: Fire - 2022-04 - Hargeisa Market Fire,2022-04-06 00:00:00+00:00,MDRSO013_28274.pdf,2022.0,True,False,DREF (Missing from JSON)
MDRSO013,3549,5903.0,28275,DREF Operation,Somalia - Urban fire incident (MDRSO013),DREF Operation,2022-04-07T00:00:00Z,https://adore.ifrc.org/Download.aspx?FileId=512831,SO,SOM: Fire - 2022-04 - Hargeisa Market Fire,2022-04-06 00:00:00+00:00,MDRSO013_28275.pdf,2022.0,False,False,Other
MDRTN011,3548,5886.0,28276,DREF Operation Final Report,Tunisia - Flash Floods (MDRTN011),MDRTN011fr,2023-11-09T00:00:00Z,https://go-api.ifrc.org/api/DownloadFile/66382/MDRTN011fr,TN,Tunisia Floods,2022-04-01 00:00:00+00:00,MDRTN011_28276.pdf,2022.0,True,False,DREF (Missing from JSON)
MDRTN011,3548,5886.0,28277,DREF Operation,Tunisia - Flash Floods (MDRTN011),DREF Operation,2022-04-01T00:00:00Z,https://adore.ifrc.org/Download.aspx?FileId=511189,TN,Tunisia Floods,2022-04-01 00:00:00+00:00,MDRTN011_28277.pdf,2022.0,False,False,Other
MDRKE050,3547,5911.0,28278,DREF Operation Final Report,Kenya - Vector borne diseases outbreak (MDRKE050),MDRKE050dfr,2023-03-01T00:00:00Z,https://go-api.ifrc.org/api/DownloadFile/66296/MDRKE050dfr,KE,KEN: Integrated Vector Borne Diseases Outbreak,2022-03-18 00:00:00+00:00,MDRKE050_28278.pdf,2022.0,True,False,DREF (Missing from JSON)
MDRKE050,3547,5911.0,28279,DREF Operation,Kenya - Vector borne diseases outbreak (MDRKE050),DREF Operation,2022-03-23T00:00:00Z,https://adore.ifrc.org/Download.aspx?FileId=506829,KE,KEN: Integrated Vector Borne Diseases Outbreak,2022-03-18 00:00:00+00:00,MDRKE050_28279.pdf,2022.0,False,False,Other
MDRCF028,3546,5891.0,28280,DREF Operation Final Report,Central African Rep - Fires & Strong winds Bakala (MDRCF028),MDRCF028dfr,2023-09-14T00:00:00Z,https://go-api.ifrc.org/api/DownloadFile/66777/MDRCF028dfr,CF,République Centrafricaine - Incendie,2022-03-08 00:00:00+00:00,MDRCF028_28280.pdf,2022.0,True,False,DREF (Missing from JSON)
MDRCF028,3546,5891.0,28281,DREF Operation,Central African Rep - Fires & Strong winds Bakala (MDRCF028),DREF Operation,2022-03-10T00:00:00Z,https://adore.ifrc.org/Download.aspx?FileId=502838,CF,République Centrafricaine - Incendie,2022-03-08 00:00:00+00:00,MDRCF028_28281.pdf,2022.0,False,False,Other
MDRMW016,3545,5842.0,28282,DREF Operation Final Report,Malawi - Polio (MDRMW016),MDRMW016f1,2023-04-09T00:00:00Z,https://go-api.ifrc.org/api/DownloadFile/66910/MDRMW016f1,MW,"SITUATION UPDATE ON CONFIRMED POLIO CASE IN MALAWI, 17 FEBRUARY 2022",2022-03-05 00:00:00+00:00,MDRMW016_28282.pdf,2022.0,True,False,DREF (Missing from JSON)
MDRMW016,3545,5842.0,28283,DREF Operation,Malawi - Polio (MDRMW016),DREF Operation,2022-03-07T00:00:00Z,https://adore.ifrc.org/Download.aspx?FileId=501307,MW,"SITUATION UPDATE ON CONFIRMED POLIO CASE IN MALAWI, 17 FEBRUARY 2022",2022-03-05 00:00:00+00:00,MDRMW016_28283.pdf,2022.0,False,False,Other
MDRSD031,3544,5857.0,28284,DREF Operation,Sudan - Kala-Azar emergency cases increase 2022 (MDRSD031),DREF Operation,2022-03-07T00:00:00Z,https://adore.ifrc.org/Download.aspx?FileId=501259,SD,Sudan - Increase Kalazar cases,2022-03-04 00:00:00+00:00,MDRSD031_28284.pdf,2022.0,False,False,Other
MDRSD031,3544,5857.0,28285,Operations Update,Sudan - Kala-Azar emergency cases increase 2022 (MDRSD031),Operations Update,2022-05-18T00:00:00Z,https://adore.ifrc.org/Download.aspx?FileId=529391,SD,Sudan - Increase Kalazar cases,2022-03-04 00:00:00+00:00,MDRSD031_28285.pdf,2022.0,False,False,Other
MDRIR009,3543,5869.0,28286,Operations Update,Iran - Drought (MDRIR009),MDRIR009ou1,2023-06-01T00:00:00Z,https://go-api.ifrc.org/api/DownloadFile/84542/MDRIR009ou1,IR,Iran - Droughts 2022,2022-03-03 00:00:00+00:00,MDRIR009_28286.pdf,2022.0,False,False,Other
MDRIR009,3543,5869.0,28287,Operations Update,Iran - Drought (MDRIR009),MDRIR009ou2,2023-09-05T00:00:00Z,https://go-api.ifrc.org/api/DownloadFile/85167/MDRIR009ou2,IR,Iran - Droughts 2022,2022-03-03 00:00:00+00:00,MDRIR009_28287.pdf,2022.0,False,False,Other
MDRIR009,3543,5869.0,28288,Final Report,Iran - Drought (MDRIR009),MDRIR009FR,2025-06-20T00:00:00Z,https://go-api.ifrc.org/api/DownloadFile/R67950/MDRIR009FR,IR,Iran - Droughts 2022,2022-03-03 00:00:00+00:00,MDRIR009_28288.pdf,2022.0,True,False,Emergency Appeal / Other
MDRIR009,3543,5869.0,28289,Operational strategy,Iran - Drought (MDRIR009),Operational Strategy,2022-04-08T00:00:00Z,https://adore.ifrc.org/Download.aspx?FileId=513312,IR,Iran - Droughts 2022,2022-03-03 00:00:00+00:00,MDRIR009_28289.pdf,2022.0,False,False,Other
MDRMH002,3530,5856.0,28290,DREF Operation,Marshall Islands - Drought Response (MDRMH002),DREF Operation,2022-02-28T00:00:00Z,https://adore.ifrc.org/Download.aspx?FileId=498712,MH,Marshall Islands: Drought Response,2022-02-27 00:00:00+00:00,MDRMH002_28290.pdf,2022.0,False,False,Other
MDRMH002,3530,5856.0,28291,DREF Operation Final Report,Marshall Islands - Drought Response (MDRMH002),MDRMH002dfr,2023-01-10T00:00:00Z,https://go-api.ifrc.org/api/DownloadFile/66144/MDRMH002dfr,MH,Marshall Islands: Drought Response,2022-02-27 00:00:00+00:00,MDRMH002_28291.pdf,2022.0,True,False,DREF (Missing from JSON)
MDRAR018,3532,5843.0,28292,DREF Operation,Argentina - Fire (MDRAR018),DREF Operation,2022-02-28T00:00:00Z,https://adore.ifrc.org/Download.aspx?FileId=498789,AR,Argentina - Incendios forestales en las provincias de Corrientes y Misiones,2022-02-27 00:00:00+00:00,MDRAR018_28292.pdf,2022.0,False,False,Other
MDRTJ034,3667,6313.0,28293,DREF/EAP Update,Tajikistan - Heat Wave (EAP2021TJ01) (MDRTJ034),MDRTJ034_Tajikistan Heatwave_Operations Update,2025-05-19T00:00:00Z,https://go-api.ifrc.org/api/DownloadFile/91184/MDRTJ034_Tajikistan-Heatwave_Operations-Update,TJ,Tajikistan - Heat Wave (EAP2021TJ01),2022-02-24 00:00:00+00:00,MDRTJ034_28293.pdf,2022.0,False,False,Other
MDRTJ034,3667,6313.0,28294,DREF/EAP Summary,Tajikistan - Heat Wave (EAP2021TJ01) (MDRTJ034),EAP2021TJ01_MDRTJ034,2025-02-17T00:00:00Z,https://go-api.ifrc.org/api/DownloadFile/90431/EAP2021TJ01_MDRTJ034,TJ,Tajikistan - Heat Wave (EAP2021TJ01),2022-02-24 00:00:00+00:00,MDRTJ034_28294.pdf,2022.0,False,False,Other
MDRTJ034,3667,6313.0,28295,DREF/EAP Update,Tajikistan - Heat Wave (EAP2021TJ01) (MDRTJ034),MDRTJ034eapar,2025-10-29T00:00:00Z,https://go-api.ifrc.org/api/DownloadFile/91185/MDRTJ034eapar,TJ,Tajikistan - Heat Wave (EAP2021TJ01),2022-02-24 00:00:00+00:00,MDRTJ034_28295.pdf,2022.0,False,False,Other
MDRGM015,3529,6098.0,28296,DREF Operation Final Report,Gambia - IDPs West Region (MDRGM015),MDRGM015dfr,2023-05-17T00:00:00Z,https://go-api.ifrc.org/api/DownloadFile/66291/MDRGM015dfr,GM,GMB: Flood - 2022-07 - The Gambia 2022 Floods,2022-02-14 00:00:00+00:00,MDRGM015_28296.pdf,2022.0,True,False,DREF (Missing from JSON)
MDRGM015,3529,6098.0,28297,DREF Operation,Gambia - IDPs West Region (MDRGM015),DREF Operation,2022-02-18T00:00:00Z,https://adore.ifrc.org/Download.aspx?FileId=496442,GM,GMB: Flood - 2022-07 - The Gambia 2022 Floods,2022-02-14 00:00:00+00:00,MDRGM015_28297.pdf,2022.0,False,False,Other
MDRPS013,3527,5811.0,28298,DREF Operation Final Report,Palestine - Extreme Weather Conditions (MDRPS013),MDRPS013dfr,2023-02-22T00:00:00Z,https://go-api.ifrc.org/api/DownloadFile/67141/MDRPS013dfr,PS,"Occupied Palestinian territories "" Jerusalem, West bank & Gaza """,2022-02-11 00:00:00+00:00,MDRPS013_28298.pdf,2022.0,True,False,DREF (Missing from JSON)
MDRPS013,3527,5811.0,28299,DREF Operation,Palestine - Extreme Weather Conditions (MDRPS013),DREF Operation,2022-02-12T00:00:00Z,https://adore.ifrc.org/Download.aspx?FileId=494342,PS,"Occupied Palestinian territories "" Jerusalem, West bank & Gaza """,2022-02-11 00:00:00+00:00,MDRPS013_28299.pdf,2022.0,False,False,Other
MDRSY007,3528,5828.0,28300,DREF Operation Final Report,Syria - Internal Displacement in Al Hasakeh (MDRSY007),DREF Final Report,2023-02-17T00:00:00Z,https://go-api.ifrc.org/api/DownloadFile/67140/DREF-Final-Report,SY,Syria-internal displacement 2022,2022-02-11 00:00:00+00:00,MDRSY007_28300.pdf,2022.0,True,False,DREF (Missing from JSON)
MDRSY007,3528,5828.0,28301,DREF Operation,Syria - Internal Displacement in Al Hasakeh (MDRSY007),DREF Operation,2022-02-14T00:00:00Z,https://adore.ifrc.org/Download.aspx?FileId=494575,SY,Syria-internal displacement 2022,2022-02-11 00:00:00+00:00,MDRSY007_28301.pdf,2022.0,False,False,Other
MDREC018,3526,5821.0,28302,DREF Operation Final Report,Ecuador - Floods (MDREC018),MDREC018fr,2023-05-03T00:00:00Z,https://go-api.ifrc.org/api/DownloadFile/66077/MDREC018fr,EC,Ecuador - Inundaciones,2022-02-09 00:00:00+00:00,MDREC018_28302.pdf,2022.0,True,False,DREF (Missing from JSON)
MDREC018,3526,5821.0,28303,DREF Operation,Ecuador - Floods (MDREC018),DREF Operation,2022-02-10T00:00:00Z,https://adore.ifrc.org/Download.aspx?FileId=493907,EC,Ecuador - Inundaciones,2022-02-09 00:00:00+00:00,MDREC018_28303.pdf,2022.0,False,False,Other
MDRZW017,3525,5825.0,28304,DREF Operation Final Report,Zimbabwe - Tropical Depression Ana (MDRZW017),MDRZW017dfr,2023-05-17T00:00:00Z,https://go-api.ifrc.org/api/DownloadFile/66907/MDRZW017dfr,ZW,Zimbabwe - Tropical Depression Ana,2022-02-08 00:00:00+00:00,MDRZW017_28304.pdf,2022.0,True,False,DREF (Missing from JSON)
MDRZW017,3525,5825.0,28305,DREF Operation,Zimbabwe - Tropical Depression Ana (MDRZW017),DREF Operation,2022-02-09T00:00:00Z,https://adore.ifrc.org/Download.aspx?FileId=493361,ZW,Zimbabwe - Tropical Depression Ana,2022-02-08 00:00:00+00:00,MDRZW017_28305.pdf,2022.0,False,False,Other
MDRTP005,3523,5813.0,28306,DREF Operation,Timor-Leste - Dengue Outbreak Response (MDRTP005),DREF Operation,2022-02-07T00:00:00Z,https://adore.ifrc.org/Download.aspx?FileId=492763,TL,Timor-Leste: Dengue outbreak,2022-02-06 00:00:00+00:00,MDRTP005_28306.pdf,2022.0,False,False,Other
MGR65002,3542,5854.0,28307,12 month update,Ukraine and impacted countries crisis (MGR65002),MGR65002_OU6,2023-04-13T00:00:00Z,https://go-api.ifrc.org/api/DownloadFile/66707/MGR65002_OU6,HU,Ukraine and Impacted Countries,2022-02-05 00:00:00+00:00,MGR65002_28307.pdf,2022.0,False,False,Other
MGR65002,3542,5854.0,28308,Operational strategy,Ukraine and impacted countries crisis (MGR65002),MGR65002 Latvia NS Response Plan,2023-04-17T00:00:00Z,https://go-api.ifrc.org/api/DownloadFile/84200/MGR65002-Latvia-NS-Response-Plan,HU,Ukraine and Impacted Countries,2022-02-05 00:00:00+00:00,MGR65002_28308.pdf,2022.0,False,False,Other
MGR65002,3542,5854.0,28309,Operational strategy,Ukraine and impacted countries crisis (MGR65002),MGR65002 Greece NS Response Plan,2023-04-17T00:00:00Z,https://go-api.ifrc.org/api/DownloadFile/84198/MGR65002-Greece-NS-Response-Plan,HU,Ukraine and Impacted Countries,2022-02-05 00:00:00+00:00,MGR65002_28309.pdf,2022.0,False,False,Other
MGR65002,3542,5854.0,28310,Operational strategy,Ukraine and impacted countries crisis (MGR65002),MGR65002 Romania NS Response Plan,2023-04-17T00:00:00Z,https://go-api.ifrc.org/api/DownloadFile/84206/MGR65002-Romania-NS-Response-Plan,HU,Ukraine and Impacted Countries,2022-02-05 00:00:00+00:00,MGR65002_28310.pdf,2022.0,False,False,Other
MGR65002,3542,5854.0,28311,Operational strategy,Ukraine and impacted countries crisis (MGR65002),MGR65002 Hungary NS Response Plan,2023-04-17T00:00:00Z,https://go-api.ifrc.org/api/DownloadFile/84199/MGR65002-Hungary-NS-Response-Plan,HU,Ukraine and Impacted Countries,2022-02-05 00:00:00+00:00,MGR65002_28311.pdf,2022.0,False,False,Other
MGR65002,3542,5854.0,28312,Operational strategy,Ukraine and impacted countries crisis (MGR65002),MGR65002 Slovakia NS Response Plan,2023-04-17T00:00:00Z,https://go-api.ifrc.org/api/DownloadFile/84208/MGR65002-Slovakia-NS-Response-Plan,HU,Ukraine and Impacted Countries,2022-02-05 00:00:00+00:00,MGR65002_28312.pdf,2022.0,False,False,Other
MGR65002,3542,5854.0,28313,Operational strategy,Ukraine and impacted countries crisis (MGR65002),MGR65002 Poland NS Response Plan,2023-04-17T00:00:00Z,https://go-api.ifrc.org/api/DownloadFile/84205/MGR65002-Poland-NS-Response-Plan,HU,Ukraine and Impacted Countries,2022-02-05 00:00:00+00:00,MGR65002_28313.pdf,2022.0,False,False,Other
MGR65002,3542,5854.0,28314,Operational strategy,Ukraine and impacted countries crisis (MGR65002),MGR65002 Estonia NS Response Plan,2023-04-17T00:00:00Z,https://go-api.ifrc.org/api/DownloadFile/84196/MGR65002-Estonia-NS-Response-Plan,HU,Ukraine and Impacted Countries,2022-02-05 00:00:00+00:00,MGR65002_28314.pdf,2022.0,False,False,Other
MGR65002,3542,5854.0,28315,Operational strategy,Ukraine and impacted countries crisis (MGR65002),MGR65002 Montenegro NS Response Plan,2023-04-17T00:00:00Z,https://go-api.ifrc.org/api/DownloadFile/84203/MGR65002-Montenegro-NS-Response-Plan,HU,Ukraine and Impacted Countries,2022-02-05 00:00:00+00:00,MGR65002_28315.pdf,2022.0,False,False,Other
MGR65002,3542,5854.0,28316,Operational strategy,Ukraine and impacted countries crisis (MGR65002),MGR65002 Croatia NS Response Plan,2023-04-17T00:00:00Z,https://go-api.ifrc.org/api/DownloadFile/84195/MGR65002-Croatia-NS-Response-Plan,HU,Ukraine and Impacted Countries,2022-02-05 00:00:00+00:00,MGR65002_28316.pdf,2022.0,False,False,Other
MGR65002,3542,5854.0,28317,Operational strategy,Ukraine and impacted countries crisis (MGR65002),MGR65002 Turkiye NS Response Plan,2023-04-17T00:00:00Z,https://go-api.ifrc.org/api/DownloadFile/84209/MGR65002-Turkiye-NS-Response-Plan,HU,Ukraine and Impacted Countries,2022-02-05 00:00:00+00:00,MGR65002_28317.pdf,2022.0,False,False,Other
MGR65002,3542,5854.0,28318,Operational strategy,Ukraine and impacted countries crisis (MGR65002),MGR65002 Russia NS Response Plan,2023-04-17T00:00:00Z,https://go-api.ifrc.org/api/DownloadFile/84207/MGR65002-Russia-NS-Response-Plan,HU,Ukraine and Impacted Countries,2022-02-05 00:00:00+00:00,MGR65002_28318.pdf,2022.0,False,False,Other
MGR65002,3542,5854.0,28319,Operational strategy,Ukraine and impacted countries crisis (MGR65002),Moldova_Revised NSRP_republished,2023-04-17T00:00:00Z,https://go-api.ifrc.org/api/DownloadFile/84202/Moldova_Revised-NSRP_republished,HU,Ukraine and Impacted Countries,2022-02-05 00:00:00+00:00,MGR65002_28319.pdf,2022.0,False,False,Other
MGR65002,3542,5854.0,28320,Operational strategy,Ukraine and impacted countries crisis (MGR65002),MGR65002_Lithuania_NS_Response_Plan,2023-04-17T00:00:00Z,https://go-api.ifrc.org/api/DownloadFile/84201/MGR65002_Lithuania_NS_Response_Plan,HU,Ukraine and Impacted Countries,2022-02-05 00:00:00+00:00,MGR65002_28320.pdf,2022.0,False,False,Other
MGR65002,3542,5854.0,28321,Operational strategy,Ukraine and impacted countries crisis (MGR65002),MGR65002 Belarus NS Response Plan,2023-04-17T00:00:00Z,https://go-api.ifrc.org/api/DownloadFile/84192/MGR65002-Belarus-NS-Response-Plan,HU,Ukraine and Impacted Countries,2022-02-05 00:00:00+00:00,MGR65002_28321.pdf,2022.0,False,False,Other
MGR65002,3542,5854.0,28322,Operational strategy,Ukraine and impacted countries crisis (MGR65002),MGR65002 Bulgaria NS Response Plan,2023-04-17T00:00:00Z,https://go-api.ifrc.org/api/DownloadFile/84194/MGR65002-Bulgaria-NS-Response-Plan,HU,Ukraine and Impacted Countries,2022-02-05 00:00:00+00:00,MGR65002_28322.pdf,2022.0,False,False,Other
MGR65002,3542,5854.0,28323,Operational strategy,Ukraine and impacted countries crisis (MGR65002),MGR65002 North Macedonia NS Response Plan,2023-04-17T00:00:00Z,https://go-api.ifrc.org/api/DownloadFile/84204/MGR65002-North-Macedonia-NS-Response-Plan,HU,Ukraine and Impacted Countries,2022-02-05 00:00:00+00:00,MGR65002_28323.pdf,2022.0,False,False,Other
MGR65002,3542,5854.0,28324,Operational strategy,Ukraine and impacted countries crisis (MGR65002),MGR65002 Georgia NS Response Plan,2023-04-17T00:00:00Z,https://go-api.ifrc.org/api/DownloadFile/84197/MGR65002-Georgia-NS-Response-Plan,HU,Ukraine and Impacted Countries,2022-02-05 00:00:00+00:00,MGR65002_28324.pdf,2022.0,False,False,Other
MGR65002,3542,5854.0,28325,Emergency Appeal Revision,Ukraine and impacted countries crisis (MGR65002),MGR65002 REA,2023-05-10T00:00:00Z,https://go-api.ifrc.org/api/DownloadFile/84374/MGR65002-REA,HU,Ukraine and Impacted Countries,2022-02-05 00:00:00+00:00,MGR65002_28325.pdf,2022.0,False,False,Other
MGR65002,3542,5854.0,28326,Audited Financial Statement,Ukraine and impacted countries crisis (MGR65002),MGR65002afs22,2023-06-12T00:00:00Z,https://go-api.ifrc.org/api/DownloadFile/84596/MGR65002afs22,HU,Ukraine and Impacted Countries,2022-02-05 00:00:00+00:00,MGR65002_28326.pdf,2022.0,False,False,Other
MGR65002,3542,5854.0,28327,Operational strategy,Ukraine and impacted countries crisis (MGR65002),MGR65002 Revised Operational Strategy,2023-06-20T00:00:00Z,https://go-api.ifrc.org/api/DownloadFile/84650/MGR65002-Revised-Operational-Strategy,HU,Ukraine and Impacted Countries,2022-02-05 00:00:00+00:00,MGR65002_28327.pdf,2022.0,False,False,Other
MGR65002,3542,5854.0,28328,Operations Update,Ukraine and impacted countries crisis (MGR65002),MGR65002_OU7,2023-07-04T00:00:00Z,https://go-api.ifrc.org/api/DownloadFile/84782/MGR65002_OU7,HU,Ukraine and Impacted Countries,2022-02-05 00:00:00+00:00,MGR65002_28328.pdf,2022.0,False,False,Other
MGR65002,3542,5854.0,28329,Operations Update,Ukraine and impacted countries crisis (MGR65002),MGR65002_OU8,2023-10-10T00:00:00Z,https://go-api.ifrc.org/api/DownloadFile/66708/MGR65002_OU8,HU,Ukraine and Impacted Countries,2022-02-05 00:00:00+00:00,MGR65002_28329.pdf,2022.0,False,False,Other
MGR65002,3542,5854.0,28330,Operations Update,Ukraine and impacted countries crisis (MGR65002),MGR65002_OU9,2024-01-17T00:00:00Z,https://go-api.ifrc.org/api/DownloadFile/85405/MGR65002_OU9,HU,Ukraine and Impacted Countries,2022-02-05 00:00:00+00:00,MGR65002_28330.pdf,2022.0,False,False,Other
MGR65002,3542,5854.0,28331,Operations Update,Ukraine and impacted countries crisis (MGR65002),MGR65002ou12,2025-05-29T00:00:00Z,https://go-api.ifrc.org/api/DownloadFile/89138/MGR65002ou12,HU,Ukraine and Impacted Countries,2022-02-05 00:00:00+00:00,MGR65002_28331.pdf,2022.0,False,False,Other
MGR65002,3542,5854.0,28332,Operations Update,Ukraine and impacted countries crisis (MGR65002),Operations Update,2022-07-05T00:00:00Z,https://adore.ifrc.org/Download.aspx?FileId=546775,HU,Ukraine and Impacted Countries,2022-02-05 00:00:00+00:00,MGR65002_28332.pdf,2022.0,False,False,Other
MGR65002,3542,5854.0,28333,Operations Update,Ukraine and impacted countries crisis (MGR65002),MGR65002_Operations Update_10_Two-Year Report,2024-06-05T00:00:00Z,https://go-api.ifrc.org/api/DownloadFile/87940/MGR65002_Operations-Update_10_Two-Year-Report,HU,Ukraine and Impacted Countries,2022-02-05 00:00:00+00:00,MGR65002_28333.pdf,2022.0,False,False,Other
MGR65002,3542,5854.0,28334,6 month update,Ukraine and impacted countries crisis (MGR65002),6 month update,2022-09-30T00:00:00Z,https://adore.ifrc.org/Download.aspx?FileId=582749,HU,Ukraine and Impacted Countries,2022-02-05 00:00:00+00:00,MGR65002_28334.pdf,2022.0,False,False,Other
MGR65002,3542,5854.0,28335,12 month update,Ukraine and impacted countries crisis (MGR65002),12 month update,2023-04-13T00:00:00Z,https://adore.ifrc.org/Download.aspx?FileId=665244,HU,Ukraine and Impacted Countries,2022-02-05 00:00:00+00:00,MGR65002_28335.pdf,2022.0,False,False,Other
MGR65002,3542,5854.0,28336,Operational strategy,Ukraine and impacted countries crisis (MGR65002),Operational Strategy,2022-05-23T00:00:00Z,https://adore.ifrc.org/Download.aspx?FileId=531100,HU,Ukraine and Impacted Countries,2022-02-05 00:00:00+00:00,MGR65002_28336.pdf,2022.0,False,False,Other
MGR65002,3542,5854.0,28337,Operations Update,Ukraine and impacted countries crisis (MGR65002),Operations Update,2022-05-05T00:00:00Z,https://adore.ifrc.org/Download.aspx?FileId=524861,HU,Ukraine and Impacted Countries,2022-02-05 00:00:00+00:00,MGR65002_28337.pdf,2022.0,False,False,Other
MGR65002,3542,5854.0,28338,Audited Financial Statement,Ukraine and impacted countries crisis (MGR65002),MGR65002fs23,2024-08-19T00:00:00Z,https://go-api.ifrc.org/api/DownloadFile/88549/MGR65002fs23,HU,Ukraine and Impacted Countries,2022-02-05 00:00:00+00:00,MGR65002_28338.pdf,2022.0,False,False,Other
MGR65002,3542,5854.0,28339,Operational strategy,Ukraine and impacted countries crisis (MGR65002),Operational Strategy,2022-03-12T00:00:00Z,https://adore.ifrc.org/Download.aspx?FileId=503306,HU,Ukraine and Impacted Countries,2022-02-05 00:00:00+00:00,MGR65002_28339.pdf,2022.0,False,False,Other
MGR65002,3542,5854.0,28340,Operations Update,Ukraine and impacted countries crisis (MGR65002),MGR65002_Operation Update_11,2024-11-22T00:00:00Z,https://go-api.ifrc.org/api/DownloadFile/89137/MGR65002_Operation-Update_11,HU,Ukraine and Impacted Countries,2022-02-05 00:00:00+00:00,MGR65002_28340.pdf,2022.0,False,False,Other
MGR65002,3542,5854.0,28341,Operational strategy,Ukraine and impacted countries crisis (MGR65002),MGR65002ros2_ru,2025-12-17T00:00:00Z,https://go-api.ifrc.org/api/DownloadFile/93946/MGR65002ros2_ru,HU,Ukraine and Impacted Countries,2022-02-05 00:00:00+00:00,MGR65002_28341.pdf,2022.0,False,False,Other
MGR65002,3542,5854.0,28342,Emergency Appeal Revision,Ukraine and impacted countries crisis (MGR65002),MGR65002rea2,2025-12-17T00:00:00Z,https://go-api.ifrc.org/api/DownloadFile/93893/MGR65002rea2,HU,Ukraine and Impacted Countries,2022-02-05 00:00:00+00:00,MGR65002_28342.pdf,2022.0,False,False,Other
MGR65002,3542,5854.0,28343,Operational strategy,Ukraine and impacted countries crisis (MGR65002),MGR65002ros2_ukr,2025-12-17T00:00:00Z,https://go-api.ifrc.org/api/DownloadFile/93928/MGR65002ros2_ukr,HU,Ukraine and Impacted Countries,2022-02-05 00:00:00+00:00,MGR65002_28343.pdf,2022.0,False,False,Other
MGR65002,3542,5854.0,28344,Operational strategy,Ukraine and impacted countries crisis (MGR65002),MGR65002ros2_md,2025-12-17T00:00:00Z,https://go-api.ifrc.org/api/DownloadFile/93929/MGR65002ros2_md,HU,Ukraine and Impacted Countries,2022-02-05 00:00:00+00:00,MGR65002_28344.pdf,2022.0,False,False,Other
MGR65002,3542,5854.0,28345,Audited Financial Statement,Ukraine and impacted countries crisis (MGR65002),MGR65002afs24,2025-11-30T00:00:00Z,https://go-api.ifrc.org/api/DownloadFile/94383/MGR65002afs24,HU,Ukraine and Impacted Countries,2022-02-05 00:00:00+00:00,MGR65002_28345.pdf,2022.0,False,False,Other
MGR65002,3542,5854.0,28346,Operations Update,Ukraine and impacted countries crisis (MGR65002),Operations Update,2022-12-22T00:00:00Z,https://adore.ifrc.org/Download.aspx?FileId=617036,HU,Ukraine and Impacted Countries,2022-02-05 00:00:00+00:00,MGR65002_28346.pdf,2022.0,False,False,Other
MGR65002,3542,5854.0,28347,Operations Update,Ukraine and impacted countries crisis (MGR65002),Operations Update,2022-04-01T00:00:00Z,https://adore.ifrc.org/Download.aspx?FileId=510820,HU,Ukraine and Impacted Countries,2022-02-05 00:00:00+00:00,MGR65002_28347.pdf,2022.0,False,False,Other
MDRGH017,3522,5816.0,28348,DREF Operation,Ghana - Explosions (MDRGH017),DREF Operation,2022-01-31T00:00:00Z,https://adore.ifrc.org/Download.aspx?FileId=491107,GH,Ghana - Explosions,2022-01-29 00:00:00+00:00,MDRGH017_28348.pdf,2022.0,False,False,Other
MDRTZ030,3521,5812.0,28349,DREF Operation Final Report,Tanzania - Food Insecurity (MDRTZ030),MDRTZ030dfr,2023-04-06T00:00:00Z,https://go-api.ifrc.org/api/DownloadFile/65907/MDRTZ030dfr,TZ,Tanzania - Food Insecurity,2022-01-28 00:00:00+00:00,MDRTZ030_28349.pdf,2022.0,True,False,DREF (Missing from JSON)
MDRTZ030,3521,5812.0,28350,DREF Operation,Tanzania - Food Insecurity (MDRTZ030),DREF Operation,2022-01-29T00:00:00Z,https://adore.ifrc.org/Download.aspx?FileId=490685,TZ,Tanzania - Food Insecurity,2022-01-28 00:00:00+00:00,MDRTZ030_28350.pdf,2022.0,False,False,Other
MDRZM015,3520,5810.0,28351,DREF Operation Final Report,Zambia - Flash Floods (MDRZM015),Final Report,2023-01-17T00:00:00Z,https://go-api.ifrc.org/api/DownloadFile/65893/Final-Report,ZM,Zambia/Namwala Flash Floods,2022-01-27 00:00:00+00:00,MDRZM015_28351.pdf,2022.0,True,False,DREF (Missing from JSON)
MDRZM015,3520,5810.0,28352,DREF Operation,Zambia - Flash Floods (MDRZM015),DREF Operation,2022-01-28T00:00:00Z,https://adore.ifrc.org/Download.aspx?FileId=490398,ZM,Zambia/Namwala Flash Floods,2022-01-27 00:00:00+00:00,MDRZM015_28352.pdf,2022.0,False,False,Other
MDRAF010,3519,5809.0,28353,DREF Operation,Afghanistan - Badghis Earthquake (MDRAF010),DREF Operation,2022-01-27T00:00:00Z,https://adore.ifrc.org/Download.aspx?FileId=490333,AF,Afghanistan: Badghis Earthquake,2022-01-27 00:00:00+00:00,MDRAF010_28353.pdf,2022.0,False,False,Other
MDRMG018,3518,5807.0,28354,Operations Update,Madagascar - Heavy Rains and Tropical Storm (MDRMG018),Operation update,2023-02-09T00:00:00Z,https://go-api.ifrc.org/api/DownloadFile/83543/Operation-update,MG,Madagascar - Tropical Heavy Rains and Cyclone,2022-01-26 00:00:00+00:00,MDRMG018_28354.pdf,2022.0,False,False,Other
MDRMG018,3518,5807.0,28355,Operations Update,Madagascar - Heavy Rains and Tropical Storm (MDRMG018),Operations Update,2022-04-13T00:00:00Z,https://adore.ifrc.org/Download.aspx?FileId=517682,MG,Madagascar - Tropical Heavy Rains and Cyclone,2022-01-26 00:00:00+00:00,MDRMG018_28355.pdf,2022.0,False,False,Other
MDRMG018,3518,5807.0,28356,Operations Update,Madagascar - Heavy Rains and Tropical Storm (MDRMG018),MDRMG018ou5,2023-06-30T00:00:00Z,https://go-api.ifrc.org/api/DownloadFile/84757/MDRMG018ou5,MG,Madagascar - Tropical Heavy Rains and Cyclone,2022-01-26 00:00:00+00:00,MDRMG018_28356.pdf,2022.0,False,False,Other
MDRMG018,3518,5807.0,28357,Operational strategy,Madagascar - Heavy Rains and Tropical Storm (MDRMG018),Operational Strategy,2022-02-25T00:00:00Z,https://adore.ifrc.org/Download.aspx?FileId=498386,MG,Madagascar - Tropical Heavy Rains and Cyclone,2022-01-26 00:00:00+00:00,MDRMG018_28357.pdf,2022.0,False,False,Other
MDRMG018,3518,5807.0,28358,Final Report,Madagascar - Heavy Rains and Tropical Storm (MDRMG018),MDRMG018efr,2024-05-09T00:00:00Z,https://go-api.ifrc.org/api/DownloadFile/66081/MDRMG018efr,MG,Madagascar - Tropical Heavy Rains and Cyclone,2022-01-26 00:00:00+00:00,MDRMG018_28358.pdf,2022.0,True,False,Emergency Appeal / Other
MDRMG018,3518,5807.0,28359,Operations Update,Madagascar - Heavy Rains and Tropical Storm (MDRMG018),Operations Update,2022-03-18T00:00:00Z,https://adore.ifrc.org/Download.aspx?FileId=505969,MG,Madagascar - Tropical Heavy Rains and Cyclone,2022-01-26 00:00:00+00:00,MDRMG018_28359.pdf,2022.0,False,False,Other
MDRMG018,3518,5807.0,28360,6 month update,Madagascar - Heavy Rains and Tropical Storm (MDRMG018),6 month update,2022-09-23T00:00:00Z,https://adore.ifrc.org/Download.aspx?FileId=577563,MG,Madagascar - Tropical Heavy Rains and Cyclone,2022-01-26 00:00:00+00:00,MDRMG018_28360.pdf,2022.0,False,False,Other
MDRMG018,3518,5807.0,28361,DREF Operation,Madagascar - Heavy Rains and Tropical Storm (MDRMG018),Operation Update,2022-01-26T00:00:00Z,https://go-api.ifrc.org/api/DownloadFile/65881/Operation-Update,MG,Madagascar - Tropical Heavy Rains and Cyclone,2022-01-26 00:00:00+00:00,MDRMG018_28361.pdf,2022.0,False,False,Other
MDRMZ018,3517,5787.0,28362,DREF/EAP Activation Report,Mozambique - Floods (MDRMZ018),EAP Final Report,2023-02-01T00:00:00Z,https://go-api.ifrc.org/api/DownloadFile/83438/EAP-Final-Report,MZ,Mozambique-Central Region-Cyclone 01/2022,2022-01-26 00:00:00+00:00,MDRMZ018_28362.pdf,2022.0,False,False,Other
MDRMZ018,3517,5787.0,28363,Operations Update,Mozambique - Floods (MDRMZ018),Operations Update,2022-03-14T00:00:00Z,https://adore.ifrc.org/Download.aspx?FileId=503379,MZ,Mozambique-Central Region-Cyclone 01/2022,2022-01-26 00:00:00+00:00,MDRMZ018_28363.pdf,2022.0,False,False,Other
MDRMZ018,3517,5787.0,28364,Forecast-based Triggered Action,Mozambique - Floods (MDRMZ018),EAP Final report,2022-01-30T00:00:00Z,https://go-api.ifrc.org/api/DownloadFile/65908/EAP-Final-report,MZ,Mozambique-Central Region-Cyclone 01/2022,2022-01-26 00:00:00+00:00,MDRMZ018_28364.pdf,2022.0,False,False,Other
MDRMZ018,3517,5787.0,28365,Forecast-based Triggered Action Report,Mozambique - Floods (MDRMZ018),Final Report,2023-01-12T00:00:00Z,https://go-api.ifrc.org/api/DownloadFile/65909/Final-Report,MZ,Mozambique-Central Region-Cyclone 01/2022,2022-01-26 00:00:00+00:00,MDRMZ018_28365.pdf,2022.0,False,False,Other
MDRMZ017,3516,5789.0,28366,DREF Operation,Mozambique - Imminent Tropical Storm (MDRMZ017),DREF Operation,2022-01-21T00:00:00Z,https://adore.ifrc.org/Download.aspx?FileId=489182,MZ,Mozambique - Imminent Tropical Storm,2022-01-21 00:00:00+00:00,MDRMZ017_28366.pdf,2022.0,False,False,Other
MDRFJ006,3515,5784.0,28367,DREF Operation,Fiji - Tropical Cyclone Cody (MDRFJ006),DREF Operation,2022-01-21T00:00:00Z,https://adore.ifrc.org/Download.aspx?FileId=488950,FJ,Fiji - Tropical Cyclone Cody,2022-01-19 00:00:00+00:00,MDRFJ006_28367.pdf,2022.0,False,False,Other
MDRTO002,3513,5785.0,28368,12 month update,Tonga - Volcano and Tsunami (MDRTO002),MDRTO002OU4,2023-03-01T00:00:00Z,https://go-api.ifrc.org/api/DownloadFile/66213/MDRTO002OU4,TO,Tonga: Volcano and Tsunami,2022-01-18 00:00:00+00:00,MDRTO002_28368.pdf,2022.0,False,False,Other
MDRTO002,3513,5785.0,28369,12 month update,Tonga - Volcano and Tsunami (MDRTO002),12 month update,2023-03-01T00:00:00Z,https://adore.ifrc.org/Download.aspx?FileId=644541,TO,Tonga: Volcano and Tsunami,2022-01-18 00:00:00+00:00,MDRTO002_28369.pdf,2022.0,False,False,Other
MDRTO002,3513,5785.0,28370,Operations Update,Tonga - Volcano and Tsunami (MDRTO002),MDRTO002OU5,2023-08-16T00:00:00Z,https://go-api.ifrc.org/api/DownloadFile/66214/MDRTO002OU5,TO,Tonga: Volcano and Tsunami,2022-01-18 00:00:00+00:00,MDRTO002_28370.pdf,2022.0,False,False,Other
MDRTO002,3513,5785.0,28371,Final Report,Tonga - Volcano and Tsunami (MDRTO002),MDRTO002ea.fnr,2024-06-01T00:00:00Z,https://go-api.ifrc.org/api/DownloadFile/66215/MDRTO002ea.fnr,TO,Tonga: Volcano and Tsunami,2022-01-18 00:00:00+00:00,MDRTO002_28371.pdf,2022.0,True,False,Emergency Appeal / Other
MDRTO002,3513,5785.0,28372,DREF Operation,Tonga - Volcano and Tsunami (MDRTO002),DREF Operation,2022-01-19T00:00:00Z,https://adore.ifrc.org/Download.aspx?FileId=488345,TO,Tonga: Volcano and Tsunami,2022-01-18 00:00:00+00:00,MDRTO002_28372.pdf,2022.0,False,False,Other
MDRTO002,3513,5785.0,28373,Operational strategy,Tonga - Volcano and Tsunami (MDRTO002),Operational Strategy,2022-02-04T00:00:00Z,https://adore.ifrc.org/Download.aspx?FileId=492158,TO,Tonga: Volcano and Tsunami,2022-01-18 00:00:00+00:00,MDRTO002_28373.pdf,2022.0,False,False,Other
MDRTO002,3513,5785.0,28374,Operations Update,Tonga - Volcano and Tsunami (MDRTO002),Operations Update,2022-02-25T00:00:00Z,https://adore.ifrc.org/Download.aspx?FileId=498481,TO,Tonga: Volcano and Tsunami,2022-01-18 00:00:00+00:00,MDRTO002_28374.pdf,2022.0,False,False,Other
MDRTO002,3513,5785.0,28375,Operations Update,Tonga - Volcano and Tsunami (MDRTO002),Operations Update,2022-07-31T00:00:00Z,https://adore.ifrc.org/Download.aspx?FileId=557442,TO,Tonga: Volcano and Tsunami,2022-01-18 00:00:00+00:00,MDRTO002_28375.pdf,2022.0,False,False,Other
MDRTO002,3513,5785.0,28376,Operational strategy,Tonga - Volcano and Tsunami (MDRTO002),Operational Strategy,2022-07-24T00:00:00Z,https://adore.ifrc.org/Download.aspx?FileId=554390,TO,Tonga: Volcano and Tsunami,2022-01-18 00:00:00+00:00,MDRTO002_28376.pdf,2022.0,False,False,Other
MDRTO002,3513,5785.0,28377,Operations Update,Tonga - Volcano and Tsunami (MDRTO002),Operations Update,2022-04-04T00:00:00Z,https://adore.ifrc.org/Download.aspx?FileId=511384,TO,Tonga: Volcano and Tsunami,2022-01-18 00:00:00+00:00,MDRTO002_28377.pdf,2022.0,False,False,Other
MDRIR008,3512,5758.0,28378,DREF Operation Final Report,Iran - Floods (MDRIR008),MDRIR008fr,2023-12-21T00:00:00Z,https://go-api.ifrc.org/api/DownloadFile/65832/MDRIR008fr,IR,"Iran,flash flood 01/01/2022",2022-01-14 00:00:00+00:00,MDRIR008_28378.pdf,2022.0,True,False,DREF (Missing from JSON)
MDRST001,3511,5763.0,28379,DREF Operation Final Report,Sao Tome And Principe - Floods and Landslides (MDRST001),MDRST001dfr,2023-03-10T00:00:00Z,https://go-api.ifrc.org/api/DownloadFile/65853/MDRST001dfr,ST,Sao Tome and Principe : Floods 28/12/2021,2022-01-13 00:00:00+00:00,MDRST001_28379.pdf,2022.0,True,False,DREF (Missing from JSON)
MDRST001,3511,5763.0,28380,DREF Operation,Sao Tome And Principe - Floods and Landslides (MDRST001),DREF Operation,2022-01-20T00:00:00Z,https://adore.ifrc.org/Download.aspx?FileId=488865,ST,Sao Tome and Principe : Floods 28/12/2021,2022-01-13 00:00:00+00:00,MDRST001_28380.pdf,2022.0,False,False,Other
MDRSO024,4086,7505.0,26683,DREF Operation Update,Somalia - Epidemic  Diphtheria Outbreak (MDRSO024),MDRSO024du1,2025-09-26T00:00:00Z,https://go-api.ifrc.org/api/DownloadFile/92482/MDRSO024du1,SO,SOM: Epidemic - 03-2025 - Leishmaniasis Outbreak,2025-03-15 00:00:00+00:00,MDRSO024_26683.pdf,2025.0,False,False,Other
MDRSO024,4086,7505.0,26682,DREF Operation,Somalia - Epidemic  Diphtheria Outbreak (MDRSO024),MDRSO024do,2025-08-18T00:00:00Z,https://go-api.ifrc.org/api/DownloadFile/92163/MDRSO024do,SO,SOM: Epidemic - 03-2025 - Leishmaniasis Outbreak,2025-03-15 00:00:00+00:00,MDRSO024_26682.pdf,2025.0,False,False,Other
MDRSO024,4086,7505.0,33954,DREF Operation Final Report,Somalia - Epidemic  Diphtheria Outbreak (MDRSO024),MDRSO024dfr,2026-05-26T00:00:00Z,https://go-api.ifrc.org/api/DownloadFile/92164/MDRSO024dfr,SO,SOM: Epidemic - 03-2025 - Leishmaniasis Outbreak,2025-03-15 00:00:00+00:00,MDRSO024_33954.pdf,2025.0,True,False,DREF (Missing from JSON)
MDRLA011,4087,7556.0,26681,DREF Operation,Laos - Flood (MDRLA011),MDRLA011do,2025-08-13T00:00:00Z,https://go-api.ifrc.org/api/DownloadFile/92150/MDRLA011do,LA,"LAO: Flash Floods, 2025",2025-08-08 00:00:00+00:00,MDRLA011_26681.pdf,2025.0,False,False,Other
MDRLA011,4087,7556.0,33971,DREF Operation Final Report,Laos - Flood (MDRLA011),MDRLA011dfr,2026-05-28T00:00:00Z,https://go-api.ifrc.org/api/DownloadFile/92151/MDRLA011dfr,LA,"LAO: Flash Floods, 2025",2025-08-08 00:00:00+00:00,MDRLA011_33971.pdf,2025.0,True,False,DREF (Missing from JSON)
MDRPH058,4120,7669.0,26613,DREF Operation,Philippines – Davao Earthquake (MDRPH058),MDRPH058do,2025-10-20T00:00:00Z,https://go-api.ifrc.org/api/DownloadFile/93493/MDRPH058do,PH,"Philippines: Davao Oriental Earthquake, 2025",2025-10-16 00:00:00+00:00,MDRPH058_26613.pdf,2025.0,False,False,Other
MDRMW023,4121,7676.0,26609,DREF/EAP Summary,Malawi - Pluvial Floods sEAP (MDRMW023),MDRMW023sEAP,2025-10-20T00:00:00Z,https://go-api.ifrc.org/api/DownloadFile/93505/MDRMW023sEAP,MW,Malawi - Pluvial Floods sEAP,2025-10-17 00:00:00+00:00,MDRMW023_26609.pdf,2025.0,False,False,Other
MDRMW023,4121,7676.0,26608,DREF/EAP Activation,Malawi - Pluvial Floods sEAP (MDRMW023),MDRMW023sEAP,2026-01-08T00:00:00Z,https://go-api.ifrc.org/api/DownloadFile/94141/MDRMW023sEAP,MW,Malawi - Pluvial Floods sEAP,2025-10-17 00:00:00+00:00,MDRMW023_26608.pdf,2025.0,False,False,Other
MDRMR020,4114,7626.0,26626,DREF/EAP Summary,Mauritania - Flood sEAP (MDRMR020),MDRMR020sEAP,2025-10-14T00:00:00Z,https://go-api.ifrc.org/api/DownloadFile/93447/MDRMR020sEAP,MR,MRT: Flood - 08-2025 - Mauritania: Floods / River Flood 2025 ,2025-09-26 00:00:00+00:00,MDRMR020_26626.pdf,2025.0,False,False,Other
MDRSO025,4113,7660.0,26631,Operational strategy,Somalia - Complex Emergency (MDRSO025),MDRSO025 OS,2025-11-03T00:00:00Z,https://go-api.ifrc.org/api/DownloadFile/93395/MDRSO025-OS,SO,Somalia -  Complex Emergency,2025-09-26 00:00:00+00:00,MDRSO025_26631.pdf,2025.0,False,False,Other
MDRSO025,4113,7660.0,26630,DREF Operation,Somalia - Complex Emergency (MDRSO025),MDRSO025do,2025-10-04T00:00:00Z,https://go-api.ifrc.org/api/DownloadFile/93359/MDRSO025do,SO,Somalia -  Complex Emergency,2025-09-26 00:00:00+00:00,MDRSO025_26630.pdf,2025.0,False,False,Other
MDRSO025,4113,7660.0,26629,Emergency Appeal,Somalia - Complex Emergency (MDRSO025),MDRSO025ea,2025-10-02T00:00:00Z,https://go-api.ifrc.org/api/DownloadFile/93334/MDRSO025ea,SO,Somalia -  Complex Emergency,2025-09-26 00:00:00+00:00,MDRSO025_26629.pdf,2025.0,False,False,Other
MDRSO025,4113,7660.0,26628,Operations Update,Somalia - Complex Emergency (MDRSO025),MDRSO025eu1,2025-11-20T00:00:00Z,https://go-api.ifrc.org/api/DownloadFile/93396/MDRSO025eu1,SO,Somalia -  Complex Emergency,2025-09-26 00:00:00+00:00,MDRSO025_26628.pdf,2025.0,False,False,Other
MDRSO025,4113,7660.0,26627,Operations Update,Somalia - Complex Emergency (MDRSO025),MDRSO025 OU 2,2025-12-19T00:00:00Z,https://go-api.ifrc.org/api/DownloadFile/93397/MDRSO025-OU-2,SO,Somalia -  Complex Emergency,2025-09-26 00:00:00+00:00,MDRSO025_26627.pdf,2025.0,False,False,Other
MDRSO025,4113,7660.0,33926,6 month update,Somalia - Complex Emergency (MDRSO025),MDRSO025_6m,2026-05-08T00:00:00Z,https://go-api.ifrc.org/api/DownloadFile/93398/MDRSO025_6m,SO,Somalia -  Complex Emergency,2025-09-26 00:00:00+00:00,MDRSO025_33926.pdf,2025.0,False,False,Other
MDRSO025,4113,7660.0,33867,Operations Update,Somalia - Complex Emergency (MDRSO025),MDRSO025 eu3,2026-04-16T00:00:00Z,https://go-api.ifrc.org/api/DownloadFile/94850/MDRSO025-eu3,SO,Somalia -  Complex Emergency,2025-09-26 00:00:00+00:00,MDRSO025_33867.pdf,2025.0,False,False,Other
MDRPH057,4115,7656.0,26625,DREF Operation,Philippines - Earthquake and Typhoons (MDRPH057),MDRPH057do2,2025-11-15T00:00:00Z,https://go-api.ifrc.org/api/DownloadFile/93689/MDRPH057do2,PH,Philippines: Earthquake and Typhoons 2025,2025-10-02 00:00:00+00:00,MDRPH057_26625.pdf,2025.0,False,False,Other
MDRPH057,4115,7656.0,26624,Emergency Appeal,Philippines - Earthquake and Typhoons (MDRPH057),MDRPH057.EA,2025-10-04T00:00:00Z,https://go-api.ifrc.org/api/DownloadFile/93363/MDRPH057.EA,PH,Philippines: Earthquake and Typhoons 2025,2025-10-02 00:00:00+00:00,MDRPH057_26624.pdf,2025.0,False,False,Other
MDRPH057,4115,7656.0,26623,Operational strategy,Philippines - Earthquake and Typhoons (MDRPH057),MDRPH057.OS,2025-10-15T00:00:00Z,https://go-api.ifrc.org/api/DownloadFile/93478/MDRPH057.OS,PH,Philippines: Earthquake and Typhoons 2025,2025-10-02 00:00:00+00:00,MDRPH057_26623.pdf,2025.0,False,False,Other
MDRPH057,4115,7656.0,26622,DREF Operation,Philippines - Earthquake and Typhoons (MDRPH057),MDRPH057do,2025-10-10T00:00:00Z,https://go-api.ifrc.org/api/DownloadFile/93434/MDRPH057do,PH,Philippines: Earthquake and Typhoons 2025,2025-10-02 00:00:00+00:00,MDRPH057_26622.pdf,2025.0,False,False,Other
MDRPH057,4115,7656.0,26621,Operations Update,Philippines - Earthquake and Typhoons (MDRPH057),MDRPH057OU2,2026-01-23T00:00:00Z,https://go-api.ifrc.org/api/DownloadFile/93461/MDRPH057OU2,PH,Philippines: Earthquake and Typhoons 2025,2025-10-02 00:00:00+00:00,MDRPH057_26621.pdf,2025.0,False,False,Other
MDRPH057,4115,7656.0,26620,Operations Update,Philippines - Earthquake and Typhoons (MDRPH057),MDRPH057OU1,2025-12-15T00:00:00Z,https://go-api.ifrc.org/api/DownloadFile/93462/MDRPH057OU1,PH,Philippines: Earthquake and Typhoons 2025,2025-10-02 00:00:00+00:00,MDRPH057_26620.pdf,2025.0,False,False,Other
MDRPH057,4115,7656.0,26619,Operations Update,Philippines - Earthquake and Typhoons (MDRPH057),MDRPH057OU3,2026-02-27T00:00:00Z,https://go-api.ifrc.org/api/DownloadFile/93460/MDRPH057OU3,PH,Philippines: Earthquake and Typhoons 2025,2025-10-02 00:00:00+00:00,MDRPH057_26619.pdf,2025.0,False,False,Other
MDRPH057,4115,7656.0,26618,Operational strategy,Philippines - Earthquake and Typhoons (MDRPH057),MDRPH057ROS,2025-11-20T00:00:00Z,https://go-api.ifrc.org/api/DownloadFile/93725/MDRPH057ROS,PH,Philippines: Earthquake and Typhoons 2025,2025-10-02 00:00:00+00:00,MDRPH057_26618.pdf,2025.0,False,False,Other
MDRPH057,4115,7656.0,26617,Emergency Appeal Revision,Philippines - Earthquake and Typhoons (MDRPH057),MDRPH057REA,2025-11-07T00:00:00Z,https://go-api.ifrc.org/api/DownloadFile/93619/MDRPH057REA,PH,Philippines: Earthquake and Typhoons 2025,2025-10-02 00:00:00+00:00,MDRPH057_26617.pdf,2025.0,False,False,Other
MDRPH057,4115,7656.0,34026,DREF Operation Update,Philippines - Earthquake and Typhoons (MDRPH057),MDRPH057d2OU1,2026-06-30T00:00:00Z,https://go-api.ifrc.org/api/DownloadFile/93690/MDRPH057d2OU1,PH,Philippines: Earthquake and Typhoons 2025,2025-10-02 00:00:00+00:00,MDRPH057_34026.pdf,2025.0,False,False,Other
MDRPH057,4115,7656.0,33977,6 month update,Philippines - Earthquake and Typhoons (MDRPH057),MDRPH057OU4,2026-05-30T00:00:00Z,https://go-api.ifrc.org/api/DownloadFile/93459/MDRPH057OU4,PH,Philippines: Earthquake and Typhoons 2025,2025-10-02 00:00:00+00:00,MDRPH057_33977.pdf,2025.0,False,False,Other
MDRPH057,4115,7656.0,33974,6 month update,Philippines - Earthquake and Typhoons (MDRPH057),OU4_MDRPH057_Reviewed without Track Change,2026-05-30T00:00:00Z,https://go-api.ifrc.org/api/DownloadFile/93459/OU4_MDRPH057_Reviewed-without-Track-Change,PH,Philippines: Earthquake and Typhoons 2025,2025-10-02 00:00:00+00:00,MDRPH057_33974.pdf,2025.0,False,False,Other
MDRPH057,4115,7656.0,33973,DREF Operation Update,Philippines - Earthquake and Typhoons (MDRPH057),MDRPH057dOU1,2026-05-29T00:00:00Z,https://go-api.ifrc.org/api/DownloadFile/93455/MDRPH057dOU1,PH,Philippines: Earthquake and Typhoons 2025,2025-10-02 00:00:00+00:00,MDRPH057_33973.pdf,2025.0,False,False,Other
MDRGE020,4116,7662.0,26616,DREF Operation,Georgia - Pluvial/Flash Floods (MDRGE020),MDRGE020do,2025-10-11T00:00:00Z,https://go-api.ifrc.org/api/DownloadFile/93441/MDRGE020do,GE,GEO: Pluvial/Flash Flood - 10-2025 - GEO: Pluvial/Flash Flood - 09-2025 ,2025-10-08 00:00:00+00:00,MDRGE020_26616.pdf,2025.0,False,False,Other
MDRGE020,4116,7662.0,34044,DREF Operation Final Report,Georgia - Pluvial/Flash Floods (MDRGE020),Georgia Pluvial_Flash Floods MDRGE020,2026-07-09T00:00:00Z,https://go-api.ifrc.org/api/DownloadFile/93437/Georgia-Pluvial_Flash-Floods-MDRGE020,GE,GEO: Pluvial/Flash Flood - 10-2025 - GEO: Pluvial/Flash Flood - 09-2025 ,2025-10-08 00:00:00+00:00,MDRGE020_34044.pdf,2025.0,True,False,DREF (Missing from JSON)
MDREG022,4117,7659.0,26614,DREF Operation,Egypt - Flood (MDREG022),MDREG022do,2025-10-20T00:00:00Z,https://go-api.ifrc.org/api/DownloadFile/93510/MDREG022do,EG,EGY: Flood - 10-2025 - Egypt: Nile River Flood,2025-10-10 00:00:00+00:00,MDREG022_26614.pdf,2025.0,False,False,Other
MDREG022,4117,7659.0,33984,DREF Operation Update,Egypt - Flood (MDREG022),MDREG022OU2,2026-06-04T00:00:00Z,https://go-api.ifrc.org/api/DownloadFile/95049/MDREG022OU2,EG,EGY: Flood - 10-2025 - Egypt: Nile River Flood,2025-10-10 00:00:00+00:00,MDREG022_33984.pdf,2025.0,False,False,Other
MDREG022,4117,7659.0,33883,DREF Operation Update,Egypt - Flood (MDREG022),MDREG022OU,2026-04-28T00:00:00Z,https://go-api.ifrc.org/api/DownloadFile/94894/MDREG022OU,EG,EGY: Flood - 10-2025 - Egypt: Nile River Flood,2025-10-10 00:00:00+00:00,MDREG022_33883.pdf,2025.0,False,False,Other
MDRAO013,4118,7680.0,26615,DREF Operation,Angola - Ebola Readiness (MDRAO013),MDRAO013do,2025-10-20T00:00:00Z,https://go-api.ifrc.org/api/DownloadFile/93503/MDRAO013do,AO,Angola - Ebola Readiness,2025-10-10 00:00:00+00:00,MDRAO013_26615.pdf,2025.0,False,True,Other
MDRAO013,4118,7680.0,33942,DREF Operation Final Report,Angola - Ebola Readiness (MDRAO013),MDRAO013dfr,2026-05-19T00:00:00Z,https://go-api.ifrc.org/api/DownloadFile/93504/MDRAO013dfr,AO,Angola - Ebola Readiness,2025-10-10 00:00:00+00:00,MDRAO013_33942.pdf,2025.0,True,True,DREF (JSON)
MDRCO034,4153,7747.0,26555,DREF Operation,Colombia - Population Movement (MDRCO034),MDRCO034do,2026-01-09T00:00:00Z,https://go-api.ifrc.org/api/DownloadFile/94150/MDRCO034do,CO,COL: Population movement - 01-2026 - Situation in Venezuela ,2026-01-09 00:00:00+00:00,MDRCO034_26555.pdf,2026.0,False,False,Other
MDRTZ043,4154,7745.0,26554,DREF Operation,Tanzania - Flood (MDRTZ043),MDRTZ043do,2026-01-24T00:00:00Z,https://go-api.ifrc.org/api/DownloadFile/94205/MDRTZ043do,TZ,TZA: Flood - 12-2025 - Flood in Kilosa Morogoro region ,2026-01-15 00:00:00+00:00,MDRTZ043_26554.pdf,2026.0,False,False,Other
MDRMG026,4156,7795.0,26553,DREF Operation,Madagascar - Mpox Epidemic (MDRMG026),MDRMG026do,2026-01-27T00:00:00Z,https://go-api.ifrc.org/api/DownloadFile/94226/MDRMG026do,MG,Madagascar - Mpox Epidemic - 2026,2026-01-20 00:00:00+00:00,MDRMG026_26553.pdf,2026.0,False,False,Other
MDRMG026,4156,7795.0,34012,DREF Operation Update,Madagascar - Mpox Epidemic (MDRMG026),MDRMG026OU1,2026-06-23T00:00:00Z,https://go-api.ifrc.org/api/DownloadFile/95150/MDRMG026OU1,MG,Madagascar - Mpox Epidemic - 2026,2026-01-20 00:00:00+00:00,MDRMG026_34012.pdf,2026.0,False,False,Other
MDRMK011,4159,7761.0,26551,DREF Operation,North Macedonia– Floods (MDRMK011),DREF_North_Macedonia_Flood_2026,2026-02-19T00:00:00Z,https://go-api.ifrc.org/api/DownloadFile/94370/DREF_North_Macedonia_Flood_2026,MK,MKD: Flood - 01-2026 - Floods Kichevo/Ohrid ,2026-01-23 00:00:00+00:00,MDRMK011_26551.pdf,2026.0,False,False,Other
MDRMK011,4159,7761.0,33779,DREF Operation Update,North Macedonia– Floods (MDRMK011),DREF_North_Macedonia_Flood_2026_2026-03-04_09-29-56,2026-03-04T00:00:00Z,https://go-api.ifrc.org/api/DownloadFile/94430/DREF_North_Macedonia_Flood_2026_2026-03-04_09-29-56,MK,MKD: Flood - 01-2026 - Floods Kichevo/Ohrid ,2026-01-23 00:00:00+00:00,MDRMK011_33779.pdf,2026.0,False,False,Other
MDRMZ027,4161,7759.0,26546,Operational strategy,Mozambique - Floods (MDRMZ027),MDRMZ027 OS,2026-02-24T00:00:00Z,https://go-api.ifrc.org/api/DownloadFile/94244/MDRMZ027-OS,MZ,Mozambique : Floods - 01-2026,2026-01-26 00:00:00+00:00,MDRMZ027_26546.pdf,2026.0,False,False,Other
MDRMZ027,4161,7759.0,26545,Emergency Appeal,Mozambique - Floods (MDRMZ027),MDRMZ027ea,2026-01-30T00:00:00Z,https://go-api.ifrc.org/api/DownloadFile/94235/MDRMZ027ea,MZ,Mozambique : Floods - 01-2026,2026-01-26 00:00:00+00:00,MDRMZ027_26545.pdf,2026.0,False,False,Other
MDRMZ027,4161,7759.0,26544,DREF Operation,Mozambique - Floods (MDRMZ027),MDRMZ027do,2026-02-10T00:00:00Z,https://go-api.ifrc.org/api/DownloadFile/94293/MDRMZ027do,MZ,Mozambique : Floods - 01-2026,2026-01-26 00:00:00+00:00,MDRMZ027_26544.pdf,2026.0,False,False,Other
MDRMZ027,4161,7759.0,33925,Operations Update,Mozambique - Floods (MDRMZ027),MDRMZ027eu2,2026-05-08T00:00:00Z,https://go-api.ifrc.org/api/DownloadFile/94246/MDRMZ027eu2,MZ,Mozambique : Floods - 01-2026,2026-01-26 00:00:00+00:00,MDRMZ027_33925.pdf,2026.0,False,False,Other
MDRMZ027,4161,7759.0,33806,Operations Update,Mozambique - Floods (MDRMZ027),MDRMZ027eu1,2026-03-19T00:00:00Z,https://go-api.ifrc.org/api/DownloadFile/94245/MDRMZ027eu1,MZ,Mozambique : Floods - 01-2026,2026-01-26 00:00:00+00:00,MDRMZ027_33806.pdf,2026.0,False,False,Other
MDRIR018,4393,7826.0,26526,DREF Operation,Iran - Complex Emergency 2026 (MDRIR018),MDRIR018do,2026-03-01T00:00:00Z,https://go-api.ifrc.org/api/DownloadFile/94400/MDRIR018do,IR,IRN: Complex Emergency - 02-2026 - Iran Complex Emergency,2026-02-28 00:00:00+00:00,MDRIR018_26526.pdf,2026.0,False,False,Other
MDRIR018,4393,7826.0,33917,Operational strategy,Iran - Complex Emergency 2026 (MDRIR018),MDRIR018ROS,2026-05-04T00:00:00Z,https://go-api.ifrc.org/api/DownloadFile/94906/MDRIR018ROS,IR,IRN: Complex Emergency - 02-2026 - Iran Complex Emergency,2026-02-28 00:00:00+00:00,MDRIR018_33917.pdf,2026.0,False,False,Other
MDRIR018,4393,7826.0,33861,Emergency Appeal Revision,Iran - Complex Emergency 2026 (MDRIR018),MDRIR018REA,2026-04-11T00:00:00Z,https://go-api.ifrc.org/api/DownloadFile/94815/MDRIR018REA,IR,IRN: Complex Emergency - 02-2026 - Iran Complex Emergency,2026-02-28 00:00:00+00:00,MDRIR018_33861.pdf,2026.0,False,False,Other
MDRIR018,4393,7826.0,33815,Operational strategy,Iran - Complex Emergency 2026 (MDRIR018),MDRIR018OS,2026-03-21T00:00:00Z,https://go-api.ifrc.org/api/DownloadFile/94640/MDRIR018OS,IR,IRN: Complex Emergency - 02-2026 - Iran Complex Emergency,2026-02-28 00:00:00+00:00,MDRIR018_33815.pdf,2026.0,False,False,Other
MDRIR018,4393,7826.0,33789,Emergency Appeal,Iran - Complex Emergency 2026 (MDRIR018),MDRIR018EA,2026-03-08T00:00:00Z,https://go-api.ifrc.org/api/DownloadFile/94444/MDRIR018EA,IR,IRN: Complex Emergency - 02-2026 - Iran Complex Emergency,2026-02-28 00:00:00+00:00,MDRIR018_33789.pdf,2026.0,False,False,Other
MDRLB020,4381,7802.0,26529,DREF Operation,Lebanon -  Population Movement (MDRLB020),MDRLB020do,2026-02-17T00:00:00Z,https://go-api.ifrc.org/api/DownloadFile/94352/MDRLB020do,LB,LBN: Population Movement - 02-2026 - Tripoli Buildings Collapse,2026-02-16 00:00:00+00:00,MDRLB020_26529.pdf,2026.0,False,False,Other
MDRLB020,4381,7802.0,33981,DREF Operation Update,Lebanon -  Population Movement (MDRLB020),MDRLB020OU1,2026-06-03T00:00:00Z,https://go-api.ifrc.org/api/DownloadFile/95044/MDRLB020OU1,LB,LBN: Population Movement - 02-2026 - Tripoli Buildings Collapse,2026-02-16 00:00:00+00:00,MDRLB020_33981.pdf,2026.0,False,False,Other
MDRSY018,4382,7799.0,26531,DREF Operation,Syria - Floods (MDRSY018),MDRSY018do,2026-02-17T00:00:00Z,https://go-api.ifrc.org/api/DownloadFile/94351/MDRSY018do,SY,SYR: Flood - 02-2026 - Response to Heavy Rainfall and Floods in Northern and Western Syria ,2026-02-13 00:00:00+00:00,MDRSY018_26531.pdf,2026.0,False,False,Other
MDRSY018,4382,7799.0,33930,DREF Operation Update,Syria - Floods (MDRSY018),MDRSY018ou,2026-05-12T00:00:00Z,https://go-api.ifrc.org/api/DownloadFile/94937/MDRSY018ou,SY,SYR: Flood - 02-2026 - Response to Heavy Rainfall and Floods in Northern and Western Syria ,2026-02-13 00:00:00+00:00,MDRSY018_33930.pdf,2026.0,False,False,Other
MDRVE014,4406,7834.0,33814,DREF Operation,Venezuela Water Emergency (MDRVE014),MDRVE014-DO,2026-03-20T00:00:00Z,https://go-api.ifrc.org/api/DownloadFile/94639/MDRVE014-DO,VE,VEN: Others - 03-2026 - Water Emergency ,2026-03-13 00:00:00+00:00,MDRVE014_33814.pdf,2026.0,False,False,Other
MDRAF020,4403,7833.0,33798,DREF Operation,Afghanistan - Complex Emergency (MDRAF020),MDRAF020,2026-03-15T00:00:00Z,https://go-api.ifrc.org/api/DownloadFile/94524/MDRAF020,AF,"Afghanistan: Complex Emergency, 2026",2026-03-11 00:00:00+00:00,MDRAF020_33798.pdf,2026.0,False,False,Other
MDRKE070,4405,7822.0,33929,DREF Operation,Kenya - Floods 2026 (MDRKE070),MDRKE070do,2026-05-12T00:00:00Z,https://go-api.ifrc.org/api/DownloadFile/94935/MDRKE070do,KE,KEN: Flood - 02-2026 - Kenya Floods ,2026-03-13 00:00:00+00:00,MDRKE070_33929.pdf,2026.0,False,False,Other
MDRCD050,4429,7890.0,33941,DREF Operation Update,DRC  - Floods (MDRCD050),MDRCD050 du1,2026-05-19T00:00:00Z,https://go-api.ifrc.org/api/DownloadFile/94984/MDRCD050-du1,CD,COD: Flood - 04-2026 - Floods in the province of Tshopo in the Democratic Republic of Congo ,2026-04-20 00:00:00+00:00,MDRCD050_33941.pdf,2026.0,False,False,Other
MDRCD050,4429,7890.0,33882,DREF Operation,DRC Maniema Floods (MDRCD050),MDRCD050do,2026-04-17T00:00:00Z,https://go-api.ifrc.org/api/DownloadFile/94888/MDRCD050do,CD,COD: Flood - 04-2026 - Floods in the province of Tshopo in the Democratic Republic of Congo ,2026-04-20 00:00:00+00:00,MDRCD050_33882.pdf,2026.0,False,False,Other
MDRSB007,4430,7878.0,33880,DREF Operation,Solomon Islands Tropical Storm Maila (MDRSB007),MDRSB007do,2026-04-22T00:00:00Z,https://go-api.ifrc.org/api/DownloadFile/94874/MDRSB007do,VU,"Solomon Islands: Tropical Cyclone Maila, 2026",2026-04-21 00:00:00+00:00,MDRSB007_33880.pdf,2026.0,False,False,Other
MDRDJ006,3654,6125.0,33965,DREF/EAP Final Report,Djibouti - Floods (EAP2022DJ01) (MDRDJ006),sEAP MDRDJ006 Activation Report,2026-05-18T00:00:00Z,https://go-api.ifrc.org/api/DownloadFile/83525/sEAP-MDRDJ006-Activation-Report,DJ,DJI: Rain/Flash Flood - 2022-08 - Djibouti flood,2022-11-23 00:00:00+00:00,MDRDJ006_33965.pdf,2022.0,True,False,Emergency Appeal / Other
MDRTJ033,3660,6312.0,33995,DREF/EAP Update,Tajikistan - Cold Wave (EAP2022TJ02) (MDRTJ033),Tajikistan - Coldwave (MDRTJ033),2026-06-11T00:00:00Z,https://go-api.ifrc.org/api/DownloadFile/91180/Tajikistan---Coldwave-(MDRTJ033),TJ,Tajikistan - Cold Wave (EAP2022TJ02),2022-12-13 00:00:00+00:00,MDRTJ033_33995.pdf,2022.0,False,False,Other
MDRMR017,3892,6962.0,34029,Operations Update,Mauritania - Pop. Movement (MDRMR017),MDRMR017eu4,2026-06-30T00:00:00Z,https://go-api.ifrc.org/api/DownloadFile/95202/MDRMR017eu4,MR,MRT: Population displacement - 04-2024 - Mauritania: Population movement in the Hodh El Chargui region in 2024,2024-05-09 00:00:00+00:00,MDRMR017_34029.pdf,2024.0,False,False,Other
MDRMM021,3955,7145.0,33803,Final Report,Myanmar - Flood Typhoon Yagi (MDRMM021),MDRMM021efr,2026-03-18T00:00:00Z,https://go-api.ifrc.org/api/DownloadFile/88943/MDRMM021efr,MM,Myanmar: Typhoon YAGI - September 2024,2024-09-17 00:00:00+00:00,MDRMM021_33803.pdf,2024.0,True,False,Emergency Appeal / Other
MDRDZ012,3974,7167.0,33914,DREF Operation Final Report,Algeria - Epidemic Malaria and Diphtheria (MDRDZ012),MDRDZ012fr,2026-04-20T00:00:00Z,https://go-api.ifrc.org/api/DownloadFile/89685/MDRDZ012fr,DZ,DZA: Epidemic - 09-2024 - South Algeria Malaria and Diphtheria 2024,2024-10-28 00:00:00+00:00,MDRDZ012_33914.pdf,2024.0,True,False,DREF (Missing from JSON)
MDRCO027,3982,7984.0,33991,DREF/EAP Activation,Colombia - Drought sEAP (MDRCO027),MDRCO027-EAP-ACT,2026-06-09T00:00:00Z,https://go-api.ifrc.org/api/DownloadFile/95086/MDRCO027-EAP-ACT,CO,COL: Drought sEAP,2024-11-19 00:00:00+00:00,MDRCO027_33991.pdf,2024.0,False,False,Other
MDRCO027,3982,7984.0,33878,DREF/EAP Update,Colombia - Drought sEAP (MDRCO027),MDRCO027_Annual Report_Year 1,2026-04-21T00:00:00Z,https://go-api.ifrc.org/api/DownloadFile/90525/MDRCO027_Annual-Report_Year-1,CO,COL: Drought sEAP,2024-11-19 00:00:00+00:00,MDRCO027_33878.pdf,2024.0,False,False,Other
MDRCU011,3986,7194.0,33913,DREF Operation Final Report,Cuba - Cyclone Hurricane Rafael (MDRCU011),MDRCU011fr,2026-04-28T00:00:00Z,https://go-api.ifrc.org/api/DownloadFile/89460/MDRCU011fr,CU,CUB: Cyclone - 10-2024 - Hurricane Oscar,2024-10-28 00:00:00+00:00,MDRCU011_33913.pdf,2024.0,True,False,DREF (Missing from JSON)
MDRTL001,4015,7601.0,33937,DREF/EAP Activation,Timor Leste - Flood sEAP (MDRTL001),MDRTL001seapa,2026-05-14T00:00:00Z,https://go-api.ifrc.org/api/DownloadFile/94946/MDRTL001seapa,TL,"Timor Leste: Flood sEAP, 2025",2025-02-18 00:00:00+00:00,MDRTL001_33937.pdf,2025.0,False,False,Other
MDRTL001,4015,7601.0,33840,DREF/EAP Update,Timor Leste - Flood sEAP (MDRTL001),MDRTL001eapar2025,2026-03-31T00:00:00Z,https://go-api.ifrc.org/api/DownloadFile/90490/MDRTL001eapar2025,TL,"Timor Leste: Flood sEAP, 2025",2025-02-18 00:00:00+00:00,MDRTL001_33840.pdf,2025.0,False,False,Other
MDRCM040,4017,7459.0,33832,DREF/EAP Update,Cameroon - Cholera EAP (MDRCM040),MDRCM040EAP,2026-03-31T00:00:00Z,https://go-api.ifrc.org/api/DownloadFile/90571/MDRCM040EAP,CM,CMR: Cholera EAP,2025-03-04 00:00:00+00:00,MDRCM040_33832.pdf,2025.0,False,False,Other
MDRCO029,4018,7424.0,33825,DREF Operation Final Report,Colombia - Population Movement (MDRCO029),MDRCO029-FR,2026-03-26T00:00:00Z,https://go-api.ifrc.org/api/DownloadFile/90592/MDRCO029-FR,CO,"COL: Population Movement - 01-2025 - Afectaciones humanitarias por conflicto armado interno en los departamentos de Norte de Santander, Chocó y Cauca",2025-03-06 00:00:00+00:00,MDRCO029_33825.pdf,2025.0,True,True,DREF (JSON)
MDREC027,4022,7431.0,33934,Operations Update,Ecuador - Floods (MDREC027),MDREC027OU5,2026-05-13T00:00:00Z,https://go-api.ifrc.org/api/DownloadFile/94902/MDREC027OU5,EC,ECU: 2025 Floods and environmental pollution,2025-03-10 00:00:00+00:00,MDREC027_33934.pdf,2025.0,False,False,Other
MDREC027,4022,7431.0,33830,Operations Update,Ecuador - Floods (MDREC027),MDREC027ou4_6m-extension,2026-03-30T00:00:00Z,https://go-api.ifrc.org/api/DownloadFile/94727/MDREC027ou4_6m-extension,EC,ECU: 2025 Floods and environmental pollution,2025-03-10 00:00:00+00:00,MDREC027_33830.pdf,2025.0,False,False,Other
MDRAR023,4029,7436.0,33990,DREF Operation Final Report,Argentina - Flood (MDRAR023),MDRAR023-FR,2026-06-08T00:00:00Z,https://go-api.ifrc.org/api/DownloadFile/90680/MDRAR023-FR,AR,ARG: Flood - 03-2025 - Bahia Blanca ,2025-03-15 00:00:00+00:00,MDRAR023_33990.pdf,2025.0,True,False,DREF (Missing from JSON)
MDRDZ013,4061,7500.0,34037,DREF Operation Final Report,Algeria - Flood (MDRDZ013),MDRDZ013fr,2026-07-03T00:00:00Z,https://go-api.ifrc.org/api/DownloadFile/92308/MDRDZ013fr,DZ,DZA: Flood - 05-2025 - Algeria ,2025-05-27 00:00:00+00:00,MDRDZ013_34037.pdf,2025.0,True,False,DREF (Missing from JSON)
MDRLK022,4062,7600.0,33983,DREF/EAP Activation,Sri Lanka - Dengue sEAP (MDRLK022),MDRLK022seapa,2026-06-04T00:00:00Z,https://go-api.ifrc.org/api/DownloadFile/95047/MDRLK022seapa,LK,"Sri Lanka: Dengue sEAP, 2025",2025-06-03 00:00:00+00:00,MDRLK022_33983.pdf,2025.0,False,False,Other
MDRGW006,4067,7533.0,33873,DREF Operation Final Report,Guinea Bissau - Windstorm (MDRGW006),MDRGW006dfr,2026-04-20T00:00:00Z,https://go-api.ifrc.org/api/DownloadFile/91459/MDRGW006dfr,GW,GNB: Other - 06-2025 - Gabu Windstorm 2025 ,2025-06-20 00:00:00+00:00,MDRGW006_33873.pdf,2025.0,True,True,DREF (JSON)
MDRPA021,4071,7526.0,33885,DREF Operation Final Report,Panama - Biological River Pollution (MDRPA021),MDRPA021fr,2026-04-28T00:00:00Z,https://go-api.ifrc.org/api/DownloadFile/93922/MDRPA021fr,PA,PAN: Biological Emergency - 06-2025 - Drinking Water Crisis in the Provinces of Herrera and Los Santos ,2025-06-24 00:00:00+00:00,MDRPA021_33885.pdf,2025.0,True,False,DREF (Missing from JSON)
MDRPK028,4099,7550.0,26664,Operations Update,Pakistan - Flood (MDRPK028),MDRPK028.OU1,2025-10-10T00:00:00Z,https://go-api.ifrc.org/api/DownloadFile/92443/MDRPK028.OU1,PK,"Pakistan: Monsoon Flood, 2025",2025-08-21 00:00:00+00:00,MDRPK028_26664.pdf,2025.0,False,False,Other
MDRPK028,4099,7550.0,26663,DREF Operation,Pakistan - Flood (MDRPK028),MDRPK028do,2025-08-25T00:00:00Z,https://go-api.ifrc.org/api/DownloadFile/92217/MDRPK028do,PK,"Pakistan: Monsoon Flood, 2025",2025-08-21 00:00:00+00:00,MDRPK028_26663.pdf,2025.0,False,False,Other
MDRPK028,4099,7550.0,26662,Operations Update,Pakistan - Flood (MDRPK028),MDRPK028OU2,2025-11-30T00:00:00Z,https://go-api.ifrc.org/api/DownloadFile/92444/MDRPK028OU2,PK,"Pakistan: Monsoon Flood, 2025",2025-08-21 00:00:00+00:00,MDRPK028_26662.pdf,2025.0,False,False,Other
MDRPK028,4099,7550.0,26661,Operational strategy,Pakistan - Flood (MDRPK028),MDRPK028OS,2025-09-10T00:00:00Z,https://go-api.ifrc.org/api/DownloadFile/92354/MDRPK028OS,PK,"Pakistan: Monsoon Flood, 2025",2025-08-21 00:00:00+00:00,MDRPK028_26661.pdf,2025.0,False,False,Other
MDRPK028,4099,7550.0,26660,Operations Update,Pakistan - Flood (MDRPK028),MDRPK028OU3,2026-01-14T00:00:00Z,https://go-api.ifrc.org/api/DownloadFile/92445/MDRPK028OU3,PK,"Pakistan: Monsoon Flood, 2025",2025-08-21 00:00:00+00:00,MDRPK028_26660.pdf,2025.0,False,False,Other
MDRPK028,4099,7550.0,26659,Emergency Appeal,Pakistan - Flood (MDRPK028),MDRPK028EA,2025-08-30T00:00:00Z,https://go-api.ifrc.org/api/DownloadFile/92265/MDRPK028EA,PK,"Pakistan: Monsoon Flood, 2025",2025-08-21 00:00:00+00:00,MDRPK028_26659.pdf,2025.0,False,False,Other
MDRPK028,4099,7550.0,33979,DREF Operation Final Report,Pakistan - Flood (MDRPK028),MDRPK028dfr,2026-05-31T00:00:00Z,https://go-api.ifrc.org/api/DownloadFile/92220/MDRPK028dfr,PK,"Pakistan: Monsoon Flood, 2025",2025-08-21 00:00:00+00:00,MDRPK028_33979.pdf,2025.0,True,False,DREF (Missing from JSON)
MDRPK028,4099,7550.0,33975,DREF Operation Final Report,Pakistan - Flood (MDRPK028),MDRPK028_Final Narrative Report,2026-05-31T00:00:00Z,https://go-api.ifrc.org/api/DownloadFile/92220/MDRPK028_Final-Narrative-Report,PK,"Pakistan: Monsoon Flood, 2025",2025-08-21 00:00:00+00:00,MDRPK028_33975.pdf,2025.0,True,False,DREF (Missing from JSON)
MDRPK028,4099,7550.0,33886,6 month update,Pakistan - Flood (MDRPK028),MDRPK028OU4,2026-04-29T00:00:00Z,https://go-api.ifrc.org/api/DownloadFile/92446/MDRPK028OU4,PK,"Pakistan: Monsoon Flood, 2025",2025-08-21 00:00:00+00:00,MDRPK028_33886.pdf,2025.0,False,False,Other
MDRBO019,4100,7616.0,26656,DREF Operation,Bolivia - Wildfires (MDRBO019),MDRBO19-DREF,2025-09-12T00:00:00Z,https://go-api.ifrc.org/api/DownloadFile/92373/MDRBO19-DREF,BO,BULL: Fire - 08-2025 - Fires Bolivia 2025 ,2025-09-02 00:00:00+00:00,MDRBO019_26656.pdf,2025.0,False,False,Other
MDRBO019,4100,7616.0,34038,DREF Operation Final Report,Bolivia - Wildfires (MDRBO019),MDRBO019fr,2026-07-03T00:00:00Z,https://go-api.ifrc.org/api/DownloadFile/93917/MDRBO019fr,BO,BULL: Fire - 08-2025 - Fires Bolivia 2025 ,2025-09-02 00:00:00+00:00,MDRBO019_34038.pdf,2025.0,True,False,DREF (Missing from JSON)
MDRBO019,4100,7616.0,33819,DREF Operation Update,Bolivia - Wildfires (MDRBO019),MDRBO019-OU1,2026-03-24T00:00:00Z,https://go-api.ifrc.org/api/DownloadFile/94689/MDRBO019-OU1,BO,BULL: Fire - 08-2025 - Fires Bolivia 2025 ,2025-09-02 00:00:00+00:00,MDRBO019_33819.pdf,2025.0,False,False,Other
MDRAF019,4101,7628.0,26655,DREF Operation,Afghanistan - Earthquake (MDRAF019),MDRAF019do1,2025-11-14T00:00:00Z,https://go-api.ifrc.org/api/DownloadFile/93685/MDRAF019do1,AF,"Afghanistan : Southeastern and Northern Earthquake, 2025",2025-09-03 00:00:00+00:00,MDRAF019_26655.pdf,2025.0,False,False,Other
MDRAF019,4101,7628.0,26654,Operations Update,Afghanistan - Earthquake (MDRAF019),MDRAF019.OU1,2025-10-10T00:00:00Z,https://go-api.ifrc.org/api/DownloadFile/92399/MDRAF019.OU1,AF,"Afghanistan : Southeastern and Northern Earthquake, 2025",2025-09-03 00:00:00+00:00,MDRAF019_26654.pdf,2025.0,False,False,Other
MDRAF019,4101,7628.0,26653,Operational strategy,Afghanistan - Earthquake (MDRAF019),MDRAF019OS,2025-09-19T00:00:00Z,https://go-api.ifrc.org/api/DownloadFile/92425/MDRAF019OS,AF,"Afghanistan : Southeastern and Northern Earthquake, 2025",2025-09-03 00:00:00+00:00,MDRAF019_26653.pdf,2025.0,False,False,Other
MDRAF019,4101,7628.0,26652,Operations Update,Afghanistan - Earthquake (MDRAF019),MDRAF019.OU2,2025-11-27T00:00:00Z,https://go-api.ifrc.org/api/DownloadFile/92400/MDRAF019.OU2,AF,"Afghanistan : Southeastern and Northern Earthquake, 2025",2025-09-03 00:00:00+00:00,MDRAF019_26652.pdf,2025.0,False,False,Other
MDRAF019,4101,7628.0,26651,Operational strategy,Afghanistan - Earthquake (MDRAF019),MDRAF019_revOS,2025-12-12T00:00:00Z,https://go-api.ifrc.org/api/DownloadFile/93959/MDRAF019_revOS,AF,"Afghanistan : Southeastern and Northern Earthquake, 2025",2025-09-03 00:00:00+00:00,MDRAF019_26651.pdf,2025.0,False,False,Other
MDRAF019,4101,7628.0,26650,Operations Update,Afghanistan - Earthquake (MDRAF019),MDRAF019.OU3,2026-01-13T00:00:00Z,https://go-api.ifrc.org/api/DownloadFile/92401/MDRAF019.OU3,AF,"Afghanistan : Southeastern and Northern Earthquake, 2025",2025-09-03 00:00:00+00:00,MDRAF019_26650.pdf,2025.0,False,False,Other
MDRAF019,4101,7628.0,26649,DREF Operation,Afghanistan - Earthquake (MDRAF019),MDRAF019do,2025-09-09T00:00:00Z,https://go-api.ifrc.org/api/DownloadFile/92344/MDRAF019do,AF,"Afghanistan : Southeastern and Northern Earthquake, 2025",2025-09-03 00:00:00+00:00,MDRAF019_26649.pdf,2025.0,False,False,Other
MDRAF019,4101,7628.0,26648,Emergency Appeal,Afghanistan - Earthquake (MDRAF019),MDRAF019EA,2025-09-03T00:00:00Z,https://go-api.ifrc.org/api/DownloadFile/92311/MDRAF019EA,AF,"Afghanistan : Southeastern and Northern Earthquake, 2025",2025-09-03 00:00:00+00:00,MDRAF019_26648.pdf,2025.0,False,False,Other
MDRAF019,4101,7628.0,26647,Emergency Appeal Revision,Afghanistan - Earthquake (MDRAF019),MDRAF019REA,2025-11-08T00:00:00Z,https://go-api.ifrc.org/api/DownloadFile/93642/MDRAF019REA,AF,"Afghanistan : Southeastern and Northern Earthquake, 2025",2025-09-03 00:00:00+00:00,MDRAF019_26647.pdf,2025.0,False,False,Other
MDRAF019,4101,7628.0,33936,DREF Operation Update,Afghanistan - Earthquake (MDRAF019),MDRAF019.dOU,2026-05-14T00:00:00Z,https://go-api.ifrc.org/api/DownloadFile/93560/MDRAF019.dOU,AF,"Afghanistan : Southeastern and Northern Earthquake, 2025",2025-09-03 00:00:00+00:00,MDRAF019_33936.pdf,2025.0,False,False,Other
MDRAF019,4101,7628.0,33935,6 month update,Afghanistan - Earthquake (MDRAF019),MDRAF019.OU4,2026-05-14T00:00:00Z,https://go-api.ifrc.org/api/DownloadFile/92402/MDRAF019.OU4,AF,"Afghanistan : Southeastern and Northern Earthquake, 2025",2025-09-03 00:00:00+00:00,MDRAF019_33935.pdf,2025.0,False,False,Other
MDRSL019,4106,7629.0,26639,DREF Operation,Sierra Leone - Floods (MDRSL019),MDRSL019do,2025-09-22T00:00:00Z,https://go-api.ifrc.org/api/DownloadFile/92455/MDRSL019do,SL,SLE: Flood - 09-2025 - 2025 Multiple Floods ,2025-09-13 00:00:00+00:00,MDRSL019_26639.pdf,2025.0,False,False,Other
MDRPK029,4107,7650.0,26638,DREF/EAP Summary,Pakistan - Riverine Floods EAP (MDRPK029),EAP2025PK02_MDRPK029,2025-09-18T00:00:00Z,https://go-api.ifrc.org/api/DownloadFile/92410/EAP2025PK02_MDRPK029,PK,"Pakistan: Riverine Floods EAP, 2025",2025-09-15 00:00:00+00:00,MDRPK029_26638.pdf,2025.0,False,False,Other
MDRPK029,4107,7650.0,33782,DREF/EAP Update,Pakistan - Riverine Floods EAP (MDRPK029),MDRPK029eapar2025,2026-03-05T00:00:00Z,https://go-api.ifrc.org/api/DownloadFile/92411/MDRPK029eapar2025,PK,"Pakistan: Riverine Floods EAP, 2025",2025-09-15 00:00:00+00:00,MDRPK029_33782.pdf,2025.0,False,False,Other
MDRGM017,4152,7743.0,26556,DREF Operation,Gambia - Population Movement (MDRGM017),MDRGM017do,2026-01-20T00:00:00Z,https://go-api.ifrc.org/api/DownloadFile/94184/MDRGM017do,GM,GMB: Population Movement - 01-2026 - Boat Accident (capsized migrant boat off the Gambian coast- Jinack) ,2026-01-08 00:00:00+00:00,MDRGM017_26556.pdf,2026.0,False,False,Other
MDRAR025,4163,7768.0,26548,DREF Operation,Argentina -Landslide (MDRAR025),MDRAR025do,2026-02-04T00:00:00Z,https://go-api.ifrc.org/api/DownloadFile/94271/MDRAR025do,AR,ARG: Landslide - 01-2026 - Cerro Hermitte Landslide ,2026-01-26 00:00:00+00:00,MDRAR025_26548.pdf,2026.0,False,False,Other
MDRAR025,4163,7768.0,33950,DREF Operation Update,Argentina -Landslide (MDRAR025),MDRAR025-OU1,2026-05-22T00:00:00Z,https://go-api.ifrc.org/api/DownloadFile/95019/MDRAR025-OU1,AR,ARG: Landslide - 01-2026 - Cerro Hermitte Landslide ,2026-01-26 00:00:00+00:00,MDRAR025_33950.pdf,2026.0,False,False,Other
MDRVN026,4135,7707.0,26582,DREF Operation,Viet Nam - Flood (MDRVN026),MDRVN026do,2025-12-02T00:00:00Z,https://go-api.ifrc.org/api/DownloadFile/93838/MDRVN026do,VN,"Viet Nam - Flood, 2025",2025-11-29 00:00:00+00:00,MDRVN026_26582.pdf,2025.0,False,False,Other
MDRVN026,4135,7707.0,34027,DREF Operation Update,Viet Nam - Flood (MDRVN026),MDRVN026dOU1,2026-06-30T00:00:00Z,https://go-api.ifrc.org/api/DownloadFile/93840/MDRVN026dOU1,VN,"Viet Nam - Flood, 2025",2025-11-29 00:00:00+00:00,MDRVN026_34027.pdf,2025.0,False,False,Other
MDRNP020,4136,7726.0,26574,DREF/EAP Summary,Nepal - Heatwave sEAP (MDRNP020),sEAP2025NP02_MDRNP020,2025-12-05T00:00:00Z,https://go-api.ifrc.org/api/DownloadFile/93851/sEAP2025NP02_MDRNP020,NP,"Nepal: Heatwave, 2025",2025-12-03 00:00:00+00:00,MDRNP020_26574.pdf,2025.0,False,False,Other
MDRBI025,4145,7722.0,26565,DREF Operation,Burundi - Population Movement (MDRBI025),MDRBI025do,2025-12-30T00:00:00Z,https://go-api.ifrc.org/api/DownloadFile/94093/MDRBI025do,BI,BDI: Population Movement - 12-2025 - BDI: Population Movement-12-2025,2025-12-15 00:00:00+00:00,MDRBI025_26565.pdf,2025.0,False,False,Other
MDRIQ019,4146,7725.0,26564,DREF Operation,Iraq - Floods (MDRIQ019),MDRIQ019do,2025-12-20T00:00:00Z,https://go-api.ifrc.org/api/DownloadFile/94044/MDRIQ019do,IQ,IRQ: Flood - 12-2025 - UPDATE FLASH FLOOD ,2025-12-18 00:00:00+00:00,MDRIQ019_26564.pdf,2025.0,False,False,Other
MDRGA015,4147,7732.0,26563,DREF Operation,Gabon - Windstorms (MDRGA015),MDRGA015do,2025-12-30T00:00:00Z,https://go-api.ifrc.org/api/DownloadFile/94095/MDRGA015do,GA,GAB: Storm Surge - 12-2025 - Gabon vents violents ,2025-12-22 00:00:00+00:00,MDRGA015_26563.pdf,2025.0,False,False,Other
MDRGA015,4147,7732.0,26562,DREF Operation Update,Gabon - Windstorms (MDRGA015),MDRGA015du1,2026-02-11T00:00:00Z,https://go-api.ifrc.org/api/DownloadFile/94301/MDRGA015du1,GA,GAB: Storm Surge - 12-2025 - Gabon vents violents ,2025-12-22 00:00:00+00:00,MDRGA015_26562.pdf,2025.0,False,False,Other
MDRGA015,4147,7732.0,33822,DREF Operation Update,Gabon - Windstorms (MDRGA015),MDRGA015du2,2026-03-26T00:00:00Z,https://go-api.ifrc.org/api/DownloadFile/94710/MDRGA015du2,GA,GAB: Storm Surge - 12-2025 - Gabon vents violents ,2025-12-22 00:00:00+00:00,MDRGA015_33822.pdf,2025.0,False,False,Other
MDRIR017,4150,7739.0,26561,DREF Operation,Iran - Floods (MDRIR017),MDRIR017do,2025-12-29T00:00:00Z,https://go-api.ifrc.org/api/DownloadFile/94088/MDRIR017do,IR,IRN: Pluvial/Flash Flood - 12-2025 - Nationwide Flooding in Iran ,2025-12-23 00:00:00+00:00,MDRIR017_26561.pdf,2025.0,False,False,Other
MDRIR017,4150,7739.0,34004,DREF Operation Update,Iran - Floods (MDRIR017),MDRIR017OU1,2026-06-18T00:00:00Z,https://go-api.ifrc.org/api/DownloadFile/95121/MDRIR017OU1,IR,IRN: Pluvial/Flash Flood - 12-2025 - Nationwide Flooding in Iran ,2025-12-23 00:00:00+00:00,MDRIR017_34004.pdf,2025.0,False,False,Other
MDRMA011,4148,7730.0,26559,DREF Operation,Morocco - Flood (MDRMA011),MDRMA011DO,2025-12-26T00:00:00Z,https://go-api.ifrc.org/api/DownloadFile/94085/MDRMA011DO,MA,"MAR: Pluvial/Flash Flood - 12-2025 - Inondations – Safi, Maroc ",2025-12-24 00:00:00+00:00,MDRMA011_26559.pdf,2025.0,False,False,Other
MDRMA011,4148,7730.0,26558,DREF Operation Update,Morocco - Flood (MDRMA011),MDRMA011OU1,2026-02-17T00:00:00Z,https://go-api.ifrc.org/api/DownloadFile/94350/MDRMA011OU1,MA,"MAR: Pluvial/Flash Flood - 12-2025 - Inondations – Safi, Maroc ",2025-12-24 00:00:00+00:00,MDRMA011_26558.pdf,2025.0,False,False,Other
MDRMW025,4377,7742.0,26537,DREF Operation,Malawi - Floods (MDRMW025),MDRMW025do,2026-02-13T00:00:00Z,https://go-api.ifrc.org/api/DownloadFile/94315/MDRMW025do,MW,MWI: Flood - 12-2025 - Malawi Floods ,2026-02-06 00:00:00+00:00,MDRMW025_26537.pdf,2026.0,False,False,Other
MDRMW025,4377,7742.0,33865,DREF Operation Update,Malawi - Floods (MDRMW025),MDRMW025du1,2026-04-16T00:00:00Z,https://go-api.ifrc.org/api/DownloadFile/94846/MDRMW025du1,MW,MWI: Flood - 12-2025 - Malawi Floods ,2026-02-06 00:00:00+00:00,MDRMW025_33865.pdf,2026.0,False,False,Other
MDRRW025,4380,7789.0,26532,DREF Operation,Rwanda - Flash Flood (MDRRW025),MDRRW025do,2026-02-13T00:00:00Z,https://go-api.ifrc.org/api/DownloadFile/94331/MDRRW025do,RW,RWA: Pluvial/Flash Flood - 01-2026 - RWA: Pluvial/Flash Flood - 01-2026 ,2026-02-12 00:00:00+00:00,MDRRW025_26532.pdf,2026.0,False,False,Other
MDRCK003,4384,7801.0,26528,DREF Operation,Cook Islands - Dengue Outbreak (MDRCK003),MDRCK003do,2026-02-23T00:00:00Z,https://go-api.ifrc.org/api/DownloadFile/94381/MDRCK003do,CK,"Cook Islands: Dengue Outbreak, 2026",2026-02-17 00:00:00+00:00,MDRCK003_26528.pdf,2026.0,False,False,Other
MDRCK003,4384,7801.0,34010,DREF Operation Update,Cook Islands - Dengue Outbreak (MDRCK003),MDRCK003OU1,2026-06-18T00:00:00Z,https://go-api.ifrc.org/api/DownloadFile/95120/MDRCK003OU1,CK,"Cook Islands: Dengue Outbreak, 2026",2026-02-17 00:00:00+00:00,MDRCK003_34010.pdf,2026.0,False,False,Other
MDRMN021,4388,7818.0,33778,DREF Operation,Mongolia - Snowstorm 2026 (MDRMN021),MDRMN021do,2026-03-04T00:00:00Z,https://go-api.ifrc.org/api/DownloadFile/94427/MDRMN021do,MN,"Mongolia: Snowstorm, 2026",2026-02-27 00:00:00+00:00,MDRMN021_33778.pdf,2026.0,False,False,Other
MDRDJ007,4063,7497.0,34015,DREF Operation Final Report,Djibouti - Population Movement (MDRDJ007),MDRDJ007dfr,2026-06-25T00:00:00Z,https://go-api.ifrc.org/api/DownloadFile/91360/MDRDJ007dfr,DJ,DJI: Population Movement - 10-2025 - Return of individuals in an irregular situation ,2025-06-04 00:00:00+00:00,MDRDJ007_34015.pdf,2025.0,True,False,DREF (Missing from JSON)
MDRET041,4415,7841.0,33841,DREF Operation,Ethiopia - Landslide (MDRET041),MDRET041do,2026-04-02T00:00:00Z,https://go-api.ifrc.org/api/DownloadFile/94740/MDRET041do,ET,"ETH: Landslide - 03-2026 - Gamo, South Ethiopia region",2026-03-25 00:00:00+00:00,MDRET041_33841.pdf,2026.0,False,False,Other
MDRPK024,3747,6559.0,33876,DREF/EAP Final Report,Pakistan - Riverine Flood EAP (MDRPK024),DREF Operation_MDRPK024,2026-01-30T00:00:00Z,https://go-api.ifrc.org/api/DownloadFile/87134/DREF-Operation_MDRPK024,PK,Flood - Monsoon Rains in Pakistan,2023-07-24 00:00:00+00:00,MDRPK024_33876.pdf,2023.0,True,False,Emergency Appeal / Other
MDRCD043,3850,6886.0,33820,Operations Update,DR Congo - Population Movement (MDRCD043),MDRCD043 OU#6,2026-03-24T00:00:00Z,https://go-api.ifrc.org/api/DownloadFile/94688/MDRCD043-OU_6,CD,DRC : Population Movement - 2024,2024-02-21 00:00:00+00:00,MDRCD043_33820.pdf,2024.0,False,False,Other
MDRCV005,4098,7621.0,26669,Operations Update,Cape Verde - Flood (MDRCV005),MDRCV005ou2,2025-11-04T00:00:00Z,https://go-api.ifrc.org/api/DownloadFile/92381/MDRCV005ou2,CV,Cape Verde - Floods 2025,2025-08-20 00:00:00+00:00,MDRCV005_26669.pdf,2025.0,False,False,Other
MDRCV005,4098,7621.0,26668,Operations Update,Cape Verde - Flood (MDRCV005),MDRCV005ou1,2025-10-23T00:00:00Z,https://go-api.ifrc.org/api/DownloadFile/92380/MDRCV005ou1,CV,Cape Verde - Floods 2025,2025-08-20 00:00:00+00:00,MDRCV005_26668.pdf,2025.0,False,False,Other
MDRCV005,4098,7621.0,26667,DREF Operation,Cape Verde - Flood (MDRCV005),MDRCV005do,2025-08-28T00:00:00Z,https://go-api.ifrc.org/api/DownloadFile/92258/MDRCV005do,CV,Cape Verde - Floods 2025,2025-08-20 00:00:00+00:00,MDRCV005_26667.pdf,2025.0,False,False,Other
MDRCV005,4098,7621.0,26666,Emergency Appeal,Cape Verde - Flood (MDRCV005),MDRCV005ea,2025-08-27T00:00:00Z,https://go-api.ifrc.org/api/DownloadFile/92240/MDRCV005ea,CV,Cape Verde - Floods 2025,2025-08-20 00:00:00+00:00,MDRCV005_26666.pdf,2025.0,False,False,Other
MDRCV005,4098,7621.0,26665,Operational strategy,Cape Verde - Flood (MDRCV005),MDRCV005OS,2025-09-15T00:00:00Z,https://go-api.ifrc.org/api/DownloadFile/92241/MDRCV005OS,CV,Cape Verde - Floods 2025,2025-08-20 00:00:00+00:00,MDRCV005_26665.pdf,2025.0,False,False,Other
MDRLK023,4139,7713.0,26581,Emergency Appeal,Sri Lanka - Tropical Cyclone (MDRLK023),MDRLK023EA,2025-12-02T00:00:00Z,https://go-api.ifrc.org/api/DownloadFile/93850/MDRLK023EA,LK,"Sri Lanka - Tropical Cyclone Ditwah, 2025",2025-12-02 00:00:00+00:00,MDRLK023_26581.pdf,2025.0,False,False,Other
MDRLK023,4139,7713.0,26580,DREF Operation,Sri Lanka - Tropical Cyclone (MDRLK023),MDRLK023do,2025-12-08T00:00:00Z,https://go-api.ifrc.org/api/DownloadFile/93876/MDRLK023do,LK,"Sri Lanka - Tropical Cyclone Ditwah, 2025",2025-12-02 00:00:00+00:00,MDRLK023_26580.pdf,2025.0,False,False,Other
MDRLK023,4139,7713.0,26579,Operational strategy,Sri Lanka - Tropical Cyclone (MDRLK023),MDRLK023ROS,2026-01-05T00:00:00Z,https://go-api.ifrc.org/api/DownloadFile/94106/MDRLK023ROS,LK,"Sri Lanka - Tropical Cyclone Ditwah, 2025",2025-12-02 00:00:00+00:00,MDRLK023_26579.pdf,2025.0,False,False,Other
MDRLK023,4139,7713.0,26578,Operational strategy,Sri Lanka - Tropical Cyclone (MDRLK023),MDRLK023OS,2025-12-16T00:00:00Z,https://go-api.ifrc.org/api/DownloadFile/94009/MDRLK023OS,LK,"Sri Lanka - Tropical Cyclone Ditwah, 2025",2025-12-02 00:00:00+00:00,MDRLK023_26578.pdf,2025.0,False,False,Other
MDRLK023,4139,7713.0,26577,Operations Update,Sri Lanka - Tropical Cyclone (MDRLK023),MDRLK023 OU1,2026-01-16T00:00:00Z,https://go-api.ifrc.org/api/DownloadFile/93939/MDRLK023-OU1,LK,"Sri Lanka - Tropical Cyclone Ditwah, 2025",2025-12-02 00:00:00+00:00,MDRLK023_26577.pdf,2025.0,False,False,Other
MDRLK023,4139,7713.0,26576,Operations Update,Sri Lanka - Tropical Cyclone (MDRLK023),MDRLK023OU2,2026-02-13T00:00:00Z,https://go-api.ifrc.org/api/DownloadFile/93940/MDRLK023OU2,LK,"Sri Lanka - Tropical Cyclone Ditwah, 2025",2025-12-02 00:00:00+00:00,MDRLK023_26576.pdf,2025.0,False,False,Other
MDRLK023,4139,7713.0,26575,Emergency Appeal Revision,Sri Lanka - Tropical Cyclone (MDRLK023),MDRLK023REA,2026-01-05T00:00:00Z,https://go-api.ifrc.org/api/DownloadFile/94100/MDRLK023REA,LK,"Sri Lanka - Tropical Cyclone Ditwah, 2025",2025-12-02 00:00:00+00:00,MDRLK023_26575.pdf,2025.0,False,False,Other
MDRLK023,4139,7713.0,34024,6 month update,Sri Lanka - Tropical Cyclone (MDRLK023),MDRLK023OU3,2026-06-30T00:00:00Z,https://go-api.ifrc.org/api/DownloadFile/93941/MDRLK023OU3,LK,"Sri Lanka - Tropical Cyclone Ditwah, 2025",2025-12-02 00:00:00+00:00,MDRLK023_34024.pdf,2025.0,False,False,Other
MDRZM026,4349,7744.0,26540,DREF Operation,Zambia - Floods (MDRZM026),MDRZM026do,2026-02-14T00:00:00Z,https://go-api.ifrc.org/api/DownloadFile/94333/MDRZM026do,ZM,ZMB: Flood - 12-2025 - Floods displace over 377 families in Lunda and Lumezi Districts of Eastern province in Zambia ,2026-01-30 00:00:00+00:00,MDRZM026_26540.pdf,2026.0,False,False,Other
MDRZM026,4349,7744.0,33923,DREF Operation Update,Zambia - Floods (MDRZM026),MDRZM026du1,2026-05-07T00:00:00Z,https://go-api.ifrc.org/api/DownloadFile/94925/MDRZM026du1,ZM,ZMB: Flood - 12-2025 - Floods displace over 377 families in Lunda and Lumezi Districts of Eastern province in Zambia ,2026-01-30 00:00:00+00:00,MDRZM026_33923.pdf,2026.0,False,False,Other
MDRZW027,4375,7760.0,26539,DREF Operation,Zimbabwe- Floods (MDRZW027),MDRZW027do,2026-02-13T00:00:00Z,https://go-api.ifrc.org/api/DownloadFile/94329/MDRZW027do,ZW,ZWE: Flood - 02-2026 - Zimbabwe Floods Preparedness and Response Project ,2026-02-05 00:00:00+00:00,MDRZW027_26539.pdf,2026.0,False,False,Other
MDRZW027,4375,7760.0,33997,DREF Operation Update,Zimbabwe- Floods (MDRZW027),MDRZW027du2,2026-06-11T00:00:00Z,https://go-api.ifrc.org/api/DownloadFile/95091/MDRZW027du2,ZW,ZWE: Flood - 02-2026 - Zimbabwe Floods Preparedness and Response Project ,2026-02-05 00:00:00+00:00,MDRZW027_33997.pdf,2026.0,False,False,Other
MDRZW027,4375,7760.0,33927,DREF Operation Update,Zimbabwe- Floods (MDRZW027),MDRZW027du1,2026-05-11T00:00:00Z,https://go-api.ifrc.org/api/DownloadFile/94928/MDRZW027du1,ZW,ZWE: Flood - 02-2026 - Zimbabwe Floods Preparedness and Response Project ,2026-02-05 00:00:00+00:00,MDRZW027_33927.pdf,2026.0,False,False,Other
MDRMG027,4376,7796.0,26536,DREF/EAP Update,Madagascar – Cyclones (MDRMG027),MDRMG027du1,2026-02-27T00:00:00Z,https://go-api.ifrc.org/api/DownloadFile/94396/MDRMG027du1,MG,"Madagascar - Tropical Cyclones, 2026",2026-02-07 00:00:00+00:00,MDRMG027_26536.pdf,2026.0,False,False,Other
MDRMG027,4376,7796.0,26535,DREF Operation,Madagascar – Cyclones (MDRMG027),MDRMG027do,2026-02-12T00:00:00Z,https://go-api.ifrc.org/api/DownloadFile/94304/MDRMG027do,MG,"Madagascar - Tropical Cyclones, 2026",2026-02-07 00:00:00+00:00,MDRMG027_26535.pdf,2026.0,False,False,Other
MDRMG027,4376,7796.0,26534,Emergency Appeal,Madagascar – Cyclones (MDRMG027),MDRMG027ea,2026-02-13T00:00:00Z,https://go-api.ifrc.org/api/DownloadFile/94323/MDRMG027ea,MG,"Madagascar - Tropical Cyclones, 2026",2026-02-07 00:00:00+00:00,MDRMG027_26534.pdf,2026.0,False,False,Other
MDRMG027,4376,7796.0,33862,Operations Update,Madagascar – Cyclones (MDRMG027),MDRMG027eu2,2026-04-14T00:00:00Z,https://go-api.ifrc.org/api/DownloadFile/94326/MDRMG027eu2,MG,"Madagascar - Tropical Cyclones, 2026",2026-02-07 00:00:00+00:00,MDRMG027_33862.pdf,2026.0,False,False,Other
MDRMG027,4376,7796.0,33804,Operations Update,Madagascar – Cyclones (MDRMG027),MDRMG027OU1,2026-03-18T00:00:00Z,https://go-api.ifrc.org/api/DownloadFile/94325/MDRMG027OU1,MG,"Madagascar - Tropical Cyclones, 2026",2026-02-07 00:00:00+00:00,MDRMG027_33804.pdf,2026.0,False,False,Other
MDRMG027,4376,7796.0,33774,Operational strategy,Madagascar – Cyclones (MDRMG027),MDRMG027os,2026-03-02T00:00:00Z,https://go-api.ifrc.org/api/DownloadFile/94324/MDRMG027os,MG,"Madagascar - Tropical Cyclones, 2026",2026-02-07 00:00:00+00:00,MDRMG027_33774.pdf,2026.0,False,False,Other
MDRVU013,4412,7845.0,33818,DREF Operation,Vanuatu - Volcanic Eruption Imminent (MDRVU013),DREF_Vanuatu_Volcanic_Eruption_2026_2026-03-23_ERP,2026-03-23T00:00:00Z,https://go-api.ifrc.org/api/DownloadFile/94643/DREF_Vanuatu_Volcanic_Eruption_2026_2026-03-23_ERP,VU,"Vanuatu: Volcanic Eruption, 2026",2026-03-20 00:00:00+00:00,MDRVU013_33818.pdf,2026.0,False,False,Other
MDRYE016,4378,7618.0,26657,DREF Operation,Yemen - Floods (MDRYE016),MDRYE016do,2025-09-03T00:00:00Z,https://go-api.ifrc.org/api/DownloadFile/92303/MDRYE016do,YE,YEM: Flood - 08-2025 - Heavy Floods in Yemen -August-2025 ,2025-08-28 00:00:00+00:00,MDRYE016_26657.pdf,2025.0,False,False,Other
MDRVN024,3953,7136.0,34025,Final Report,Viet Nam - Cyclone Typhoon Yagi (MDRVN024),MDRVN024efr,2026-06-30T00:00:00Z,https://go-api.ifrc.org/api/DownloadFile/92096/MDRVN024efr,VN,Viet Nam: Typhoon YAGI - September 2024,2024-09-17 00:00:00+00:00,MDRVN024_34025.pdf,2024.0,True,False,Emergency Appeal / Other
MDRPH056,3975,7196.0,33777,Final Report,Philippines  - Typhoons and Floods (MDRPH056),MDRPH056efr,2026-03-04T00:00:00Z,https://go-api.ifrc.org/api/DownloadFile/89342/MDRPH056efr,PH,Philippines: Typhoons and Floods - 2024,2024-10-30 00:00:00+00:00,MDRPH056_33777.pdf,2024.0,True,False,Emergency Appeal / Other
MDRHN026,4075,7551.0,34043,DREF Operation Final Report,Honduras -Floods (MDRHN026),MDRHN026fr,2026-07-07T00:00:00Z,https://go-api.ifrc.org/api/DownloadFile/91711/MDRHN026fr,HN,HND: Flooding - 06-2025 - Ocotepeque HN ,2025-07-07 00:00:00+00:00,MDRHN026_34043.pdf,2025.0,True,False,DREF (Missing from JSON)
MDRTD025,4111,7587.0,26632,DREF Operation,Chad - Cholera Outbreak (MDRTD025),MDRTD025do,2025-10-13T00:00:00Z,https://go-api.ifrc.org/api/DownloadFile/93438/MDRTD025do,TD,TCD: Epidemic - 07-2025 - Cholera epidemic in Ouaddaï province ,2025-09-23 00:00:00+00:00,MDRTD025_26632.pdf,2025.0,False,False,Other
MDRNP019,4082,7579.0,33828,DREF Operation Final Report,Nepal - Drought (MDRNP019),MDRNP019dfr,2026-03-30T00:00:00Z,https://go-api.ifrc.org/api/DownloadFile/92107/MDRNP019dfr,NP,"Nepal: Drought, 2025",2025-07-30 00:00:00+00:00,MDRNP019_33828.pdf,2025.0,True,True,DREF (JSON)
MGR65002,3542,5854.0,33931,Operations Update,Ukraine and impacted countries crisis (MGR65002),MGR65002ou13,2026-05-12T00:00:00Z,https://go-api.ifrc.org/api/DownloadFile/92335/MGR65002ou13,HU,Ukraine and Impacted Countries,2022-02-05 00:00:00+00:00,MGR65002_33931.pdf,2022.0,False,False,Other
MGR65002,3542,5854.0,33903,Final Report,Ukraine and impacted countries crisis (MGR65002),PHR010_Croatia_Final_Report,2026-04-30T00:00:00Z,https://go-api.ifrc.org/api/DownloadFile/93965/PHR010_Croatia_Final_Report,HU,Ukraine and Impacted Countries,2022-02-05 00:00:00+00:00,MGR65002_33903.pdf,2022.0,True,False,Emergency Appeal / Other
MGR65002,3542,5854.0,33902,Final Report,Ukraine and impacted countries crisis (MGR65002),PRO014_Romania_Final_Report,2026-04-30T00:00:00Z,https://go-api.ifrc.org/api/DownloadFile/93975/PRO014_Romania_Final_Report,HU,Ukraine and Impacted Countries,2022-02-05 00:00:00+00:00,MGR65002_33902.pdf,2022.0,True,False,Emergency Appeal / Other
MGR65002,3542,5854.0,33901,Final Report,Ukraine and impacted countries crisis (MGR65002),PPL005_Poland_Final_Report,2026-04-30T00:00:00Z,https://go-api.ifrc.org/api/DownloadFile/93976/PPL005_Poland_Final_Report,HU,Ukraine and Impacted Countries,2022-02-05 00:00:00+00:00,MGR65002_33901.pdf,2022.0,True,False,Emergency Appeal / Other
MGR65002,3542,5854.0,33900,Final Report,Ukraine and impacted countries crisis (MGR65002),PCZ506__Czech_Final_Report,2026-04-30T00:00:00Z,https://go-api.ifrc.org/api/DownloadFile/94152/PCZ506__Czech_Final_Report,HU,Ukraine and Impacted Countries,2022-02-05 00:00:00+00:00,MGR65002_33900.pdf,2022.0,True,False,Emergency Appeal / Other
MGR65002,3542,5854.0,33899,Final Report,Ukraine and impacted countries crisis (MGR65002),PMK024_North Macedonia_Final_Report,2026-04-30T00:00:00Z,https://go-api.ifrc.org/api/DownloadFile/93972/PMK024_North-Macedonia_Final_Report,HU,Ukraine and Impacted Countries,2022-02-05 00:00:00+00:00,MGR65002_33899.pdf,2022.0,True,False,Emergency Appeal / Other
MGR65002,3542,5854.0,33898,Final Report,Ukraine and impacted countries crisis (MGR65002),PHU010_Hungary_Final Report,2026-04-30T00:00:00Z,https://go-api.ifrc.org/api/DownloadFile/94149/PHU010_Hungary_Final-Report,HU,Ukraine and Impacted Countries,2022-02-05 00:00:00+00:00,MGR65002_33898.pdf,2022.0,True,False,Emergency Appeal / Other
MGR65002,3542,5854.0,33897,Final Report,Ukraine and impacted countries crisis (MGR65002),PBY064_Belarus_Final_Report,2026-04-30T00:00:00Z,https://go-api.ifrc.org/api/DownloadFile/93963/PBY064_Belarus_Final_Report,HU,Ukraine and Impacted Countries,2022-02-05 00:00:00+00:00,MGR65002_33897.pdf,2022.0,True,False,Emergency Appeal / Other
MGR65002,3542,5854.0,33896,Final Report,Ukraine and impacted countries crisis (MGR65002),PGR014_Greece_Final_Report,2026-04-30T00:00:00Z,https://go-api.ifrc.org/api/DownloadFile/93968/PGR014_Greece_Final_Report,HU,Ukraine and Impacted Countries,2022-02-05 00:00:00+00:00,MGR65002_33896.pdf,2022.0,True,False,Emergency Appeal / Other
MGR65002,3542,5854.0,33895,Final Report,Ukraine and impacted countries crisis (MGR65002),PME018_Montenegro_Final_Report,2026-04-30T00:00:00Z,https://go-api.ifrc.org/api/DownloadFile/93971/PME018_Montenegro_Final_Report,HU,Ukraine and Impacted Countries,2022-02-05 00:00:00+00:00,MGR65002_33895.pdf,2022.0,True,False,Emergency Appeal / Other
MGR65002,3542,5854.0,33894,Final Report,Ukraine and impacted countries crisis (MGR65002),PTR021_Turkiye_Final Report,2026-04-30T00:00:00Z,https://go-api.ifrc.org/api/DownloadFile/93974/PTR021_Turkiye_Final-Report,HU,Ukraine and Impacted Countries,2022-02-05 00:00:00+00:00,MGR65002_33894.pdf,2022.0,True,False,Emergency Appeal / Other
MGR65002,3542,5854.0,33893,Final Report,Ukraine and impacted countries crisis (MGR65002),PGE059_Georgia_Final_Report,2026-04-30T00:00:00Z,https://go-api.ifrc.org/api/DownloadFile/93967/PGE059_Georgia_Final_Report,HU,Ukraine and Impacted Countries,2022-02-05 00:00:00+00:00,MGR65002_33893.pdf,2022.0,True,False,Emergency Appeal / Other
MGR65002,3542,5854.0,33892,Final Report,Ukraine and impacted countries crisis (MGR65002),PLT008_Lithuania_Final Report,2026-04-30T00:00:00Z,https://go-api.ifrc.org/api/DownloadFile/93970/PLT008_Lithuania_Final-Report,HU,Ukraine and Impacted Countries,2022-02-05 00:00:00+00:00,MGR65002_33892.pdf,2022.0,True,False,Emergency Appeal / Other
MGR65002,3542,5854.0,33891,Final Report,Ukraine and impacted countries crisis (MGR65002),PLV512_Latvia_Final Report,2026-04-30T00:00:00Z,https://go-api.ifrc.org/api/DownloadFile/93969/PLV512_Latvia_Final-Report,HU,Ukraine and Impacted Countries,2022-02-05 00:00:00+00:00,MGR65002_33891.pdf,2022.0,True,False,Emergency Appeal / Other
MGR65002,3542,5854.0,33890,Final Report,Ukraine and impacted countries crisis (MGR65002),PSK002_Slovakia_Final_Report,2026-04-30T00:00:00Z,https://go-api.ifrc.org/api/DownloadFile/93977/PSK002_Slovakia_Final_Report,HU,Ukraine and Impacted Countries,2022-02-05 00:00:00+00:00,MGR65002_33890.pdf,2022.0,True,False,Emergency Appeal / Other
MGR65002,3542,5854.0,33889,Final Report,Ukraine and impacted countries crisis (MGR65002),PBG007_Bulgaria_Final Report,2026-04-30T00:00:00Z,https://go-api.ifrc.org/api/DownloadFile/93964/PBG007_Bulgaria_Final-Report,HU,Ukraine and Impacted Countries,2022-02-05 00:00:00+00:00,MGR65002_33889.pdf,2022.0,True,False,Emergency Appeal / Other
MGR65002,3542,5854.0,33888,Final Report,Ukraine and impacted countries crisis (MGR65002),PEE003_Estonia_Final_Report,2026-04-30T00:00:00Z,https://go-api.ifrc.org/api/DownloadFile/93966/PEE003_Estonia_Final_Report,HU,Ukraine and Impacted Countries,2022-02-05 00:00:00+00:00,MGR65002_33888.pdf,2022.0,True,False,Emergency Appeal / Other
MDRKG016,3759,6082.0,34045,DREF/EAP Activation Report,Kyrgyzstan - Heatwave EAP (MDRKG016),MDRKG016eapar1,2026-07-10T00:00:00Z,https://go-api.ifrc.org/api/DownloadFile/95307/MDRKG016eapar1,KG,Kyrgyzstan - Heat wave,2022-07-18 00:00:00+00:00,MDRKG016_34045.pdf,2022.0,False,False,Other
MDRKG016,3759,6082.0,33998,DREF/EAP Update,Kyrgyzstan - Heatwave EAP (MDRKG016),Kyrgyzstan - Heatwave (MDRKG016),2026-06-11T00:00:00Z,https://go-api.ifrc.org/api/DownloadFile/85121/Kyrgyzstan---Heatwave-(MDRKG016),KG,Kyrgyzstan - Heat wave,2022-07-18 00:00:00+00:00,MDRKG016_33998.pdf,2022.0,False,False,Other
MDRKG016,3759,6082.0,33994,DREF/EAP Update,Kyrgyzstan - Heatwave EAP (MDRKG016),Kyrgyzstan - Cold Wave EAP (MDRKG020),2026-06-11T00:00:00Z,https://go-api.ifrc.org/api/DownloadFile/85121/Kyrgyzstan---Cold-Wave-EAP-(MDRKG020),KG,Kyrgyzstan - Heat wave,2022-07-18 00:00:00+00:00,MDRKG016_33994.pdf,2022.0,False,False,Other
MDRTZ041,4053,7461.0,33775,DREF/EAP Update,Tanzania - Flood EAP (MDRTZ041),MDRTZ041EAP.ar2025,2026-03-03T00:00:00Z,https://go-api.ifrc.org/api/DownloadFile/91203/MDRTZ041EAP.ar2025,TZ,TZA: Flood - 03-2025 - High rainfall and strong wind ,2025-04-08 00:00:00+00:00,MDRTZ041_33775.pdf,2025.0,False,False,Other
MDRCM042,4142,7821.0,33781,DREF Operation Update,Cameroon - Food Insecurity (MDRCM042),MDRCM042du1,2026-03-05T00:00:00Z,https://go-api.ifrc.org/api/DownloadFile/94438/MDRCM042du1,CM,2026 : Cameroon Food Insecurity,2025-12-08 00:00:00+00:00,MDRCM042_33781.pdf,2025.0,False,False,Other
MDRBD038,4079,7598.0,33783,DREF/EAP Update,Bangladesh - Cold Wave EAP (MDRBD038),MDRBD038eapar2025,2026-03-05T00:00:00Z,https://go-api.ifrc.org/api/DownloadFile/91756/MDRBD038eapar2025,BD,"Bangladesh: Cold Wave EAP, 2025",2025-07-16 00:00:00+00:00,MDRBD038_33783.pdf,2025.0,False,False,Other
MDRBD033,3843,6924.0,33784,DREF/EAP Update,Bangladesh - Cyclone EAP (MDRBD033),MDRBD033eapar2025,2026-03-05T00:00:00Z,https://go-api.ifrc.org/api/DownloadFile/87148/MDRBD033eapar2025,BD,Bangladesh: Cyclone EAP 2024,2024-02-05 00:00:00+00:00,MDRBD033_33784.pdf,2024.0,False,False,Other
MDRPH055,3958,7081.0,33785,DREF/EAP Update,Philippines - Typhoon EAP (MDRPH055),MDRPH055eapar2025,2026-03-05T00:00:00Z,https://go-api.ifrc.org/api/DownloadFile/88901/MDRPH055eapar2025,PH,PHL: Cyclone - 07-2024 - Southwest Monsoon Enhanced by Typhoon Carina,2024-08-03 00:00:00+00:00,MDRPH055_33785.pdf,2024.0,False,False,Other
MDRCM042,4142,7821.0,33790,Operational strategy,Cameroon - Food Insecurity (MDRCM042),MDRCM042OS,2026-03-10T00:00:00Z,https://go-api.ifrc.org/api/DownloadFile/94408/MDRCM042OS,CM,2026 : Cameroon Food Insecurity,2025-12-08 00:00:00+00:00,MDRCM042_33790.pdf,2025.0,False,False,Other
MDRKE067,4097,7586.0,33792,DREF Operation Final Report,Kenya - Population Movement (MDRKE067),MDRKE067dfr,2026-03-11T00:00:00Z,https://go-api.ifrc.org/api/DownloadFile/92356/MDRKE067dfr,KE,KEN: Population Movement - 07-2025 - Cross Border Population Influx ,2025-08-20 00:00:00+00:00,MDRKE067_33792.pdf,2025.0,True,False,DREF (Missing from JSON)
MDRKE066,4059,7483.0,33793,DREF Operation Final Report,Kenya - Flood and Cholera (MDRKE066),MDRKE066dfr,2026-03-11T00:00:00Z,https://go-api.ifrc.org/api/DownloadFile/91263/MDRKE066dfr,KE,KEN: Flood - 03-2025 - Kenya floods ,2025-05-26 00:00:00+00:00,MDRKE066_33793.pdf,2025.0,True,False,DREF (Missing from JSON)
MDRS2001,3922,7046.0,33794,Operations Update,Hurricane Beryl (MDRS2001),EA-MDRS2001-OU5,2026-03-12T00:00:00Z,https://go-api.ifrc.org/api/DownloadFile/94507/EA-MDRS2001-OU5,PA,"Hurricane Beryl - Saint Vincent and the Grenadines, Grenada, Barbados and Jamaica",2024-07-04 00:00:00+00:00,MDRS2001_33794.pdf,2024.0,False,False,Other
MDRCD049,4397,7815.0,33795,DREF Operation,DRC - Cholera (MDRCD049),MDRCD049do,2026-03-13T00:00:00Z,https://go-api.ifrc.org/api/DownloadFile/94512/MDRCD049do,CD,COD: Epidemic - 02-2026 - COD: Cholera Epidemic ,2026-03-06 00:00:00+00:00,MDRCD049_33795.pdf,2026.0,False,False,Other
MDRCM043,4379,7797.0,33799,DREF Operation Update,Cameroon - Fire (MDRCM043),MDRCM043du1,2026-03-16T00:00:00Z,https://go-api.ifrc.org/api/DownloadFile/94527/MDRCM043du1,CM,CMR: Fire - 02-2026 - Kolofata fire ,2026-02-11 00:00:00+00:00,MDRCM043_33799.pdf,2026.0,False,False,Other
MDRLB017,3976,7203.0,33800,Emergency Appeal Revision,Lebanon - Complex Emergency (MDRLB017),MDRLB017REA,2026-03-16T00:00:00Z,https://go-api.ifrc.org/api/DownloadFile/94528/MDRLB017REA,LB,Lebanon Complex Emergency - 2024,2024-11-05 00:00:00+00:00,MDRLB017_33800.pdf,2024.0,False,False,Other
MDRAO014,4396,7831.0,33802,DREF Operation,Angola - Floods 2026 (MDRAO014),MDRAO014do,2026-03-17T00:00:00Z,https://go-api.ifrc.org/api/DownloadFile/94551/MDRAO014do,AO,AGO: Flood - 02-2026 - Angola - Floods 2026 ,2026-03-06 00:00:00+00:00,MDRAO014_33802.pdf,2026.0,False,False,Other
MDRZW025,4055,7489.0,33809,DREF Operation Final Report,Zimbabwe - Malaria Epidemic (MDRZW025),MDRZW025fr,2026-03-19T00:00:00Z,https://go-api.ifrc.org/api/DownloadFile/91213/MDRZW025fr,ZW,ZWE: Epidemic - 02-2025 - Malaria outbreak ,2025-05-14 00:00:00+00:00,MDRZW025_33809.pdf,2025.0,True,True,DREF (JSON)
MDRLB017,3976,7203.0,33810,Emergency Appeal Revision,Lebanon - Complex Emergency (MDRLB017),MDRLB017REAAR,2026-03-19T00:00:00Z,https://go-api.ifrc.org/api/DownloadFile/94621/MDRLB017REAAR,LB,Lebanon Complex Emergency - 2024,2024-11-05 00:00:00+00:00,MDRLB017_33810.pdf,2024.0,False,False,Other
MDRMR019,4088,7613.0,33776,DREF Operation Update,Mauritania - Population Movement (MDRMR019),MDRMR019du2,2026-03-03T00:00:00Z,https://go-api.ifrc.org/api/DownloadFile/94420/MDRMR019du2,MR,Mauritania Population Movement 2025,2025-08-08 00:00:00+00:00,MDRMR019_33776.pdf,2025.0,False,False,Other
MDREC028,4054,7485.0,33812,DREF Operation Final Report,Ecuador - Epidemic Yellow Fever (MDREC028),MDREC028_fr,2026-03-19T00:00:00Z,https://go-api.ifrc.org/api/DownloadFile/91155/MDREC028_fr,EC,ECU: Epidemic - 04-2025 - Yellow Fever,2025-05-14 00:00:00+00:00,MDREC028_33812.pdf,2025.0,True,True,DREF (JSON)
MDRCU013,4129,7687.0,33813,Emergency Appeal Revision,Cuba - Hurricane (MDRCU013),EAR-MDRCU013,2026-03-20T00:00:00Z,https://go-api.ifrc.org/api/DownloadFile/94630/EAR-MDRCU013,CU,Cuba - Hurricane Melissa - October 2025,2025-10-30 00:00:00+00:00,MDRCU013_33813.pdf,2025.0,False,False,Other
MDRBR012,4398,7830.0,33821,DREF Operation,Brazil - Floods 2026 (MDRBR012),MDRBR012-DO,2026-03-25T00:00:00Z,https://go-api.ifrc.org/api/DownloadFile/94697/MDRBR012-DO,BR,BRA: Flood - 02-2026 - MG Floods and Landslides \ ,2026-03-06 00:00:00+00:00,MDRBR012_33821.pdf,2026.0,False,False,Other
MDRCO030,4036,7424.0,33824,DREF Operation Final Report,Colombia - Population Movement (MDRCO030),MDRCO030-FR,2026-03-26T00:00:00Z,https://go-api.ifrc.org/api/DownloadFile/90791/MDRCO030-FR,CO,"COL: Population Movement - 01-2025 - Afectaciones humanitarias por conflicto armado interno en los departamentos de Norte de Santander, Chocó y Cauca",2025-03-06 00:00:00+00:00,MDRCO030_33824.pdf,2025.0,True,True,DREF (JSON)
MDRS1003,3942,7118.0,33826,Operations Update,Africa - Regional  Mpox Epidemic (MDRS1003),MDRS1003eu5,2026-03-27T00:00:00Z,https://go-api.ifrc.org/api/DownloadFile/94713/MDRS1003eu5,KE,Africa -Mpox Epidemic,2024-08-20 00:00:00+00:00,MDRS1003_33826.pdf,2024.0,False,False,Other
MDRS1003,3942,7118.0,33833,Operations Update,Africa - Regional  Mpox Epidemic (MDRS1003),MDRS1003eu5,2026-03-31T00:00:00Z,https://go-api.ifrc.org/api/DownloadFile/94731/MDRS1003eu5,KE,Africa -Mpox Epidemic,2024-08-20 00:00:00+00:00,MDRS1003_33833.pdf,2024.0,False,False,Other
MDRSO019,3938,7162.0,33834,DREF/EAP Update,Somalia - Drought EAP (MDRSO019),MDRSO019 EAP Update 2,2026-03-31T00:00:00Z,https://go-api.ifrc.org/api/DownloadFile/90721/MDRSO019-EAP-Update-2,SO,SOM: Drought EAP,2024-08-16 00:00:00+00:00,MDRSO019_33834.pdf,2024.0,False,False,Other
MDRSO023,4073,7505.0,33836,DREF/EAP Update,Somalia - Cholera sEAP (MDRSO023),MDRSO023 sEAp Annual Report Update#1,2026-03-24T00:00:00Z,https://go-api.ifrc.org/api/DownloadFile/94402/MDRSO023-sEAp-Annual-Report-Update_1,SO,SOM: Epidemic - 03-2025 - Leishmaniasis Outbreak,2025-03-15 00:00:00+00:00,MDRSO023_33836.pdf,2025.0,False,False,Other
MDRVU012,3996,7264.0,33837,Final Report,Vanuatu - Earthquake (MDRVU012),MDRVU012efr,2026-03-31T00:00:00Z,https://go-api.ifrc.org/api/DownloadFile/89893/MDRVU012efr,VU,Vanuatu Earthquake (December 2024),2024-12-18 00:00:00+00:00,MDRVU012_33837.pdf,2024.0,True,False,Emergency Appeal / Other
MDRBO021,4416,7844.0,33844,DREF Operation,Bolivia - Flash Floods (MDRBO021),MDRBO021-DO,2026-04-03T00:00:00Z,https://go-api.ifrc.org/api/DownloadFile/94755/MDRBO021-DO,CO,BULL: Flood - 03-2026 - Floods Tarija ,2026-03-25 00:00:00+00:00,MDRBO021_33844.pdf,2026.0,False,False,Other
MDRYE017,4422,7861.0,33845,DREF Operation,Yemen Floods (MDRYE017),MDRYE017do,2026-04-06T00:00:00Z,https://go-api.ifrc.org/api/DownloadFile/94757/MDRYE017do,YE,YEM: Flood - 03-2026 - Heavy Rains and Flash Floods – Situation Update (20–27 March 2026) ,2026-04-03 00:00:00+00:00,MDRYE017_33845.pdf,2026.0,False,False,Other
MDRHN021,3825,6815.0,33848,DREF/EAP Update,Honduras - Population Movement EAP (MDRHN021),MDRHN021-EAP2023HN04-AR25,2026-04-06T00:00:00Z,https://go-api.ifrc.org/api/DownloadFile/93864/MDRHN021-EAP2023HN04-AR25,HN,Honduras: Population Movement,2023-12-19 00:00:00+00:00,MDRHN021_33848.pdf,2023.0,False,False,Other
MDRCM042,4142,7821.0,33849,Operations Update,Cameroon - Food Insecurity (MDRCM042),MDRCM042eu1,2026-04-07T00:00:00Z,https://go-api.ifrc.org/api/DownloadFile/94409/MDRCM042eu1,CM,2026 : Cameroon Food Insecurity,2025-12-08 00:00:00+00:00,MDRCM042_33849.pdf,2025.0,False,False,Other
MDRLB017,3976,7203.0,33851,Operations Update,Lebanon - Complex Emergency (MDRLB017),MDRLB017OU4,2026-04-09T00:00:00Z,https://go-api.ifrc.org/api/DownloadFile/94762/MDRLB017OU4,LB,Lebanon Complex Emergency - 2024,2024-11-05 00:00:00+00:00,MDRLB017_33851.pdf,2024.0,False,False,Other
MDRLR011,4421,7860.0,33852,DREF Operation,Liberia Fires (MDRLR011),MDRLR011do,2026-04-09T00:00:00Z,https://go-api.ifrc.org/api/DownloadFile/94763/MDRLR011do,LR,LBR: Fire - 03-2026 - Liberia Fire Outbreaks ,2026-04-01 00:00:00+00:00,MDRLR011_33852.pdf,2026.0,False,False,Other
MDRAF021,4423,7862.0,33855,DREF Operation,Afghanistan - Floods 2026 (MDRAF021),MDRAF021.do,2026-04-10T00:00:00Z,https://go-api.ifrc.org/api/DownloadFile/94785/MDRAF021.do,AF,"Afghanistan: Flash Floods, 2026",2026-04-05 00:00:00+00:00,MDRAF021_33855.pdf,2026.0,False,False,Other
MDRID027,4013,7602.0,33857,DREF/EAP Update,Indonesia - Flood EAP (MDRID027),MDRID027OU1,2026-04-10T00:00:00Z,https://go-api.ifrc.org/api/DownloadFile/94788/MDRID027OU1,ID,"Indonesia: Flood EAP, 2025",2025-02-17 00:00:00+00:00,MDRID027_33857.pdf,2025.0,False,False,Other
MDRLR010,4419,7850.0,33858,DREF Operation,Liberia Windstorm (MDRLR010),MDRLR010do,2026-04-10T00:00:00Z,https://go-api.ifrc.org/api/DownloadFile/94810/MDRLR010do,LR,LBR: Other - 03-2026 - Tensions between Liberia - Guinea Border in Lofa County ,2026-03-31 00:00:00+00:00,MDRLR010_33858.pdf,2026.0,False,False,Other
MDRET040,4411,7840.0,33823,DREF Operation,Ethiopia - Population Movement (MDRET040),MDRET040do,2026-03-26T00:00:00Z,https://go-api.ifrc.org/api/DownloadFile/94711/MDRET040do,ET,ETH: Population Movement - 03-2026 - South Sudan influx ,2026-03-18 00:00:00+00:00,MDRET040_33823.pdf,2026.0,False,False,Other
MDRCG025,4085,7581.0,33835,DREF Operation Final Report,Republic of Congo - Cholera (MDRCG025),MDRCG025dfr,2026-03-31T00:00:00Z,https://go-api.ifrc.org/api/DownloadFile/92133/MDRCG025dfr,CG,COG: Epidemic - 07-2025 - CHOLERA EPIDEMIC ,2025-08-04 00:00:00+00:00,MDRCG025_33835.pdf,2025.0,True,False,DREF (Missing from JSON)
MDRFJ008,4057,7597.0,33838,DREF/EAP Update,Fiji - Tropical Cyclone  sEAP (MDRFJ008),MDRFJ008eapar2025,2026-03-31T00:00:00Z,https://go-api.ifrc.org/api/DownloadFile/91266/MDRFJ008eapar2025,FJ,"Fiji: Tropical Cyclone sEAP, 2025",2025-05-22 00:00:00+00:00,MDRFJ008_33838.pdf,2025.0,False,False,Other
MDRUY006,4420,7823.0,33843,DREF Operation,Uruguay - Drought (MDRUY006),MDRUY006-DO,2026-04-03T00:00:00Z,https://go-api.ifrc.org/api/DownloadFile/94753/MDRUY006-DO,AR,URY: Drought - 02-2026 - Water deficit ,2026-03-26 00:00:00+00:00,MDRUY006_33843.pdf,2026.0,False,False,Other
MDRID027,4013,7602.0,33850,DREF/EAP Update,Indonesia - Flood EAP (MDRID027),MDRID027eapar2025,2026-03-31T00:00:00Z,https://go-api.ifrc.org/api/DownloadFile/90449/MDRID027eapar2025,ID,"Indonesia: Flood EAP, 2025",2025-02-17 00:00:00+00:00,MDRID027_33850.pdf,2025.0,False,False,Other
MDRCG028,4425,7867.0,33854,DREF Operation,Republic of Congo - Cholera Outbreak (MDRCG028),MDRCG028do,2026-04-09T00:00:00Z,https://go-api.ifrc.org/api/DownloadFile/94782/MDRCG028do,CG,COG: Epidemic - 03-2026 - Response to the Mpox and Cholera Epidemics in Congo Brazzaville ,2026-04-06 00:00:00+00:00,MDRCG028_33854.pdf,2026.0,False,False,Other
MDRCU013,4129,7687.0,33860,Operations Update,Cuba - Hurricane (MDRCU013),MDRCU013-OU3,2026-04-10T00:00:00Z,https://go-api.ifrc.org/api/DownloadFile/94814/MDRCU013-OU3,CU,Cuba - Hurricane Melissa - October 2025,2025-10-30 00:00:00+00:00,MDRCU013_33860.pdf,2025.0,False,False,Other
MDRVN025,4095,7543.0,33864,DREF Operation Update,Viet Nam - Monsoon Flood (MDRVN025),MDRVN025.OU2,2026-04-15T00:00:00Z,https://go-api.ifrc.org/api/DownloadFile/93511/MDRVN025.OU2,VN,"Viet Nam: Flood, 2025",2025-08-14 00:00:00+00:00,MDRVN025_33864.pdf,2025.0,False,False,Other
MDRDO019,4128,7674.0,33869,DREF Operation Update,Dominican Republic - Hurricane Melissa (MDRDO019),MDRDO019ou2,2026-04-17T00:00:00Z,https://go-api.ifrc.org/api/DownloadFile/94855/MDRDO019ou2,DO,Dominican Republic - Hurricane Melissa,2025-10-30 00:00:00+00:00,MDRDO019_33869.pdf,2025.0,False,False,Other
MDRCM042,4142,7821.0,33872,Operations Update,Cameroon - Food Insecurity (MDRCM042),MDRCM042eu2,2026-04-20T00:00:00Z,https://go-api.ifrc.org/api/DownloadFile/94410/MDRCM042eu2,CM,2026 : Cameroon Food Insecurity,2025-12-08 00:00:00+00:00,MDRCM042_33872.pdf,2025.0,False,False,Other
MDRCO031,4038,7424.0,33874,DREF/EAP Update,Colombia - Forced Displacement sEAP (MDRCO031),MDRCO031-AR1,2026-04-20T00:00:00Z,https://go-api.ifrc.org/api/DownloadFile/90866/MDRCO031-AR1,CO,"COL: Population Movement - 01-2025 - Afectaciones humanitarias por conflicto armado interno en los departamentos de Norte de Santander, Chocó y Cauca",2025-03-06 00:00:00+00:00,MDRCO031_33874.pdf,2025.0,False,False,Other
MDRS2001,3922,7046.0,33877,Operations Update,Hurricane Beryl (MDRS2001),EA-MDRS2001-OU5 (2),2026-03-12T00:00:00Z,https://go-api.ifrc.org/api/DownloadFile/94507/EA-MDRS2001-OU5-(2),PA,"Hurricane Beryl - Saint Vincent and the Grenadines, Grenada, Barbados and Jamaica",2024-07-04 00:00:00+00:00,MDRS2001_33877.pdf,2024.0,False,False,Other
MDRPG013,4428,7880.0,33879,DREF Operation,Papua New Guinea Cyclone Maila (MDRPG013),MDRPG013do,2026-04-22T00:00:00Z,https://go-api.ifrc.org/api/DownloadFile/94872/MDRPG013do,PG,"PNG: Tropical Cyclone Maila, 2026",2026-04-17 00:00:00+00:00,MDRPG013_33879.pdf,2026.0,False,False,Other
MDRCU012,4122,7667.0,33881,DREF Operation Update,Cuba- Arboviral Outbreak (MDRCU012),MDRCU012ou1,2026-04-24T00:00:00Z,https://go-api.ifrc.org/api/DownloadFile/94887/MDRCU012ou1,CU,"CUB: Epidemic - 10-2025 - Outbreak of Dengue, Oropouche and Chikungunya",2025-10-17 00:00:00+00:00,MDRCU012_33881.pdf,2025.0,False,False,Other
MDRMM022,3993,7603.0,33884,DREF/EAP Update,Myanmar - Heatwave sEAP (MDRMM022),MDRMM022eapar2025,2026-04-28T00:00:00Z,https://go-api.ifrc.org/api/DownloadFile/89569/MDRMM022eapar2025,MM,"Myanmar: Heatwave sEAP, 2024",2024-12-11 00:00:00+00:00,MDRMM022_33884.pdf,2024.0,False,False,Other
MDRPH055,3958,7081.0,33887,DREF/EAP Activation Report,Philippines - Typhoon EAP (MDRPH055),MDRPH055eapacr1,2026-04-30T00:00:00Z,https://go-api.ifrc.org/api/DownloadFile/93640/MDRPH055eapacr1,PH,PHL: Cyclone - 07-2024 - Southwest Monsoon Enhanced by Typhoon Carina,2024-08-03 00:00:00+00:00,MDRPH055_33887.pdf,2024.0,False,False,Other
MDRBD039,4426,7881.0,33870,DREF Operation,Bangladesh Measles (MDRBD039),MDRBD039do,2026-04-18T00:00:00Z,https://go-api.ifrc.org/api/DownloadFile/94857/MDRBD039do,BD,"Bangladesh: Measles Outbreak, 2026",2026-04-14 00:00:00+00:00,MDRBD039_33870.pdf,2026.0,False,False,Other
MDRFJ009,4427,7875.0,33871,DREF Operation,Fiji Tropical Cyclone Vaianu (MDRFJ009),MDRFJ009do,2026-04-18T00:00:00Z,https://go-api.ifrc.org/api/DownloadFile/94858/MDRFJ009do,FJ,"Fiji: Tropical Cyclone Vaianu, 2026",2026-04-15 00:00:00+00:00,MDRFJ009_33871.pdf,2026.0,False,False,Other
MDRCR024,3800,6820.0,33904,DREF/EAP Update,Costa Rica - Floods EAP (MDRCR024),MDRCR024_Annual Report_Year 2,2026-04-30T00:00:00Z,https://go-api.ifrc.org/api/DownloadFile/93863/MDRCR024_Annual-Report_Year-2,CR,Costa Rica: Floods EAP,2023-10-27 00:00:00+00:00,MDRCR024_33904.pdf,2023.0,False,False,Other
MDRPK027,4050,7476.0,33906,DREF Operation Final Report,Pakistan - Population Movement (MDRPK027),Appeal.Project Close Report.MDRPK027,2026-04-30T00:00:00Z,https://go-api.ifrc.org/api/DownloadFile/90953/Appeal.Project-Close-Report.MDRPK027,PK,"Pakistan: Population Movement, 2025",2025-04-24 00:00:00+00:00,MDRPK027_33906.pdf,2025.0,True,False,DREF (Missing from JSON)
MDRPK027,4050,7476.0,33907,DREF Operation Final Report,Pakistan - Population Movement (MDRPK027),DREF Final Financial Report.MDRPK027.30APR2026,2026-04-30T00:00:00Z,https://go-api.ifrc.org/api/DownloadFile/90953/DREF-Final-Financial-Report.MDRPK027.30APR2026,PK,"Pakistan: Population Movement, 2025",2025-04-24 00:00:00+00:00,MDRPK027_33907.pdf,2025.0,True,False,DREF (Missing from JSON)
MDRPK027,4050,7476.0,33908,DREF Operation Final Report,Pakistan - Population Movement (MDRPK027),MoFD - MDRPK027. 30APR2026,2026-04-30T00:00:00Z,https://go-api.ifrc.org/api/DownloadFile/90953/MoFD---MDRPK027.-30APR2026,PK,"Pakistan: Population Movement, 2025",2025-04-24 00:00:00+00:00,MDRPK027_33908.pdf,2025.0,True,False,DREF (Missing from JSON)
MDRPK027,4050,7476.0,33909,DREF Operation Final Report,Pakistan - Population Movement (MDRPK027),MDRPK027dfr,2026-04-30T00:00:00Z,https://go-api.ifrc.org/api/DownloadFile/90953/MDRPK027dfr,PK,"Pakistan: Population Movement, 2025",2025-04-24 00:00:00+00:00,MDRPK027_33909.pdf,2025.0,True,False,DREF (Missing from JSON)
MDRET039,4131,7704.0,33910,DREF Operation Update,Ethiopia - Marburg Outbreak (MDRET039),MDRET039du1,2026-05-03T00:00:00Z,https://go-api.ifrc.org/api/DownloadFile/94905/MDRET039du1,ET,Ethiopia - Marburg Virus Disease Outbreak,2025-11-19 00:00:00+00:00,MDRET039_33910.pdf,2025.0,False,False,Other
MDRBJ022,4066,7523.0,33912,DREF Operation Final Report,Benin - Population Movement (MDRBJ022),MDRBJ022dfr,2026-05-04T00:00:00Z,https://go-api.ifrc.org/api/DownloadFile/91543/MDRBJ022dfr,BJ,BEN: Population Movement - 06-2025 - Mouvement de population à Tanougou (Tanguiéta) ,2025-06-19 00:00:00+00:00,MDRBJ022_33912.pdf,2025.0,True,False,DREF (Missing from JSON)
MDRCV004,3962,7139.0,33915,DREF Operation Final Report,Cape Verde - Dengue Outbreak (MDRCV004),MDRCV004dfr,2026-03-06T00:00:00Z,https://go-api.ifrc.org/api/DownloadFile/88999/MDRCV004dfr,CV,CPV: Epidemic - 08-2024 - Dengue,2024-09-27 00:00:00+00:00,MDRCV004_33915.pdf,2024.0,True,True,DREF (JSON)
MDRAM012,3784,6661.0,33916,Final Report,Armenia - Population Movement (MDRAM012),MDRAM012fr,2026-04-28T00:00:00Z,https://go-api.ifrc.org/api/DownloadFile/85790/MDRAM012fr,AM,Armenia - Population Movement,2023-09-28 00:00:00+00:00,MDRAM012_33916.pdf,2023.0,True,False,Emergency Appeal / Other
MDRBI024,4143,7641.0,33918,DREF Operation Update,Burundi - Epidemic (MDRBI024),MDRBI024du1,2026-05-04T00:00:00Z,https://go-api.ifrc.org/api/DownloadFile/94907/MDRBI024du1,BI,"BDI: Epidemic - 01-2025 - Burundi, Cholera Epidemic outbreak 2025 ",2025-12-12 00:00:00+00:00,MDRBI024_33918.pdf,2025.0,False,False,Other
MDREC024,3788,6687.0,33919,DREF/EAP Update,Ecuador - Volcanic Ash (MDREC024),EAP_Ecuador_MDREC024_Year2,2026-05-05T00:00:00Z,https://go-api.ifrc.org/api/DownloadFile/93862/EAP_Ecuador_MDREC024_Year2,EC,ECU: Volcanic Ash,2023-10-09 00:00:00+00:00,MDREC024_33919.pdf,2023.0,False,False,Other
MDRMA010,3778,6646.0,33920,Operations Update,Morocco - Earthquake (MDRMA010),MDRMA010OU8,2026-05-06T00:00:00Z,https://go-api.ifrc.org/api/DownloadFile/94916/MDRMA010OU8,MA,Morocco - Earthquake-2023-09,2023-09-11 00:00:00+00:00,MDRMA010_33920.pdf,2023.0,False,False,Other
MDRMY013,4432,7891.0,33921,DREF Operation,Malaysia Sandakan Fire (MDRMY013),MDRMY013do,2026-05-06T00:00:00Z,https://go-api.ifrc.org/api/DownloadFile/94909/MDRMY013do,MY,"Malaysia: Sandakan Fire, 2026",2026-05-02 00:00:00+00:00,MDRMY013_33921.pdf,2026.0,False,False,Other
MDRSO019,3938,7162.0,33928,DREF/EAP Activation Report,Somalia - Drought EAP (MDRSO019),MDRSO019 DREF EAP Activation Report,2026-05-11T00:00:00Z,https://go-api.ifrc.org/api/DownloadFile/94930/MDRSO019-DREF-EAP-Activation-Report,SO,SOM: Drought EAP,2024-08-16 00:00:00+00:00,MDRSO019_33928.pdf,2024.0,False,False,Other
MDRBO018,4048,7717.0,33932,DREF Operation Final Report,Bolivia - Floods (MDRBO018),MDRBO018fr,2026-05-13T00:00:00Z,https://go-api.ifrc.org/api/DownloadFile/90962/MDRBO018fr,BO,BULL: Flood - 11-2025 - Floods in Samaipata ,2025-04-19 00:00:00+00:00,MDRBO018_33932.pdf,2025.0,True,False,DREF (Missing from JSON)
MDRGT027,4373,7777.0,33938,DREF Operation Update,Guatemala – Measles Outbreak (MDRGT027),MDRGT027ou1,2026-05-14T00:00:00Z,https://go-api.ifrc.org/api/DownloadFile/94948/MDRGT027ou1,GT,GTM: Epidemic - 01-2026 - INSTITUTIONAL RED ALERT DUE TO CONFIRMATION OF MEASLES CASES IN GUATEMALA ,2026-01-23 00:00:00+00:00,MDRGT027_33938.pdf,2026.0,False,False,Other
MDRBD039,4426,7881.0,33939,DREF Operation Update,Bangladesh Measles (MDRBD039),MDRBD039OU,2026-05-17T00:00:00Z,https://go-api.ifrc.org/api/DownloadFile/94977/MDRBD039OU,BD,"Bangladesh: Measles Outbreak, 2026",2026-04-14 00:00:00+00:00,MDRBD039_33939.pdf,2026.0,False,False,Other
MDRCD047,4108,7631.0,33940,6 month update,DRC - Ebola outbreak (MDRCD047),MDRCD047 6m,2026-05-18T00:00:00Z,https://go-api.ifrc.org/api/DownloadFile/92422/MDRCD047-6m,CD,DRC - Ebola Virus 16 Outbreak - 2025,2025-09-11 00:00:00+00:00,MDRCD047_33940.pdf,2025.0,False,False,Other
MDRSY016,4096,7607.0,33943,DREF Operation Final Report,Syria - Heatwave (MDRSY016),MDRSY016fr,2026-05-20T00:00:00Z,https://go-api.ifrc.org/api/DownloadFile/92292/MDRSY016fr,SY,SYR: Heat Wave - 08-2025 - Severe heat wave in Syria ,2025-08-14 00:00:00+00:00,MDRSY016_33943.pdf,2025.0,True,False,DREF (Missing from JSON)
MDRS1001,3732,6479.0,33945,Operations Update,Sudan Crisis Regional Population Movement (MDRS1001),MDRS1001 OU6,2026-05-20T00:00:00Z,https://go-api.ifrc.org/api/DownloadFile/94992/MDRS1001-OU6,KE,Sudan Crisis: Population Movement Neighbouring Countries,2023-05-30 00:00:00+00:00,MDRS1001_33945.pdf,2023.0,False,False,Other
MDRCL019,4165,7735.0,33946,DREF Operation Update,Chile - Wildfire (MDRCL019),MSRCL019-OU1,2026-05-21T00:00:00Z,https://go-api.ifrc.org/api/DownloadFile/94996/MSRCL019-OU1,CL,CHL: Fire - 12-2025 - Wildfires,2026-01-26 00:00:00+00:00,MDRCL019_33946.pdf,2026.0,False,False,Other
MDRS1007,4434,7937.0,33947,Emergency Appeal,EVD Regional Appeal (MDRS1007),MDRS1007ea,2026-05-22T00:00:00Z,https://go-api.ifrc.org/api/DownloadFile/94997/MDRS1007ea,KE,Africa - Ebola BVD -  Outbreak 2026,2026-05-19 00:00:00+00:00,MDRS1007_33947.pdf,2026.0,False,False,Other
MDRAO014,4396,7831.0,33948,DREF Operation Update,Angola - Floods 2026 (MDRAO014),MDRAO014du1,2026-05-22T00:00:00Z,https://go-api.ifrc.org/api/DownloadFile/95016/MDRAO014du1,AO,AGO: Flood - 02-2026 - Angola - Floods 2026 ,2026-03-06 00:00:00+00:00,MDRAO014_33948.pdf,2026.0,False,False,Other
MDRVN025,4095,7543.0,33949,DREF Operation Update,Viet Nam - Monsoon Flood (MDRVN025),MDRVN025OU3,2026-05-22T00:00:00Z,https://go-api.ifrc.org/api/DownloadFile/95017/MDRVN025OU3,VN,"Viet Nam: Flood, 2025",2025-08-14 00:00:00+00:00,MDRVN025_33949.pdf,2025.0,False,False,Other
MDRAO014,4396,7831.0,33951,DREF Operation,Angola - Floods 2026 (MDRAO014),MDRAO014du1,2026-03-17T00:00:00Z,https://go-api.ifrc.org/api/DownloadFile/94551/MDRAO014du1,AO,AGO: Flood - 02-2026 - Angola - Floods 2026 ,2026-03-06 00:00:00+00:00,MDRAO014_33951.pdf,2026.0,False,False,Other
MDRAF021,4423,7862.0,33952,DREF Operation Update,Afghanistan - Floods 2026 (MDRAF021),MDRAF021OU,2026-05-23T00:00:00Z,https://go-api.ifrc.org/api/DownloadFile/95020/MDRAF021OU,AF,"Afghanistan: Flash Floods, 2026",2026-04-05 00:00:00+00:00,MDRAF021_33952.pdf,2026.0,False,False,Other
MDRCL019,4165,7735.0,33956,DREF Operation Update,Chile - Wildfire (MDRCL019),MDRCL019-OU1,2026-05-26T00:00:00Z,https://go-api.ifrc.org/api/DownloadFile/94996/MDRCL019-OU1,CL,CHL: Fire - 12-2025 - Wildfires,2026-01-26 00:00:00+00:00,MDRCL019_33956.pdf,2026.0,False,False,Other
MDRCD046,4052,7475.0,33959,DREF Operation Final Report,DRC - Floods (MDRCD046),MDRCD046dfr,2026-05-11T00:00:00Z,https://go-api.ifrc.org/api/DownloadFile/91052/MDRCD046dfr,CD,COD: Flood - 04-2025 - Floods in the city of Kinshasa ,2025-04-28 00:00:00+00:00,MDRCD046_33959.pdf,2025.0,True,False,DREF (Missing from JSON)
MDRKG021,4042,7450.0,33960,DREF Operation Final Report,Kyrgyzstan - Measles (MDRKG021),MDRKG021dfr,2026-05-18T00:00:00Z,https://go-api.ifrc.org/api/DownloadFile/90828/MDRKG021dfr,KG,KGZ: Epidemic - 03-2025 - Measles outbreak,2025-04-01 00:00:00+00:00,MDRKG021_33960.pdf,2025.0,True,True,DREF (JSON)
MDRVE011,4028,7425.0,33961,DREF Operation Final Report,Venezuela - Population Movement (MDRVE011),MDRVE011fr,2026-05-13T00:00:00Z,https://go-api.ifrc.org/api/DownloadFile/90714/MDRVE011fr,VE,VEN: Movimiento de la población - 02-2025 - Atención a migrantes,2025-03-15 00:00:00+00:00,MDRVE011_33961.pdf,2025.0,True,False,DREF (Missing from JSON)
MDRPE014,4027,7435.0,33962,DREF Operation Final Report,Peru - Flood (MDRPE014),MDRPE014fr,2026-05-08T00:00:00Z,https://go-api.ifrc.org/api/DownloadFile/90682/MDRPE014fr,PE,PER: Flood / flood - 02-2025 - Flood / Flood / Thunderstorm ,2025-03-15 00:00:00+00:00,MDRPE014_33962.pdf,2025.0,True,False,DREF (Missing from JSON)
MDRAO011,4005,7281.0,33963,DREF Operation Final Report,Angola - Cholera Response (MDRAO011),MDRAO011dfr,2026-05-14T00:00:00Z,https://go-api.ifrc.org/api/DownloadFile/89907/MDRAO011dfr,AO,AGO: Epidemic - 01-2025 - Cholera & Floods,2025-01-21 00:00:00+00:00,MDRAO011_33963.pdf,2025.0,True,True,DREF (JSON)
MDRPS014,3691,6351.0,33964,DREF Operation Final Report,"Palestine - Syria EQ 2023, PRCS-Syria Response (MDRPS014)",MDRPS014fr,2026-03-17T00:00:00Z,https://go-api.ifrc.org/api/DownloadFile/83641/MDRPS014fr,PS,"SYR: Earthquake - 2023-02 - Syria EQ 2023, PRCS-Syria Response",2023-02-17 00:00:00+00:00,MDRPS014_33964.pdf,2023.0,True,False,DREF (Missing from JSON)
MDRGQ006,4091,7596.0,33972,DREF Operation Final Report,Equatorial Guinea - flood (MDRGQ006),MDRGQ006dfr,2026-05-29T00:00:00Z,https://go-api.ifrc.org/api/DownloadFile/92208/MDRGQ006dfr,GQ,GNQ: Flood - 08-2025 - Inondations Guinee Equatoriale ,2025-08-07 00:00:00+00:00,MDRGQ006_33972.pdf,2025.0,True,False,DREF (Missing from JSON)
MDRMW024,4126,7670.0,33982,DREF Operation Update,Malawi – Food Insecurity (MDRMW024),MDRMW024du1,2026-06-04T00:00:00Z,https://go-api.ifrc.org/api/DownloadFile/93719/MDRMW024du1,MW,MWI: Food Insecurity - 10-2025 - Food Insecurity in Malawi ,2025-10-24 00:00:00+00:00,MDRMW024_33982.pdf,2025.0,False,False,Other
MDRS1007,4434,7937.0,33986,Operational strategy,EVD Regional Appeal (MDRS1007),MDRS1007 OS,2026-06-05T00:00:00Z,https://go-api.ifrc.org/api/DownloadFile/95067/MDRS1007-OS,KE,Africa - Ebola BVD -  Outbreak 2026,2026-05-19 00:00:00+00:00,MDRS1007_33986.pdf,2026.0,False,False,Other
MDRSL020,4436,7907.0,33958,DREF Operation,Sierra Leone: Windstorm and Fire (MDRSL020),MDRSL020do,2026-05-26T00:00:00Z,https://go-api.ifrc.org/api/DownloadFile/95027/MDRSL020do,SL,SLE: Fire - 05-2026 - Sierra Leone Fire ,2026-05-22 00:00:00+00:00,MDRSL020_33958.pdf,2026.0,False,False,Other
MDRKE069,4133,7673.0,33976,DREF Operation Final Report,Kenya - Marburg Virus Disease (MDRKE069),MDRKE069dfr,2026-05-31T00:00:00Z,https://go-api.ifrc.org/api/DownloadFile/93932/MDRKE069dfr,KE,KEN: Epidemic - 10-2025 - Cholera Outbreak in Nairobi ,2025-11-25 00:00:00+00:00,MDRKE069_33976.pdf,2025.0,True,False,DREF (Missing from JSON)
MDRSS019,4438,7937.0,33980,DREF Operation,South Sudan - Ebola Virus Disease Readiness (MDRSS019),MDRSS019do,2026-06-03T00:00:00Z,https://go-api.ifrc.org/api/DownloadFile/95039/MDRSS019do,SS,Africa - Ebola BVD -  Outbreak 2026,2026-05-19 00:00:00+00:00,MDRSS019_33980.pdf,2026.0,False,False,Other
MDRSY015,4076,7554.0,33987,DREF Operation Final Report,Syria - Wildfires (MDRSY015),MDRSY015FR,2026-06-07T00:00:00Z,https://go-api.ifrc.org/api/DownloadFile/92291/MDRSY015FR,SY,SYR: Fire - 07-2025 - Fire,2025-07-08 00:00:00+00:00,MDRSY015_33987.pdf,2025.0,True,False,DREF (Missing from JSON)
MDRNG042,4058,7514.0,33988,12 month update,Nigeria - Malnutrition (MDRNG042),MDRNG04212m,2026-06-08T00:00:00Z,https://go-api.ifrc.org/api/DownloadFile/95077/MDRNG04212m,NG,Nigeria - Malnutrition - 2025,2025-05-22 00:00:00+00:00,MDRNG042_33988.pdf,2025.0,False,False,Other
MDRKE068,4125,7658.0,33993,6 month update,Kenya - Complex Emergency (MDRKE068),MDRKE068 6m,2026-06-10T00:00:00Z,https://go-api.ifrc.org/api/DownloadFile/93653/MDRKE068-6m,KE,Kenya -  Complex Emergency,2025-10-22 00:00:00+00:00,MDRKE068_33993.pdf,2025.0,False,False,Other
MDRET040,4411,7840.0,33999,DREF Operation Update,Ethiopia - Population Movement (MDRET040),MDRET040du1,2026-06-15T00:00:00Z,https://go-api.ifrc.org/api/DownloadFile/95098/MDRET040du1,ET,ETH: Population Movement - 03-2026 - South Sudan influx ,2026-03-18 00:00:00+00:00,MDRET040_33999.pdf,2026.0,False,False,Other
MDRPH059,4443,7974.0,34000,DREF Operation,Philippines - Earthquake (MDRPH059),MDRPH059do,2026-06-15T00:00:00Z,https://go-api.ifrc.org/api/DownloadFile/95094/MDRPH059do,PH,"Philippines: Maasim, Sarangani Earthquake, 2026",2026-06-11 00:00:00+00:00,MDRPH059_34000.pdf,2026.0,False,False,Other
MDRDO021,4431,7882.0,34001,DREF Operation,Dominican Republic Floods (MDRDO021),MDRDO021_DO,2026-06-15T00:00:00Z,https://go-api.ifrc.org/api/DownloadFile/95102/MDRDO021_DO,DO,DOM: Pluvial Flooding / Flood - 04-2026 - Urban and Rural Flooding in Geographical Areas,2026-04-21 00:00:00+00:00,MDRDO021_34001.pdf,2026.0,False,False,Other
MDRAM018,4447,7972.0,34002,DREF Operation,Armenia Hail storm (MDRAM018),Armenia_hailstrom_MDRAM018,2026-06-16T00:00:00Z,https://go-api.ifrc.org/api/DownloadFile/95104/Armenia_hailstrom_MDRAM018,AM,ARM: Other - 06-2026 - Severe Hailstorm in Stepanavan ,2026-06-13 00:00:00+00:00,MDRAM018_34002.pdf,2026.0,False,False,Other
MDRAF018,4047,7468.0,34003,12 month update,Afghanistan - Population mvt from Pakistan (MDRAF018),MDRAF018OU5,2026-06-17T00:00:00Z,https://go-api.ifrc.org/api/DownloadFile/91378/MDRAF018OU5,AF,"Afghanistan: Population Movement, 2025",2025-04-12 00:00:00+00:00,MDRAF018_34003.pdf,2025.0,False,False,Other
MDRCO032,4077,7555.0,34006,DREF Operation Final Report,Colombia - Floods (MDRCO032),MDRCO032fr,2026-06-18T00:00:00Z,https://go-api.ifrc.org/api/DownloadFile/91745/MDRCO032fr,CO,COL: Flood - 07-2025 - Rainy Season 2025 ,2025-07-09 00:00:00+00:00,MDRCO032_34006.pdf,2025.0,True,False,DREF (Missing from JSON)
MDRCM042,4142,7821.0,34008,DREF Operation Update,Cameroon - Food Insecurity (MDRCM042),MDRCM042du2,2026-06-19T00:00:00Z,https://go-api.ifrc.org/api/DownloadFile/95134/MDRCM042du2,CM,2026 : Cameroon Food Insecurity,2025-12-08 00:00:00+00:00,MDRCM042_34008.pdf,2025.0,False,False,Other
MDRLK024,4449,7966.0,34009,DREF Operation,Sri Lanka - Dengue outbreak (MDRLK024),MDRLK024.do,2026-06-20T00:00:00Z,https://go-api.ifrc.org/api/DownloadFile/95138/MDRLK024.do,LK,"Sri Lanka: Dengue Outbreak, 2026",2026-06-18 00:00:00+00:00,MDRLK024_34009.pdf,2026.0,False,False,Other
MDRBO022,4444,7962.0,34013,DREF Operation,Bolivia Civil Unrest (MDRBO022),MDRBO022_DO,2026-06-23T00:00:00Z,https://go-api.ifrc.org/api/DownloadFile/95155/MDRBO022_DO,CO,BULL: Civil unrest - 05-2026 - Civil unrest ,2026-06-13 00:00:00+00:00,MDRBO022_34013.pdf,2026.0,False,False,Other
MDRIQ021,4450,7979.0,34020,DREF Operation,Iraq - Crimean-Congo Hemorrhagic Fever (MDRIQ021),MDRIQ021do,2026-06-26T00:00:00Z,https://go-api.ifrc.org/api/DownloadFile/95171/MDRIQ021do,IQ,IRQ: Epidemic - 05-2026 - Crimean-Congo Hemorrhagic Fever (CCHF) in Iraq/IRCS ,2026-06-20 00:00:00+00:00,MDRIQ021_34020.pdf,2026.0,False,False,Other
MDRCF034,4448,7937.0,34021,DREF Operation,Central African Republic - Ebola Virus Disease Readiness (MDRCF034),MDRCF034do,2026-06-26T00:00:00Z,https://go-api.ifrc.org/api/DownloadFile/95172/MDRCF034do,CF,Africa - Ebola BVD -  Outbreak 2026,2026-05-19 00:00:00+00:00,MDRCF034_34021.pdf,2026.0,False,False,Other
MDRKE072,4445,7937.0,34022,DREF Operation,Kenya Bundibugyo Ebola Virus Disease (BVD) Readiness (MDRKE072),MDRKE072do,2026-06-27T00:00:00Z,https://go-api.ifrc.org/api/DownloadFile/95175/MDRKE072do,KE,Africa - Ebola BVD -  Outbreak 2026,2026-05-19 00:00:00+00:00,MDRKE072_34022.pdf,2026.0,False,False,Other
MDRVE015,4452,7990.0,34016,Emergency Appeal,Venezuela Earthquake,MDRVE015ea,2026-06-26T12:10:45Z,,VE,Venezuela Earthquake,2026-06-25 00:00:00+00:00,MDRVE015_34016.pdf,2026.0,False,False,Other
MDRVE015,4452,7990.0,34019,Emergency Appeal,Venezuela-Earthquake (MDRVE015),Venezuela Earthquake EA_MDRVE015,2026-06-26T00:00:00Z,https://go-api.ifrc.org/api/DownloadFile/95170/Venezuela-Earthquake-EA_MDRVE015,VE,Venezuela Earthquake,2026-06-25 00:00:00+00:00,MDRVE015_34019.pdf,2026.0,False,False,Other
MDRCU013,4129,7687.0,34028,6 month update,Cuba - Hurricane (MDRCU013),MDRCU013OU4,2026-06-30T00:00:00Z,https://go-api.ifrc.org/api/DownloadFile/93706/MDRCU013OU4,CU,Cuba - Hurricane Melissa - October 2025,2025-10-30 00:00:00+00:00,MDRCU013_34028.pdf,2025.0,False,False,Other
MDRS1007,4434,7937.0,34005,Operations Update,EVD Regional Appeal (MDRS1007),MDRS1007eu1,2026-06-18T00:00:00Z,https://go-api.ifrc.org/api/DownloadFile/95124/MDRS1007eu1,KE,Africa - Ebola BVD -  Outbreak 2026,2026-05-19 00:00:00+00:00,MDRS1007_34005.pdf,2026.0,False,False,Other
MDRS1005,3995,7272.0,34011,12 month update,Africa - Cyclone Chido (MDRS1005),MDRS1005OU4,2026-06-22T00:00:00Z,https://go-api.ifrc.org/api/DownloadFile/95140/MDRS1005OU4,KE,Africa - Cyclone Chido,2024-12-17 00:00:00+00:00,MDRS1005_34011.pdf,2024.0,False,False,Other
MDRMD008,4451,7983.0,34023,DREF Operation,Moldova Floods (MDRMD008),Moldova-Floods (MDRMD008),2026-06-29T00:00:00Z,https://go-api.ifrc.org/api/DownloadFile/95183/Moldova-Floods-(MDRMD008),MD,MDA: Flood - 05-2026 - Floods in Moldova May-June 2026 ,2026-06-23 00:00:00+00:00,MDRMD008_34023.pdf,2026.0,False,False,Other
MDRBD037,3924,7605.0,34030,DREF/EAP Update,Bangladesh - Floods EAP (MDRBD037),MDRBD037OU1,2026-07-01T00:00:00Z,https://go-api.ifrc.org/api/DownloadFile/95204/MDRBD037OU1,BD,"Bangladesh: Floods EAP, 2024",2024-07-09 00:00:00+00:00,MDRBD037_34030.pdf,2024.0,False,False,Other
MDRMM023,4040,7464.0,34031,12 month update,Myanmar - Earthquake (MDRMM023),MDRMM023_One Year Report,2026-06-05T00:00:00Z,https://go-api.ifrc.org/api/DownloadFile/91014/MDRMM023_One-Year-Report,MM,Myanmar Earthquake March 2025,2025-03-29 00:00:01+00:00,MDRMM023_34031.pdf,2025.0,False,False,Other
MDRSL018,4039,7453.0,34032,DREF Operation Final Report,Sierra Leone - Fire Incidents (MDRSL018),MDRSL018dfr,2026-07-02T00:00:00Z,https://go-api.ifrc.org/api/DownloadFile/90818/MDRSL018dfr,SL,SLE: Fire - 03-2025 - Fire ,2025-03-28 00:00:00+00:00,MDRSL018_34032.pdf,2025.0,True,False,DREF (Missing from JSON)
MDRIR015,4068,7537.0,34033,DREF Operation Final Report,Iran - Complex Emergency (MDRIR015),MDRIR015fr,2026-07-02T00:00:00Z,https://go-api.ifrc.org/api/DownloadFile/94117/MDRIR015fr,IR,IRN: Complex Emergency - 06-2025 - Iran I.R.,2025-06-20 00:00:00+00:00,MDRIR015_34033.pdf,2025.0,True,False,DREF (Missing from JSON)
MDRCG029,4453,7987.0,34034,DREF Operation,Congo Population Movement (MDRCG029),MDRCG029do,2026-07-02T00:00:00Z,https://go-api.ifrc.org/api/DownloadFile/95227/MDRCG029do,CG,COG: Displacement - 06-2026 - MOVEMENT OF THE POPULATION OF THE DRC IN THE REPUBLIC OF CONGO,2026-06-25 00:00:00+00:00,MDRCG029_34034.pdf,2026.0,False,False,Other
MDRMW026,4454,7986.0,34035,DREF Operation,Malawi Population Movement (MDRMW026),MDRMW026do,2026-07-02T00:00:00Z,https://go-api.ifrc.org/api/DownloadFile/95228/MDRMW026do,MW,MWI: Population Movement - 03-2026 - Malawi Xenophobia Population Movement Response ,2026-06-28 00:00:00+00:00,MDRMW026_34035.pdf,2026.0,False,False,Other
MDRTD024,3952,7144.0,34036,Operations Update,Chad - Flood (MDRTD024),MDRTD024eu5,2026-07-03T00:00:00Z,https://go-api.ifrc.org/api/DownloadFile/95234/MDRTD024eu5,TD,Chad - Floods 2024,2024-09-12 00:00:00+00:00,MDRTD024_34036.pdf,2024.0,False,False,Other
MDRGE021,4457,7993.0,34041,DREF Operation,Georgia - Floods (MDRGE021),Georgia Floods (MDRGE021),2026-07-07T00:00:00Z,https://go-api.ifrc.org/api/DownloadFile/95264/Georgia-Floods-(MDRGE021),GE,GEO: Flood - 06-2026 - Heavy Rain and Floods in Samegrelo and Zemo Svaneti Region ,2026-07-04 00:00:00+00:00,MDRGE021_34041.pdf,2026.0,False,False,Other
MDRVE015,4452,7990.0,34039,Operational strategy,Venezuela Earthquake OS MDRVE015,Venezuela Earthquake Operational Strategy,2026-07-06T23:24:08Z,,VE,Venezuela Earthquake,2026-06-25 00:00:00+00:00,MDRVE015_34039.pdf,2026.0,False,False,Other
MDRJM005,4123,7678.0,34042,6 month update,Jamaica - Hurricane (MDRJM005),MDRJM005OU3,2026-07-07T00:00:00Z,https://go-api.ifrc.org/api/DownloadFile/93661/MDRJM005OU3,JM,Jamaica - Hurricane Melissa - October 2025,2025-10-23 00:00:00+00:00,MDRJM005_34042.pdf,2025.0,False,False,Other
MDRTN012,4162,7772.0,34046,DREF Operation Update,Tunisia - Flood (MDRTN012),MDRTN012ou,2026-07-10T00:00:00Z,https://go-api.ifrc.org/api/DownloadFile/95309/MDRTN012ou,TN,TUN: Flood - 01-2026 - Tunisia,2026-01-28 00:00:00+00:00,MDRTN012_34046.pdf,2026.0,False,False,Other
MDRVE015,4452,7990.0,34040,Operational strategy,Venezuela-Earthquake (MDRVE015),MDRVE015OS,2026-07-06T00:00:00Z,https://go-api.ifrc.org/api/DownloadFile/95256/MDRVE015OS,VE,Venezuela Earthquake,2026-06-25 00:00:00+00:00,MDRVE015_34040.pdf,2026.0,False,False,Other
MDRCM043,4379,7797.0,26533,DREF Operation,Cameroon - Fire (MDRCM043),MDRCM043do,2026-02-19T00:00:00Z,https://go-api.ifrc.org/api/DownloadFile/94366/MDRCM043do,CM,CMR: Fire - 02-2026 - Kolofata fire ,2026-02-11 00:00:00+00:00,MDRCM043_26533.pdf,2026.0,False,False,Other
MDRDZ014,4178,7774.0,26541,DREF Operation,Algeria Flood (MDRDZ014),MDRDZ014do,2026-02-02T00:00:00Z,https://go-api.ifrc.org/api/DownloadFile/94255/MDRDZ014do,DZ,DZA: Flood - 01-2026 - Algeria: Floods and Heavy Rains ,2026-01-29 00:00:00+00:00,MDRDZ014_26541.pdf,2026.0,False,False,Other
MDRTN012,4162,7772.0,26543,DREF Operation,Tunisia - Flood (MDRTN012),MDRTN012do,2026-02-02T00:00:00Z,https://go-api.ifrc.org/api/DownloadFile/94257/MDRTN012do,TN,TUN: Flood - 01-2026 - Tunisia,2026-01-28 00:00:00+00:00,MDRTN012_26543.pdf,2026.0,False,False,Other
MDRCL019,4165,7735.0,26547,DREF Operation,Chile - Wildfire (MDRCL019),MDRCL019do,2026-02-04T00:00:00Z,https://go-api.ifrc.org/api/DownloadFile/94275/MDRCL019do,CL,CHL: Fire - 12-2025 - Wildfires,2026-01-26 00:00:00+00:00,MDRCL019_26547.pdf,2026.0,False,False,Other
MDRZA022,4160,7771.0,26549,DREF Operation,South Africa - Flood (MDRZA022),MDRZA022do,2026-02-01T00:00:00Z,https://go-api.ifrc.org/api/DownloadFile/94250/MDRZA022do,ZA,ZAF: Flood - 01-2026 - Limpopo and Mpumalanga Floods ,2026-01-25 00:00:00+00:00,MDRZA022_26549.pdf,2026.0,False,False,Other
MDRGT027,4373,7777.0,26550,DREF Operation,Guatemala – Measles Outbreak (MDRGT027),MDRGT027do,2026-02-02T00:00:00Z,https://go-api.ifrc.org/api/DownloadFile/94260/MDRGT027do,GT,GTM: Epidemic - 01-2026 - INSTITUTIONAL RED ALERT DUE TO CONFIRMATION OF MEASLES CASES IN GUATEMALA ,2026-01-23 00:00:00+00:00,MDRGT027_26550.pdf,2026.0,False,False,Other
MDRRS016,4157,7758.0,26552,DREF Operation,Serbia - Extreme Winter Condition (MDRRS016),DREF Operation_Serbia_MDRRS016,2026-01-30T00:00:00Z,https://go-api.ifrc.org/api/DownloadFile/94237/DREF-Operation_Serbia_MDRRS016,RS,SRB: Other - 01-2026 - Extreme winter condition and floods,2026-01-20 00:00:00+00:00,MDRRS016_26552.pdf,2026.0,False,False,Other
MDRBO020,4149,7731.0,26560,DREF Operation,Bolivia - Flash Floods (MDRBO020),MDRBO020do,2025-12-29T00:00:00Z,https://go-api.ifrc.org/api/DownloadFile/94091/MDRBO020do,BO,BOL: Flood - 12-2025 - Floods in Santa Cruz Bolivia,2025-12-24 00:00:00+00:00,MDRBO020_26560.pdf,2025.0,False,False,Other
MDRBI024,4143,7641.0,26567,DREF Operation,Burundi - Epidemic (MDRBI024),MDRBI024do,2025-12-24T00:00:00Z,https://go-api.ifrc.org/api/DownloadFile/94070/MDRBI024do,BI,"BDI: Epidemic - 01-2025 - Burundi, Cholera Epidemic outbreak 2025 ",2025-12-12 00:00:00+00:00,MDRBI024_26567.pdf,2025.0,False,False,Other
MDRCM042,4142,7821.0,26568,Emergency Appeal,Cameroon - Food Insecurity (MDRCM042),MDRCM042ea,2026-02-26T00:00:00Z,https://go-api.ifrc.org/api/DownloadFile/94395/MDRCM042ea,CM,2026 : Cameroon Food Insecurity,2025-12-08 00:00:00+00:00,MDRCM042_26568.pdf,2025.0,False,False,Other
MDRCM042,4142,7821.0,26569,DREF Operation,Cameroon - Food Insecurity (MDRCM042),MDRCM042do,2025-12-10T00:00:00Z,https://go-api.ifrc.org/api/DownloadFile/93926/MDRCM042do,CM,2026 : Cameroon Food Insecurity,2025-12-08 00:00:00+00:00,MDRCM042_26569.pdf,2025.0,False,False,Other
MDRIR016,4140,7715.0,26570,DREF Operation,Iran - Wildfires (MDRIR016),MDRIR016do,2025-12-09T00:00:00Z,https://go-api.ifrc.org/api/DownloadFile/93894/MDRIR016do,IR,IRN: Fire - 11-2025 - Iran-Severe Drought and Large-Scale Wildfires ,2025-12-07 00:00:00+00:00,MDRIR016_26570.pdf,2025.0,False,False,Other
MDRID028,4137,7714.0,26571,DREF Operation,Indonesia - Floods (MDRID028),MDRID028do,2025-12-08T00:00:00Z,https://go-api.ifrc.org/api/DownloadFile/93885/MDRID028do,ID,"Indonesia: Flood, 2025",2025-12-06 00:00:00+00:00,MDRID028_26571.pdf,2025.0,False,False,Other
MDRCG026,4134,7705.0,26583,DREF Operation,Congo - Floods (MDRCG026),MDRCG026do,2025-12-02T00:00:00Z,https://go-api.ifrc.org/api/DownloadFile/93845/MDRCG026do,CG,"COG: Flood - 11-2025 - FLOOD, due to torrential rains and overflowing rivers ",2025-11-25 00:00:00+00:00,MDRCG026_26583.pdf,2025.0,False,False,Other
MDRKE069,4133,7673.0,26584,DREF Operation,Kenya - Marburg Virus Disease (MDRKE069),MDRKE069do,2025-12-10T00:00:00Z,https://go-api.ifrc.org/api/DownloadFile/93931/MDRKE069do,KE,KEN: Epidemic - 10-2025 - Cholera Outbreak in Nairobi ,2025-11-25 00:00:00+00:00,MDRKE069_26584.pdf,2025.0,False,False,Other
MDRET039,4131,7704.0,26585,DREF Operation,Ethiopia - Marburg Outbreak (MDRET039),MDRET039do,2025-11-27T00:00:00Z,https://go-api.ifrc.org/api/DownloadFile/93815/MDRET039do,ET,Ethiopia - Marburg Virus Disease Outbreak,2025-11-19 00:00:00+00:00,MDRET039_26585.pdf,2025.0,False,False,Other
MDRCD048,4130,7700.0,26586,DREF Operation,Democratic Republic of Congo - Flood (MDRCD048),MDRCD048do,2025-11-29T00:00:00Z,https://go-api.ifrc.org/api/DownloadFile/93826/MDRCD048do,CD,COD: Flood - 11-2025 - Floods in the city of Kinshasa in the Democratic Republic of Congo ,2025-11-19 00:00:00+00:00,MDRCD048_26586.pdf,2025.0,False,False,Other
MDRCU013,4129,7687.0,26588,DREF Operation,Cuba - Hurricane (MDRCU013),MDRCU013do,2025-11-20T00:00:00Z,https://go-api.ifrc.org/api/DownloadFile/93733/MDRCU013do,CU,Cuba - Hurricane Melissa - October 2025,2025-10-30 00:00:00+00:00,MDRCU013_26588.pdf,2025.0,False,False,Other
MDRCU013,4129,7687.0,26589,Operations Update,Cuba - Hurricane (MDRCU013),MDRCU013-OU2,2025-12-24T00:00:00Z,https://go-api.ifrc.org/api/DownloadFile/93705/MDRCU013-OU2,CU,Cuba - Hurricane Melissa - October 2025,2025-10-30 00:00:00+00:00,MDRCU013_26589.pdf,2025.0,False,False,Other
MDRCU013,4129,7687.0,26590,Operations Update,Cuba - Hurricane (MDRCU013),MDRCU013-OU1,2025-12-09T00:00:00Z,https://go-api.ifrc.org/api/DownloadFile/93704/MDRCU013-OU1,CU,Cuba - Hurricane Melissa - October 2025,2025-10-30 00:00:00+00:00,MDRCU013_26590.pdf,2025.0,False,False,Other
MDRCU013,4129,7687.0,26591,Emergency Appeal,Cuba - Hurricane (MDRCU013),MDRCU013EA,2025-10-30T00:00:00Z,https://go-api.ifrc.org/api/DownloadFile/93570/MDRCU013EA,CU,Cuba - Hurricane Melissa - October 2025,2025-10-30 00:00:00+00:00,MDRCU013_26591.pdf,2025.0,False,False,Other
MDRCU013,4129,7687.0,26592,Operational strategy,Cuba - Hurricane (MDRCU013),MDRCU013OS,2025-11-17T00:00:00Z,https://go-api.ifrc.org/api/DownloadFile/93703/MDRCU013OS,CU,Cuba - Hurricane Melissa - October 2025,2025-10-30 00:00:00+00:00,MDRCU013_26592.pdf,2025.0,False,False,Other
MDRDO019,4128,7674.0,26593,DREF Operation Update,Dominican Republic - Hurricane Melissa (MDRDO019),MDRDO019ou1,2026-02-02T00:00:00Z,https://go-api.ifrc.org/api/DownloadFile/94259/MDRDO019ou1,DO,Dominican Republic - Hurricane Melissa,2025-10-30 00:00:00+00:00,MDRDO019_26593.pdf,2025.0,False,False,Other
MDRDO019,4128,7674.0,26594,DREF Operation,Dominican Republic - Hurricane Melissa (MDRDO019),MDRDO019do,2025-11-12T00:00:00Z,https://go-api.ifrc.org/api/DownloadFile/93671/MDRDO019do,DO,Dominican Republic - Hurricane Melissa,2025-10-30 00:00:00+00:00,MDRDO019_26594.pdf,2025.0,False,False,Other
MDRMW024,4126,7670.0,26595,DREF Operation,Malawi – Food Insecurity (MDRMW024),MDRMW024do,2025-11-06T00:00:00Z,https://go-api.ifrc.org/api/DownloadFile/93617/MDRMW024do,MW,MWI: Food Insecurity - 10-2025 - Food Insecurity in Malawi ,2025-10-24 00:00:00+00:00,MDRMW024_26595.pdf,2025.0,False,False,Other
MDRJM005,4123,7678.0,26597,Operations Update,Jamaica - Hurricane (MDRJM005),MDRJM005OU1,2025-12-09T00:00:00Z,https://go-api.ifrc.org/api/DownloadFile/93659/MDRJM005OU1,JM,Jamaica - Hurricane Melissa - October 2025,2025-10-23 00:00:00+00:00,MDRJM005_26597.pdf,2025.0,False,False,Other
MDRJM005,4123,7678.0,26598,Operations Update,Jamaica - Hurricane (MDRJM005),MDRJM005-OU2,2025-12-24T00:00:00Z,https://go-api.ifrc.org/api/DownloadFile/93660/MDRJM005-OU2,JM,Jamaica - Hurricane Melissa - October 2025,2025-10-23 00:00:00+00:00,MDRJM005_26598.pdf,2025.0,False,False,Other
MDRJM005,4123,7678.0,26599,Emergency Appeal,Jamaica - Hurricane (MDRJM005),MDRJM005EA,2025-10-30T00:00:00Z,https://go-api.ifrc.org/api/DownloadFile/93563/MDRJM005EA,JM,Jamaica - Hurricane Melissa - October 2025,2025-10-23 00:00:00+00:00,MDRJM005_26599.pdf,2025.0,False,False,Other
MDRJM005,4123,7678.0,26600,Operational strategy,Jamaica - Hurricane (MDRJM005),MDRJM005OS,2025-11-11T00:00:00Z,https://go-api.ifrc.org/api/DownloadFile/93656/MDRJM005OS,JM,Jamaica - Hurricane Melissa - October 2025,2025-10-23 00:00:00+00:00,MDRJM005_26600.pdf,2025.0,False,False,Other
MDRJM005,4123,7678.0,26601,DREF Operation Update,Jamaica - Hurricane (MDRJM005),MDRJM005ou1,2025-11-12T00:00:00Z,https://go-api.ifrc.org/api/DownloadFile/93673/MDRJM005ou1,JM,Jamaica - Hurricane Melissa - October 2025,2025-10-23 00:00:00+00:00,MDRJM005_26601.pdf,2025.0,False,False,Other
MDRJM005,4123,7678.0,26602,DREF Operation,Jamaica - Hurricane (MDRJM005),MDRJM005 do,2025-10-24T00:00:00Z,https://go-api.ifrc.org/api/DownloadFile/93527/MDRJM005-do,JM,Jamaica - Hurricane Melissa - October 2025,2025-10-23 00:00:00+00:00,MDRJM005_26602.pdf,2025.0,False,False,Other
MDRKE068,4125,7658.0,26603,Emergency Appeal,Kenya - Complex Emergency (MDRKE068),MDRKE068ea,2025-10-24T00:00:00Z,https://go-api.ifrc.org/api/DownloadFile/93524/MDRKE068ea,KE,Kenya -  Complex Emergency,2025-10-22 00:00:00+00:00,MDRKE068_26603.pdf,2025.0,False,False,Other
MDRKE068,4125,7658.0,26604,Operations Update,Kenya - Complex Emergency (MDRKE068),MDRKE068 OU2,2026-02-17T00:00:00Z,https://go-api.ifrc.org/api/DownloadFile/93652/MDRKE068-OU2,KE,Kenya -  Complex Emergency,2025-10-22 00:00:00+00:00,MDRKE068_26604.pdf,2025.0,False,False,Other
MDRKE068,4125,7658.0,26605,Operations Update,Kenya - Complex Emergency (MDRKE068),MDRKE068 eu1,2026-01-06T00:00:00Z,https://go-api.ifrc.org/api/DownloadFile/93651/MDRKE068-eu1,KE,Kenya -  Complex Emergency,2025-10-22 00:00:00+00:00,MDRKE068_26605.pdf,2025.0,False,False,Other
MDRKE068,4125,7658.0,26606,DREF Operation,Kenya - Complex Emergency (MDRKE068),MDRKE068do,2025-11-21T00:00:00Z,https://go-api.ifrc.org/api/DownloadFile/93756/MDRKE068do,KE,Kenya -  Complex Emergency,2025-10-22 00:00:00+00:00,MDRKE068_26606.pdf,2025.0,False,False,Other
MDRKE068,4125,7658.0,26607,Operational strategy,Kenya - Complex Emergency (MDRKE068),MDRSO068 OS,2025-11-27T00:00:00Z,https://go-api.ifrc.org/api/DownloadFile/93650/MDRSO068-OS,KE,Kenya -  Complex Emergency,2025-10-22 00:00:00+00:00,MDRKE068_26607.pdf,2025.0,False,False,Other
MDRCU012,4122,7667.0,26610,DREF Operation,Cuba- Arboviral Outbreak (MDRCU012),MDRCU012-do,2025-10-24T00:00:00Z,https://go-api.ifrc.org/api/DownloadFile/93526/MDRCU012-do,CU,"CUB: Epidemic - 10-2025 - Outbreak of Dengue, Oropouche and Chikungunya",2025-10-17 00:00:00+00:00,MDRCU012_26610.pdf,2025.0,False,False,Other
MDRCD047,4108,7631.0,26640,Operations Update,DRC - Ebola outbreak (MDRCD047),MDRCD047eu3,2025-12-17T00:00:00Z,https://go-api.ifrc.org/api/DownloadFile/94021/MDRCD047eu3,CD,DRC - Ebola Virus 16 Outbreak - 2025,2025-09-11 00:00:00+00:00,MDRCD047_26640.pdf,2025.0,False,False,Other
MDRCD047,4108,7631.0,26641,Emergency Appeal,DRC - Ebola outbreak (MDRCD047),MDRCD047ea,2025-09-16T00:00:00Z,https://go-api.ifrc.org/api/DownloadFile/92392/MDRCD047ea,CD,DRC - Ebola Virus 16 Outbreak - 2025,2025-09-11 00:00:00+00:00,MDRCD047_26641.pdf,2025.0,False,False,Other
MDRCD047,4108,7631.0,26642,Operations Update,DRC - Ebola outbreak (MDRCD047),MDRCD047eu1,2025-10-11T00:00:00Z,https://go-api.ifrc.org/api/DownloadFile/92420/MDRCD047eu1,CD,DRC - Ebola Virus 16 Outbreak - 2025,2025-09-11 00:00:00+00:00,MDRCD047_26642.pdf,2025.0,False,False,Other
MDRCD047,4108,7631.0,26643,Operational strategy,DRC - Ebola outbreak (MDRCD047),MDRCD047 OS,2025-09-30T00:00:00Z,https://go-api.ifrc.org/api/DownloadFile/92419/MDRCD047-OS,CD,DRC - Ebola Virus 16 Outbreak - 2025,2025-09-11 00:00:00+00:00,MDRCD047_26643.pdf,2025.0,False,False,Other
MDRCD047,4108,7631.0,26644,Operations Update,DRC - Ebola outbreak (MDRCD047),MDRCD047eu2,2025-11-01T00:00:00Z,https://go-api.ifrc.org/api/DownloadFile/92421/MDRCD047eu2,CD,DRC - Ebola Virus 16 Outbreak - 2025,2025-09-11 00:00:00+00:00,MDRCD047_26644.pdf,2025.0,False,False,Other
MDRSY017,4112,7545.0,26658,DREF Operation,Syria - Drought (MDRSY017),MDRSY017do,2025-08-29T00:00:00Z,https://go-api.ifrc.org/api/DownloadFile/92262/MDRSY017do,SY,SYR: Drought - 04-2025 - SYR: Drought - 2025-04 - Syria Droughts 2025 ,2025-08-22 00:00:00+00:00,MDRSY017_26658.pdf,2025.0,False,False,Other
MDRKE067,4097,7586.0,26670,DREF Operation,Kenya - Population Movement (MDRKE067),MDRKE067do,2025-09-10T00:00:00Z,https://go-api.ifrc.org/api/DownloadFile/92355/MDRKE067do,KE,KEN: Population Movement - 07-2025 - Cross Border Population Influx ,2025-08-20 00:00:00+00:00,MDRKE067_26670.pdf,2025.0,False,False,Other
MDRVN025,4095,7543.0,26672,DREF Operation,Viet Nam - Monsoon Flood (MDRVN025),MDRVN025do,2025-08-19T00:00:00Z,https://go-api.ifrc.org/api/DownloadFile/92170/MDRVN025do,VN,"Viet Nam: Flood, 2025",2025-08-14 00:00:00+00:00,MDRVN025_26672.pdf,2025.0,False,False,Other
MDRVN025,4095,7543.0,26673,DREF Operation Update,Viet Nam - Monsoon Flood (MDRVN025),MDRVN025.OU1,2025-10-13T00:00:00Z,https://go-api.ifrc.org/api/DownloadFile/93445/MDRVN025.OU1,VN,"Viet Nam: Flood, 2025",2025-08-14 00:00:00+00:00,MDRVN025_26673.pdf,2025.0,False,False,Other
MDRWS003,4094,7574.0,26674,DREF Operation Update,Samoa - Dengue Outbreak (MDRWS003),MDRWS003OU1,2026-01-30T00:00:00Z,https://go-api.ifrc.org/api/DownloadFile/94233/MDRWS003OU1,WS,"Samoa: Dengue Fever Outbreak, 2025",2025-08-14 00:00:00+00:00,MDRWS003_26674.pdf,2025.0,False,False,Other
MDRWS003,4094,7574.0,26675,DREF Operation,Samoa - Dengue Outbreak (MDRWS003),MDRWS003do,2025-08-20T00:00:00Z,https://go-api.ifrc.org/api/DownloadFile/92174/MDRWS003do,WS,"Samoa: Dengue Fever Outbreak, 2025",2025-08-14 00:00:00+00:00,MDRWS003_26675.pdf,2025.0,False,False,Other
MDRSY016,4096,7607.0,26676,DREF Operation,Syria - Heatwave (MDRSY016),MDRSY016do,2025-08-20T00:00:00Z,https://go-api.ifrc.org/api/DownloadFile/92182/MDRSY016do,SY,SYR: Heat Wave - 08-2025 - Severe heat wave in Syria ,2025-08-14 00:00:00+00:00,MDRSY016_26676.pdf,2025.0,False,False,Other
MDRMR019,4088,7613.0,26679,DREF Operation,Mauritania - Population Movement (MDRMR019),MDRMR019do,2025-08-20T00:00:00Z,https://go-api.ifrc.org/api/DownloadFile/92183/MDRMR019do,MR,Mauritania Population Movement 2025,2025-08-08 00:00:00+00:00,MDRMR019_26679.pdf,2025.0,False,False,Other
MDRMR019,4088,7613.0,26680,DREF Operation Update,Mauritania - Population Movement (MDRMR019),MDRMR019ou1,2025-12-01T00:00:00Z,https://go-api.ifrc.org/api/DownloadFile/93833/MDRMR019ou1,MR,Mauritania Population Movement 2025,2025-08-08 00:00:00+00:00,MDRMR019_26680.pdf,2025.0,False,False,Other
MDRGQ006,4091,7596.0,26684,DREF Operation,Equatorial Guinea - flood (MDRGQ006),MDRGQ006do,2025-08-24T00:00:00Z,https://go-api.ifrc.org/api/DownloadFile/92207/MDRGQ006do,GQ,GNQ: Flood - 08-2025 - Inondations Guinee Equatoriale ,2025-08-07 00:00:00+00:00,MDRGQ006_26684.pdf,2025.0,False,False,Other
